service,zone,cbd_pt_2024,cbd_pt_2025,do_per_day_2024,do_per_day_2025,fare_pt_2024,fare_pt_2025,mph_2024,mph_2025,pay_pt_2024,pay_pt_2025,pu_per_day_2024,pu_per_day_2025,share_to_crz_2024,share_to_crz_2025,wait_2024,wait_2025,LocationID,Zone,Borough,grp,dist_to_crz_km,pu_yoy_pct,do_yoy_pct
hvfhv,3,0.0,0.031296760546829096,1364.0552486187846,1451.7396121883658,17.812559577095872,17.75697132672646,15.542722331963835,15.599730091489015,14.965279856932062,14.970613341689841,1333.0607734806629,1414.3490304709142,2.310555196366108,2.038270202514787,4.5086198300196365,4.741720014371084,3,Allerton/Pelham Gardens,Bronx,OUTER,14.04358786538753,6.097865799321744,6.428212028682023
hvfhv,18,0.0,0.03895357148385323,2814.6049723756905,2998.1495844875344,17.78346848265672,17.85443073600366,13.85001093218541,13.796732010348238,15.026747229351386,15.262946045094601,2841.546961325967,3042.296398891967,2.828686420905273,2.4824519311753313,4.554603078731235,4.815781764079515,18,Bedford Park,Bronx,OUTER,12.265172921163371,7.064793941407288,6.521149998428433
hvfhv,20,0.0,0.061355071193326796,1877.9060773480662,1944.9196675900278,18.812543844994963,19.14096790178552,14.134649874459077,14.11706224406945,15.629989384256504,15.97493354468437,1818.9392265193371,1911.808864265928,3.984928377902244,3.7721523755982282,4.487633289475767,4.71543398606102,20,Belmont,Bronx,OUTER,11.854884280159219,5.105703169880127,3.5685272575823657
hvfhv,31,0.0,0.13842513474431445,317.4696132596685,317.61772853185596,23.92242428647072,24.337800709872482,15.976946745617226,16.19347182354634,20.25774370048901,20.388168185173576,266.06906077348066,273.93628808864264,9.152070766323702,8.760150064212112,5.005607377496757,5.429497346418003,31,Bronx Park,Bronx,OUTER,11.576606762866446,2.9568365793044116,0.046654944599788806
hvfhv,32,0.0,0.04549585035308009,1450.1436464088397,1501.3130193905818,18.541411676624406,18.483383255947945,15.161430417043755,15.0704213223175,15.863640787728885,15.963146511789194,1483.2486187845304,1557.7202216066482,3.2191918589925055,2.948587768544485,4.471937513519614,4.78273838100324,32,Bronxdale,Bronx,OUTER,13.256495053989182,5.020844238718691,3.5285727112937204
hvfhv,46,0.0,0.058654044041983947,139.3977900552486,157.06925207756234,32.47507947286354,33.552910292469875,21.369272955404128,21.562618731522793,28.11550626226045,28.42567583636322,109.83977900552486,121.13850415512465,4.240229364720085,3.7639203311152274,8.286397781612452,8.644382176480725,46,City Island,Bronx,OUTER,16.617231996068043,10.286551240267405,12.67700299646779
hvfhv,47,0.0,0.04055119315485757,2013.0552486187846,2117.02216066482,17.17642137967128,17.367227388223046,13.23736013603513,13.080078645328706,14.429755355012844,14.728199195889651,2079.685082872928,2171.667590027701,2.856759549761837,2.5520044083207054,4.647049958403312,4.879177153023353,47,Claremont/Bathgate,Bronx,OUTER,9.013573824622684,4.42290555970648,5.164632819559722
hvfhv,51,0.0,0.029907443591287233,2341.229281767956,2450.695290858726,20.697001293349928,20.82401833525206,16.81208948788469,16.818389948956703,18.06258784103822,18.273427755656716,2251.209944751381,2360.4681440443214,2.1708399902814692,1.9995798758169245,5.0902177981478545,5.3962368038201936,51,Co-Op City,Bronx,OUTER,15.779199504257798,4.853310085435258,4.675578335843644
hvfhv,58,0.0,0.0615003733249499,205.3011049723757,219.29085872576178,21.03185314445101,21.21533501002083,17.81280947242349,17.885936057651723,17.61947251267536,17.568256114014748,201.04696132596686,211.4709141274238,4.170158974429437,4.131462778847539,5.6328604474729,5.8704370059816275,58,Country Club,Bronx,OUTER,14.01078582683437,5.18483479317855,6.8142613042771805
hvfhv,59,0.0,0.06568579596959766,84.3646408839779,92.98891966759003,19.05260432262275,19.032167561536852,13.755409188561925,13.68256679544332,16.15200468348113,16.159320479743393,71.95856353591161,79.45152354570637,4.783293024684249,4.204727703786347,4.9226385560794625,5.138356204550786,59,Crotona Park,Bronx,OUTER,9.84769611475649,10.412881582961742,10.222622526743908
hvfhv,60,0.0,0.05029474429842698,1317.7955801104972,1395.9279778393352,17.68812233229907,17.56754951500238,13.81737787336758,13.886505997058462,15.09520313902757,15.160484348604902,1403.1160220994475,1493.8531855955678,3.3805972500039374,3.1864649412829302,4.970885482152706,5.22649247951713,60,Crotona Park East,Bronx,OUTER,9.32977782015618,6.46683254035918,5.929022597138056
hvfhv,69,0.0,0.06587515013570276,3214.8646408839777,3389.6731301939058,18.588479486188312,18.77334015441582,13.213508575915766,13.028738640137085,15.661344115229788,16.012944136246908,3172.9060773480664,3339.545706371191,4.567853511081394,4.121349462829386,4.865258743310786,5.08568408104124,69,East Concourse/Concourse Village,Bronx,OUTER,7.143562691145228,5.251955934428509,5.437506982000384
hvfhv,78,0.0,0.04664638904893027,2679.5303867403313,2806.5595567867035,17.848406719590443,17.928040178201535,13.77005782764625,13.684131429372098,15.168633661089544,15.364738449561914,2738.9198895027625,2875.141274238227,3.2429003246632084,2.9314228567354514,4.6973178674090414,4.944668906250863,78,East Tremont,Bronx,OUTER,10.745929963209996,4.97354396006795,4.740725116422517
hvfhv,81,0.0,0.029058541664560608,1624.7734806629835,1710.4903047091414,18.27554776295966,18.143794711604876,16.61932846027932,16.628759756255867,15.689423112188202,15.620502033609311,1536.53591160221,1644.1163434903046,2.012131759392765,1.8627659108446808,4.949806815750636,5.337367991727093,81,Eastchester,Bronx,OUTER,15.551943681532466,7.001491541835558,5.275616882371903
hvfhv,94,0.0,0.04533549436734292,1248.8121546961327,1271.213296398892,17.502653788042306,17.673778235182947,12.995871996037643,12.963327595782456,14.86839486971131,15.225812667932063,1305.4309392265193,1348.4875346260387,2.9942907445732447,2.8459092365715977,4.60468544096659,4.893173927585687,94,Fordham South,Bronx,OUTER,11.634371489457138,3.2982668102711665,1.7937959378854673
hvfhv,119,0.0,0.08507577762690019,2115.538674033149,2189.240997229917,18.837587529937924,19.08219740413839,14.696644496406943,14.592568844703964,15.877924741133812,16.23592525677958,2086.5,2166.4570637119114,5.7880640211409045,5.357688555423858,4.871514981796568,5.056664580995572,119,Highbridge,Bronx,OUTER,7.834215227057764,3.8321142445200795,3.4838561025338555
hvfhv,126,0.0,0.04622123564592812,2120.8812154696134,2277.842105263158,18.382663038717904,18.350838876011615,14.40183317832062,14.26517090632656,15.78183231191318,15.925174551782307,1955.353591160221,2032.8282548476454,3.3223703728819305,2.927297230636737,5.259894246382731,5.29599527021149,126,Hunts Point,Bronx,OUTER,7.0411171700007715,3.962181778153706,7.400739308202597
hvfhv,136,0.0,0.0595204888201536,1599.9779005524863,1684.1412742382272,18.30906998374085,18.612472407310513,14.212680176280099,14.205664043951277,15.472250946136585,15.879291643215424,1591.96408839779,1678.3019390581717,3.7512298474208343,3.6542673557067804,4.496418416189497,4.790036680589956,136,Kingsbridge Heights,Bronx,OUTER,11.606829160883677,5.423354162924321,5.260283511208419
hvfhv,147,0.0,0.06207132505217774,1257.8093922651933,1327.3296398891966,18.475711015555838,18.496169407091326,13.438170388118104,13.276473446663532,16.01083915096327,16.272345596279532,1310.5524861878453,1372.360110803324,4.160237764006577,4.016777615850729,4.578405287924766,4.734098450387234,147,Longwood,Bronx,OUTER,7.413098436359207,4.716150269972452,5.527089243530292
hvfhv,159,0.0,0.06336752663105007,2968.7983425414363,3110.4792243767315,18.16730320474218,18.333433733314607,12.528872118114261,12.363719869159025,15.447676077919386,15.836133351070313,2839.4558011049726,2977.747922437673,4.395831043027271,3.9602145926340064,4.667356907938838,4.832381354738769,159,Melrose South,Bronx,OUTER,6.934897202103841,4.870374149824208,4.772330939595215
hvfhv,167,0.0,0.057500625868711436,2258.6906077348067,2386.191135734072,17.94797786087587,18.152850506302304,12.471783647632824,12.318450512058138,15.29880572393473,15.680114129000321,2341.046961325967,2445.354570637119,3.8951736898186224,3.5556139573820222,4.673257324243374,4.843161087665543,167,Morrisania/Melrose,Bronx,OUTER,8.073510421491333,4.455596621268643,5.64488680134605
hvfhv,168,0.0,0.10154336341344627,3965.157458563536,4343.518005540166,19.365866799265415,19.508178665569613,14.848627745655522,14.716682503934164,16.342351892192127,16.763832720582243,3894.3839779005525,4248.734072022161,6.582080584947725,6.265513012512119,4.8519305106752055,5.076132262391327,168,Mott Haven/Port Morris,Bronx,OUTER,5.589604793666976,9.099002464380446,9.542131704240052
hvfhv,169,0.0,0.04960366744593805,2849.743093922652,2924.404432132964,17.378909662367665,17.58129779734074,13.64633238787376,13.537149104026536,14.666935690019102,15.027788866160142,2932.9198895027625,3033.351800554017,3.399776023177551,3.1310271770894214,4.655694533908692,4.925474356421526,169,Mount Hope,Bronx,OUTER,10.14140849855962,3.424297793155251,2.6199322447533646
hvfhv,174,0.0,0.04018672265165251,2644.339779005525,2794.0332409972298,18.874150801200884,18.99902721845808,15.53663202175116,15.424876906140302,16.10085708894583,16.385027260870952,2459.533149171271,2612.493074792244,2.664791750669118,2.5097814676972994,4.259361849397199,4.47268690746346,174,Norwood,Bronx,OUTER,13.616270079775967,6.219063389022117,5.660901189029532
hvfhv,182,0.0,0.05913086039700723,1461.4005524861877,1527.4432132963989,19.368804342456492,19.201961867469972,14.794687248601939,14.773011231166485,16.525030091594964,16.505800881343816,1621.6602209944751,1720.4903047091414,4.096477077410266,3.7382244641336215,4.40956778349423,4.690316472279117,182,Parkchester,Bronx,OUTER,11.600949145012201,6.094376764946419,4.519134791474988
hvfhv,183,0.0,0.05265900578936398,747.3232044198895,788.8781163434903,19.082832836698756,19.180425494718296,18.014314881101527,18.400362102900715,16.149554871329705,16.33560764787757,779.6491712707183,823.9390581717452,3.258655082857072,3.4144471863422114,4.585939001905744,4.81402736350521,183,Pelham Bay,Bronx,OUTER,13.96836372233274,5.680745716543334,5.560500688033354
hvfhv,184,0.0,0.06977050446875384,191.06629834254144,195.06648199445982,20.87188403276915,21.417129637758773,18.875105495999158,19.19001043546663,17.613441726563103,17.957009534512125,142.97237569060775,157.7590027700831,4.416879202411315,4.386226756334393,5.6301826333572365,5.894799508689034,184,Pelham Bay Park,Bronx,OUTER,14.615391771823086,10.342296550680263,2.093610273825952
hvfhv,185,0.0,0.048959624210444336,1969.1408839779006,2061.6814404432134,19.31040179742427,19.506406047829,15.162693959760048,15.257215409284731,16.385466692467016,16.695331787582713,1927.2513812154696,2027.421052631579,3.3359850357979832,3.118326435751381,4.567417520550573,4.786938768286332,185,Pelham Parkway,Bronx,OUTER,12.887355366738475,5.197540517674182,4.699539642809603
hvfhv,199,0.0,0.16666666666666666,0.016574585635359115,0.00554016620498615,44.730892857142855,48.04277777777778,18.436766355677864,20.29734676355412,32.05017857142857,36.54833333333333,0.15469613259668508,0.1994459833795014,16.071428571428573,9.722222222222221,10.888988095238094,12.196064814814815,199,Rikers Island,Bronx,OUTER,6.6574916707897644,28.927582113177696,-66.57433056325023
hvfhv,200,0.0,0.15121269858490247,1231.4558011049724,1314.7119113573408,25.881755250541485,26.144543138890207,20.442723937291753,20.364668302879576,20.756223406585377,20.89408048042347,1135.110497237569,1225.6038781163436,9.286461755615585,9.117332628157751,4.861867215034359,5.219269245915908,200,Riverdale/North Riverdale/Fieldston,Bronx,OUTER,14.019898703044452,7.972208969875738,6.760787531120771
hvfhv,208,0.0,0.05076595643300164,2080.7265193370167,2172.4293628808864,20.37530569348911,20.421359648774494,18.042669678576562,18.32601043938085,17.26426672486752,17.269131532204053,1987.1491712707182,2092.869806094183,3.4317187230658877,3.2753340057125766,4.909187748856902,5.138902210012309,208,Schuylerville/Edgewater Park,Bronx,OUTER,11.539124860858525,5.3202163356392385,4.407251154423175
hvfhv,212,0.0,0.052214079216596446,1576.4779005524863,1695.218836565097,17.47978245546585,17.285050713634025,15.939220474869199,16.105629062851705,14.925600055983862,14.942388887754765,1638.1988950276243,1764.0193905817175,3.593590859116264,3.373685441991423,4.633080609962463,4.922552636843092,212,Soundview/Bruckner,Bronx,OUTER,9.540583549351654,7.680416336257601,7.532039362619503
hvfhv,213,0.0,0.0430684935800601,2994.8839779005525,3178.2742382271467,18.69419857243383,18.395290784489063,15.881951785985285,16.0288302232423,15.978703879683202,15.895994875192747,2979.6104972375692,3181.5263157894738,2.9316190424978608,2.778157489871845,5.034570354734079,5.286138890355586,213,Soundview/Castle Hill,Bronx,OUTER,9.348178768519638,6.776584346816561,6.123451248190026
hvfhv,220,0.0,0.0871349051076043,2027.9585635359117,2194.590027700831,19.907940806096285,19.96621851816909,17.080179354539304,16.918931004170826,16.36390133180891,16.50143274606974,2048.8895027624308,2231.4238227146816,5.482015591251426,5.366932160130297,4.385650513614664,4.685660449657182,220,Spuyten Duyvil/Kingsbridge,Bronx,OUTER,13.073970368876228,8.908939193946154,8.216709510789189
hvfhv,235,0.0,0.06854663862516769,2567.0055248618783,2685.5540166204987,18.090045900373067,18.217717792981027,14.212149551581522,14.148802538320492,15.313156663936278,15.706694528759632,2603.524861878453,2727.786703601108,4.518311341615065,4.309298681568875,5.0528087709272995,5.339531666439061,235,University Heights/Morris Heights,Bronx,OUTER,9.715234278878249,4.772831000853195,4.618162703993378
hvfhv,240,0.0,0.06876327316166711,388.8259668508287,401.1218836565097,19.474641657778992,19.625264633660738,17.252594537394078,17.23308198632452,16.869328444377846,17.07098312649323,313.4060773480663,333.9168975069252,4.218486950543396,4.167772763472259,5.008487491386373,5.412542085428888,240,Van Cortlandt Park,Bronx,OUTER,14.869855495417504,6.54448705411661,3.162318840294498
hvfhv,241,0.0,0.061168585507111,2310.939226519337,2427.240997229917,18.734241269113024,18.97636783353962,14.995345034784979,14.8957381067455,15.909897722239378,16.254759697344763,2263.903314917127,2372.354570637119,4.118443064525772,3.864575792251465,4.468761951737122,4.776386087500816,241,Van Cortlandt Village,Bronx,OUTER,13.027560917419061,4.7904543893458,5.032662450658654
hvfhv,242,0.0,0.03149958812363454,2528.914364640884,2667.573407202216,18.32380715901269,18.868803333648074,13.880978898425509,13.828208216109642,15.395937390656057,16.056385266656033,2415.839779005525,2552.3351800554015,2.080307912556859,2.0419082845213716,4.536351632247739,4.7482139669888195,242,Van Nest/Morris Park,Bronx,OUTER,11.56028264930528,5.650018773433074,5.482947327123999
hvfhv,247,0.0,0.07873349010337387,3075.3977900552486,3282.590027700831,18.926820809299226,19.017191184126997,14.29598424587199,14.155699700395669,15.605697507171904,15.905262689144216,3151.693370165746,3346.645429362881,5.5750964359245625,4.90018118776068,5.227946492780252,5.342019087517845,247,West Concourse,Bronx,OUTER,6.502512658558202,6.185629003207338,6.737087420546661
hvfhv,248,0.0,0.05690737493963976,1420.6629834254143,1501.454293628809,17.92335091564343,17.90495905888217,15.928602756662677,15.926725825216677,15.325154453502549,15.522217951092195,1506.2016574585634,1600.5013850415512,3.859365973094664,3.6342489628423227,4.627772770623819,4.934177494027591,248,West Farms/Bronx River,Bronx,OUTER,10.024548467823221,6.2607637640036184,5.686873744580545
hvfhv,250,0.0,0.04457963032791706,1554.657458563536,1678.0166204986149,18.398724961500772,18.255621395731783,15.02928002496569,15.316050755378782,15.691584656306865,15.654847838044466,1479.903314917127,1601.4792243767313,3.129777404451911,2.8211452708195677,4.39445571784224,4.623922176338604,250,Westchester Village/Unionport,Bronx,OUTER,11.28228217137786,8.215125152713942,7.934812987618489
hvfhv,254,0.0,0.03247705392502957,2678.8618784530386,2863.141274238227,18.40582102184677,18.221540610929022,15.77902937095159,15.603678697715317,15.934028985305712,15.941413113512354,2780.795580110497,2962.202216066482,2.4217005348443545,2.092569820125216,4.85195572053099,5.266532989465909,254,Williamsbridge/Olinville,Bronx,OUTER,14.612700034321662,6.5235516502358815,6.879018185573815
hvfhv,259,0.0,0.041722907944276806,1652.8370165745857,1792.02216066482,20.27548554600512,19.95141151363448,18.026201679925975,17.672570478808655,17.56470323697336,17.31247073989294,1592.7845303867402,1734.1357340720222,3.073598479330128,2.680572439031793,5.0633453985615215,5.558912838555604,259,Woodlawn/Wakefield,Bronx,OUTER,16.660799928953814,8.874471153418394,8.420984204400739
hvfhv,11,0.0,0.06218692220232409,695.9502762430939,761.8088642659279,20.321145757479815,20.260412254668694,16.623356022170487,16.38226143687973,17.131762268481864,17.065113280129026,698.0110497237569,762.578947368421,4.08896628146272,3.740405607157517,4.220863654154917,4.437958895868635,11,Bath Beach,Brooklyn,OUTER,9.538943132981965,9.250268698499454,9.46311687357242
hvfhv,14,0.0,0.10751749845758277,3566.2734806629833,3786.130193905817,21.92760064283429,21.907237052053173,16.923531392463506,16.758944552813944,18.115528851592252,18.13599095368494,3418.9060773480664,3645.750692520776,7.028838664430159,6.728358290606603,3.972298134367894,4.230688746801171,14,Bay Ridge,Brooklyn,OUTER,6.408620499781446,6.635005760341484,6.164886524685764
hvfhv,17,0.0,0.13982799901968354,5542.7790055248615,5523.720221606648,20.429912632253515,20.761993156437704,11.618118630874807,11.45922366428882,16.39585973956942,16.909648101621308,5383.986187845304,5346.229916897507,8.771766898255159,8.468390234348487,4.901031770031808,5.126409335971655,17,Bedford,Brooklyn,OUTER,1.967207970725475,-0.7012698329916689,-0.34384888697919225
hvfhv,21,0.0,0.051361005338439576,1584.8066298342542,1733.2880886426592,19.146089513230972,18.883675838953426,14.188841785148382,13.947371545911377,15.973602881755188,15.913251778178308,1606.6022099447514,1773.578947368421,3.1847177564951252,3.18369667417401,4.2549405096626245,4.477696532664851,21,Bensonhurst East,Brooklyn,OUTER,9.750700960899806,10.393159948996434,9.369058408339303
hvfhv,22,0.0,0.06069359063169272,2094.6878453038676,2292.321329639889,19.084317067054393,18.854909152493736,14.234979623736967,14.061916751424208,15.94044754030839,15.863625961605184,2126.046961325967,2355.321329639889,3.900190871185987,3.7109345138197116,4.319301422637142,4.555613820316864,22,Bensonhurst West,Brooklyn,OUTER,8.216547244792872,10.784068860404128,9.434985015982257
hvfhv,25,0.0,0.2528870007174283,3434.770718232044,3481.720221606648,26.157643865221523,26.56500960892954,13.231421040656993,13.155163440659935,20.04868572426516,20.638071018200783,3796.2845303867402,3845.684210526316,15.545368217688857,15.526776787592235,4.645100643891417,4.757713895476197,25,Boerum Hill,Brooklyn,OUTER,1.7617386729427986,1.3012639001150683,1.3668890073329276
hvfhv,26,0.0,0.036568933250155956,3315.6408839779006,3455.7645429362883,17.703920692403226,17.77531767103348,10.713443038412114,10.70184877018964,14.425914558526918,14.562834418798094,3178.6160220994475,3330.332409972299,2.223508441684287,2.1389893948845913,4.847409333149023,5.147270037669674,26,Borough Park,Brooklyn,OUTER,6.449421987071922,4.773032880286188,4.226141004458728
hvfhv,29,0.0,0.04363098726947859,1290.7182320441989,1439.0720221606648,19.50994648625195,19.34652564458785,15.71474535570666,15.494857016135501,16.114374306972845,16.076279673959117,1203.2845303867402,1365.8365650969529,2.694053339271653,2.554622394116824,4.280478103805042,4.475099439856314,29,Brighton Beach,Brooklyn,OUTER,12.698268307768757,13.509027217192582,11.49389436310262
hvfhv,33,0.0,0.41074076539101495,3017.966850828729,3105.4459833795013,28.92807973911628,29.554362400443708,14.36657236532263,14.285089763211749,21.265448407310625,21.888471454242936,3088.524861878453,3121.537396121884,26.140069371027668,25.744115363283417,4.535297618239498,4.627151364417939,33,Brooklyn Heights,Brooklyn,OUTER,0.4314931127489007,1.0688770762671496,2.8986114452102196
hvfhv,34,0.0,0.3723371865761793,734.4751381215469,660.2493074792244,25.922359923553497,26.6728850705664,13.317982193994693,13.05995084880363,19.43022159523206,19.954144805979237,609.9668508287293,564.0941828254847,21.836618238469622,23.487266620178946,5.718035425999461,5.97164925336356,34,Brooklyn Navy Yard,Brooklyn,OUTER,0.41867163229055926,-7.520518195524861,-10.105969118595137
hvfhv,35,0.0,0.02721473657342867,3649.718232044199,3784.537396121884,17.985650203365186,18.254105217203932,12.178288240782987,12.006188206149048,15.236146974618661,15.608761172973002,3885.5883977900553,3972.102493074792,1.858404374288613,1.7365573888246908,5.2995381523653196,5.534439996710735,35,Brownsville,Brooklyn,OUTER,6.635006190380821,2.22653782201796,3.693960889747183
hvfhv,36,0.0,0.12905188563255424,5083.201657458563,5158.141274238227,21.31506370045897,21.547135418769354,12.481065359038638,12.295206158604499,17.054589554285887,17.595784350683772,5186.350828729282,5283.354570637119,8.255519827596768,7.836402520643153,4.527176896020333,4.853218679440897,36,Bushwick North,Brooklyn,OUTER,3.557750674766099,1.8703659877865375,1.4742601578614511
hvfhv,37,0.0,0.14889062826291408,7194.193370165746,7430.113573407202,21.461666787050202,21.996662399950008,12.122677082504886,12.004943609068162,17.433809894263796,18.084552219581834,6998.809392265193,7269.218836565097,9.371404528552409,8.997830948087561,4.598900688349004,4.876465028027996,37,Bushwick South,Brooklyn,OUTER,2.6523004700727992,3.863649217233278,3.279314178846171
hvfhv,39,0.0,0.019237453401396258,4557.555248618784,4767.930747922438,18.375754390923547,18.20598294346515,13.836436739737838,13.552753222356461,15.299627574859175,15.183614451336718,4710.8729281767955,4933.24376731302,1.3677070090586254,1.2133184270209294,5.122824529936213,5.338825648473594,39,Canarsie,Brooklyn,OUTER,8.746344234623637,4.720374387646364,4.6159725516747185
hvfhv,40,0.0,0.2819050204003012,1500.853591160221,1543.3961218836564,25.6649135386531,25.860239077521147,14.318259202542462,14.323745819648574,19.49696991613872,19.756983539671143,1508.6740331491712,1581.9113573407203,17.86135423151573,17.73565412296216,4.09653724852472,4.216767195327069,40,Carroll Gardens,Brooklyn,OUTER,1.8276156909042112,4.854416698527997,2.8345556804477035
hvfhv,49,0.0,0.22809797161636106,4021.7375690607737,4031.97783933518,22.865245678675148,23.288102444921147,12.18946754183701,12.083271092563322,17.70633880245931,18.253974368310416,3964.6629834254145,3994.146814404432,14.733474172384769,14.239257306571181,4.522030523566692,4.663957209736449,49,Clinton Hill,Brooklyn,OUTER,1.7647321480255678,0.7436655045404139,0.2546230354059986
hvfhv,52,0.0,0.3043596470956077,891.7817679558011,920.1883656509696,26.37869998471149,26.71955484563831,13.995994609467736,14.020880514810413,19.79636116935307,20.30690833457946,1011.8453038674033,1018.8504155124654,19.980998558511335,19.27162490993869,4.054947183794149,4.142583702474252,52,Cobble Hill,Brooklyn,OUTER,1.3808103857516836,0.6923105358385806,3.1853754714321836
hvfhv,54,0.0,0.3402145401036446,374.4806629834254,385.4321329639889,25.26242091427553,25.21239996303484,15.118060736927726,15.112142145378035,19.408133131349135,19.598769415595033,372.0,389.67590027700834,22.68609279391671,21.75470772642938,4.365002866462885,4.424609419956266,54,Columbia Street,Brooklyn,OUTER,0.8424794565285791,4.751586095969973,2.9244420508431457
hvfhv,55,0.0,0.05729959806338266,1781.8176795580112,1918.2437673130194,23.393760104932408,22.919793615524146,17.539081477062513,17.313288497334955,20.37723670429231,19.961129503407985,1703.8066298342542,1846.3240997229916,3.7091141383123265,3.3275670907080475,4.786145486035227,5.10187366765079,55,Coney Island,Brooklyn,OUTER,12.971820437191223,8.36465050629609,7.656568307754652
hvfhv,61,0.0,0.09042128384167031,8958.104972375691,9159.024930747923,20.404977630141932,20.811783721148615,11.759389801562557,11.620977954255416,16.619595388742216,17.18819907667794,8511.477900552487,8584.562326869805,5.802499387405048,5.568554259127139,4.969575705622966,5.1580212491514805,61,Crown Heights North,Brooklyn,OUTER,3.6262358772061045,0.8586572998394937,2.2428846166886007
hvfhv,62,0.0,0.082478000840674,2335.4696132596687,2437.091412742382,20.679097781244163,21.264761196041526,11.64905617230204,11.515347585299223,16.918865600638078,17.60754516338317,2348.2624309392263,2425.174515235457,5.199448046104385,5.049069775942103,5.030631025780922,5.26828529132774,62,Crown Heights South,Brooklyn,OUTER,4.5052546807019835,3.2752763610610858,4.351236209872056
hvfhv,63,0.0,0.038624583816604156,1986.5690607734807,2070.1440443213296,19.332666831651363,19.551121302402247,14.194242053616854,13.872855157414932,16.552433752038958,16.91890508056415,2020.389502762431,2104.102493074792,2.522078096094922,2.406721600461307,4.426697598283462,4.6839230781534065,63,Cypress Hills,Brooklyn,OUTER,7.11264774666736,4.143408496129197,4.207001165884883
hvfhv,65,0.0,0.3292112960802519,2841.502762430939,2853.083102493075,26.236165017898397,26.759635807868868,13.942373824991439,13.939020650429221,20.213376941931624,21.005789782815214,3133.0939226519336,3093.858725761773,20.89156923945053,20.26040328306546,5.019138519208292,5.135463502454101,65,Downtown Brooklyn/MetroTech,Brooklyn,OUTER,0.9351695578569514,-1.2522828187975676,0.40754280499901707
hvfhv,66,0.0,0.5292279731701766,2164.185082872928,2276.6315789473683,28.189326858847675,28.494431907943184,13.880924818199627,13.859229404550344,20.509648460348394,21.07735266356955,2394.439226519337,2482.869806094183,34.319388731026194,33.77235260778565,4.7341449054700275,4.796864964752379,66,DUMBO/Vinegar Hill,Brooklyn,OUTER,0.43439953283560584,3.6931645036317073,5.195789258706518
hvfhv,67,0.0,0.10919621893375014,1163.6546961325967,1241.4736842105262,20.596818953594553,20.552659737869526,15.090277331224444,14.92266487717976,17.001331150193394,16.860850965452997,1140.5,1228.1634349030471,7.154223818670206,6.8915819174634105,4.2873635697906165,4.53026561723583,67,Dyker Heights,Brooklyn,OUTER,7.392441614265568,7.686403761775273,6.687463930370474
hvfhv,71,0.0,0.041094526391831074,2803.74861878453,2825.5124653739613,19.047935053123897,19.174925153997094,11.84938612088726,11.685181898556014,15.851972674933673,16.08040784091686,2812.6685082872928,2837.590027700831,2.706479955528754,2.520768862813241,4.978972163824381,5.227780954600731,71,East Flatbush/Farragut,Brooklyn,OUTER,6.637180810407458,0.8860453814627967,0.776241009754508
hvfhv,72,0.0,0.026599119741361078,3150.0801104972375,3219.05540166205,18.154810177319245,18.321378526322157,11.828944565559507,11.657532681747124,15.044656856555743,15.304144307694374,3259.8756906077347,3300.465373961219,1.9502997690824735,1.6775104325084687,5.383090944397252,5.61236940590972,72,East Flatbush/Remsen Village,Brooklyn,OUTER,6.568529725750905,1.2451297903913972,2.1896360963951755
hvfhv,76,0.0,0.019178088374003185,7017.1270718232045,7371.598337950139,18.078689413461944,18.032630494040575,13.754665183948696,13.430376354507562,15.241859088592424,15.393975871126138,6943.118784530387,7365.573407202216,1.3312994423112194,1.1973048230669596,4.7503064889743705,4.954504720998518,76,East New York,Brooklyn,OUTER,7.535415926204967,6.084508068810224,5.051515563260778
hvfhv,77,0.0,0.027847760101235755,1878.4088397790056,1918.1772853185596,18.605689486975173,18.796572382701136,13.103028211201295,12.925722969508309,15.896845828890172,16.265291701377578,1885.9005524861877,1921.9556786703602,1.8503111194440864,1.7479886888067038,4.850780046310398,5.1317104480819165,77,East New York/Pennsylvania Avenue,Brooklyn,OUTER,7.370730382095312,1.9118254213691621,2.1171347098341453
hvfhv,80,0.0,0.23910780272307627,5077.46408839779,5027.285318559557,22.967942401073444,22.861115254683227,13.3232772305611,12.963014949324213,17.752552356619375,18.111407688318074,5196.248618784531,5137.98891966759,15.670676146518792,14.437727987819803,4.563205405689815,4.7129407501221126,80,East Williamsburg,Brooklyn,OUTER,1.769116300757561,-1.1211876757846073,-0.9882643966481974
hvfhv,85,0.0,0.06477459354285525,2040.5,2107.6703601108034,20.46742156731997,20.353135032813377,12.095176155217166,11.922729869664686,17.210607062275294,17.341718827292816,2029.9281767955802,2099.9307479224376,4.355949779133791,4.017940177423078,4.857644486986169,5.066845211519452,85,Erasmus,Brooklyn,OUTER,6.561960886393095,3.44852453042761,3.2918578834012946
hvfhv,89,0.0,0.08483945699482082,5297.444751381216,5459.8421052631575,21.31640635632468,21.20479643062169,12.702791328864043,12.552400091705639,17.891518321206174,18.06105082313712,5102.848066298343,5293.409972299169,5.556695399763213,5.131347659060736,4.505229872668061,4.701724798265879,89,Flatbush/Ditmas Park,Brooklyn,OUTER,6.282985390682821,3.734422493575451,3.0655790008871753
hvfhv,91,0.0,0.029904831438301263,2968.1215469613257,3056.0969529085874,19.57184157163289,19.50663608406557,12.86770622532155,12.631890410950938,16.250087681822293,16.355793258553177,3161.8591160220994,3255.3407202216067,2.009273165221175,1.8384448994109828,4.860988825820066,5.142185768268649,91,Flatlands,Brooklyn,OUTER,8.780479586417835,2.956539199542685,2.964009544599966
hvfhv,97,0.0,0.24864199707282675,4079.6104972375692,4101.559556786704,23.51429941214587,23.86785124810711,12.52339816082081,12.501409233470039,18.269254832882968,18.910957399990362,4254.635359116022,4368.27700831025,15.319268292366207,15.478126101811855,4.809307857656731,4.890151111982073,97,Fort Greene,Brooklyn,OUTER,1.2827728155052491,2.671007961957006,0.5380185084825406
hvfhv,106,0.0,0.16366787955190099,1205.671270718232,1365.9279778393352,22.858054593153554,23.18262523756315,13.129279012978824,13.132509259446943,18.029451476882876,18.63176017343304,1300.4281767955802,1450.2631578947369,10.04089175898291,10.159203124850777,4.144716129409766,4.3835825183008765,106,Gowanus,Brooklyn,OUTER,2.813466725550922,11.521972821933858,13.291907256414625
hvfhv,108,0.0,0.04257128021956076,888.8812154696133,964.4626038781164,19.662745187282432,19.43313941081485,16.425338258693785,16.210503118054895,16.39477781300319,16.2926227183768,880.0635359116022,970.9639889196676,2.933615415762925,2.578469579308338,4.334965169234676,4.511516097034833,108,Gravesend,Brooklyn,OUTER,11.83017755428549,10.328851190716293,8.502979598750105
hvfhv,111,0.0,0.11898064806480647,28.33977900552486,28.31578947368421,21.107641188478112,21.585564806480647,13.32801268051956,13.710410105390583,16.960819913812657,17.406526777677765,24.359116022099446,24.62049861495845,7.3826264459061015,7.504500450045004,3.993745024451268,4.177137644359177,111,Green-Wood Cemetery,Brooklyn,OUTER,4.680171975635799,1.0730380881714519,-0.08464967858773376
hvfhv,112,0.0,0.3295658751612705,6133.737569060773,6447.149584487534,23.292498955489997,23.947110941307784,12.939607180551517,12.782841816803277,17.86893129852946,18.628009269214232,6175.408839779006,6492.764542936288,20.153585465073107,20.345724710395718,4.19827427306253,4.409534424035569,112,Greenpoint,Brooklyn,OUTER,0.7314321442995272,5.139023364947604,5.109641746129556
hvfhv,123,0.0,0.046647302365513656,1861.9475138121547,2030.398891966759,18.478446485895777,18.168195279139645,13.160299675859436,12.923342655603463,14.833068313763961,14.691052619687762,1779.5690607734807,1961.7063711911358,3.1491577202252703,2.8121540408034162,4.191651412731047,4.372548698283678,123,Homecrest,Brooklyn,OUTER,10.474788800845836,10.234911048548456,9.047052986457004
hvfhv,133,0.0,0.10992941540912511,1258.8011049723757,1280.0997229916898,21.331291080817348,21.01001254591317,13.65831146527444,13.552969431327513,17.779491739327376,17.695323118113023,1225.7707182320441,1251.9113573407203,6.9515402419044054,6.709961499314068,4.170298281877587,4.408636650073643,133,Kensington,Brooklyn,OUTER,6.3510777253337665,2.132587988916823,1.6919764317955055
hvfhv,149,0.0,0.03638008633054263,1491.9972375690609,1609.814404432133,18.63658188754991,18.40985989620551,12.925981374058518,12.674948396946133,15.169707362610595,15.135128174080029,1497.3370165745857,1624.240997229917,2.443011165310053,2.179411308243697,4.08547761512452,4.2643575820077855,149,Madison,Brooklyn,OUTER,10.811791998178442,8.47531178689791,7.896607573820558
hvfhv,150,0.0,0.0404808146964232,775.9447513812155,813.0858725761773,21.181285645060616,21.084354413264606,16.735346986008096,16.43737403129008,17.347254550083765,17.16161067452393,672.6850828729282,708.8614958448753,2.669272972173856,2.3939132235764893,4.47412503241898,4.648628954698011,150,Manhattan Beach,Brooklyn,OUTER,13.464932464525674,5.377912175106303,4.78656774581554
hvfhv,154,0.0,0.07417851316709392,103.43093922651934,75.49030470914127,31.426506758653883,30.001910044278723,18.40576969199609,17.354980151976964,27.04517989651438,25.01120065252855,68.87016574585635,59.43213296398892,6.213148289278409,4.507107900256351,6.635828081232493,6.199741941538028,154,Marine Park/Floyd Bennett Field,Brooklyn,OUTER,11.767331688586678,-13.70409476970844,-27.013807209259287
hvfhv,155,0.0,0.030841531603804883,1861.6906077348067,1920.612188365651,21.28863912044003,21.560747208767875,13.989465187671735,13.761157134626579,17.617400052118395,18.000065173988308,1780.9005524861877,1836.9750692520777,2.019742944627307,1.880877270232286,5.008765901016256,5.325370614821541,155,Marine Park/Mill Basin,Brooklyn,OUTER,10.056909560386446,3.148660754111643,3.1649502009647446
hvfhv,165,0.0,0.056195971392046434,1872.5939226519338,1963.124653739612,20.315255268112164,20.16568319800988,12.367534108336383,12.147644387536188,16.553254573126036,16.641871084545485,1884.0552486187846,2004.3628808864266,3.782835895300486,3.303182116573956,4.2055218792887255,4.415988249312608,165,Midwood,Brooklyn,OUTER,8.55467889105911,6.385568170351719,4.8345095000345895
hvfhv,177,0.0,0.048553309355656105,2723.839779005525,2769.5761772853184,19.15305764002832,19.351935004500774,12.300903943503332,12.063603348930323,16.165334708683215,16.543511275720817,2747.6685082872928,2794.2271468144045,3.3426631920985748,3.0180942901669052,5.102256708706894,5.343005306198513,177,Ocean Hill,Brooklyn,OUTER,5.644746285773593,1.6944780051409092,1.6791148522139476
hvfhv,178,0.0,0.06614335159959459,606.889502762431,633.2216066481994,18.93883051967663,18.821370221928767,12.454000579481265,12.433121144128393,15.06086777637228,15.18082993031344,631.1298342541437,658.6675900277008,3.9366391063995554,3.9776431055728216,4.291427155089354,4.520686598436619,178,Ocean Parkway South,Brooklyn,OUTER,8.708703085995149,4.363247350856203,4.338862966966861
hvfhv,181,0.0,0.17722619731550635,6298.812154696133,6507.548476454293,24.308821676252336,24.34557376699571,12.890203214758952,12.756954611030833,18.950489912128692,19.23357061158406,6240.6049723756905,6364.6537396121885,11.097610153428425,10.934350028725127,3.98193729575437,4.106655026774974,181,Park Slope,Brooklyn,OUTER,2.7844647874635746,1.9877682978750588,3.3138997739841303
hvfhv,188,0.0,0.07593138060363984,5096.138121546961,5258.437673130194,20.686223000663112,20.810801825983503,11.63350913766994,11.492313341082982,17.123068276476392,17.522947284899963,4878.240331491713,5023.817174515236,5.075249600350638,4.669392004181742,4.88419820824309,5.123647103562771,188,Prospect-Lefferts Gardens,Brooklyn,OUTER,5.368679414229982,2.984208098230523,3.1847557446885943
hvfhv,189,0.0,0.18236717466471442,2384.1022099447514,2437.02216066482,23.99199257804278,24.26993066296381,12.255560141192657,12.179656528606046,18.587839410337022,19.09834833038892,2375.3618784530386,2417.8337950138502,11.337615321189793,11.110423698326608,4.420152277467726,4.581921611564582,189,Prospect Heights,Brooklyn,OUTER,3.0413502388719955,1.7880187834146577,2.2197014246841063
hvfhv,190,0.0,0.12414348912178852,559.0276243093923,539.9529085872576,23.069315408205323,22.94521449404803,11.751508155861245,11.761013334145336,18.48827259327563,18.914830512022547,395.4447513812155,396.9916897506925,8.648909193788377,7.685920426476129,4.722153115418886,4.890422787749408,190,Prospect Park,Brooklyn,OUTER,4.222615889874451,0.3911895060116022,-3.4121239975750894
hvfhv,195,0.0,0.26592869284200366,1276.5331491712707,1394.2825484764544,27.168524836263284,27.558990556733047,14.572356153771155,14.707458096987216,21.68509025543386,22.11637328185004,1207.132596685083,1320.027700831025,17.11626565853971,16.708916542505193,5.074134492547634,5.2766567958074635,195,Red Hook,Brooklyn,OUTER,1.5589721367957745,9.352336641058677,9.224155234952347
hvfhv,210,0.0,0.03155441180667069,1966.7651933701657,2116.3656509695293,19.00670747856077,18.60749188667547,15.31784396148473,14.957104303684053,15.649009364876314,15.368488820344664,1967.207182320442,2135.6066481994458,2.1792399972476897,1.9387667746713813,4.292219386188437,4.453958649008533,210,Sheepshead Bay,Brooklyn,OUTER,12.342593935562283,8.560331997180203,7.606421859795809
hvfhv,217,0.0,0.10072145096391774,1140.245856353591,1207.8365650969529,17.15778791926196,16.785365448545317,10.488051591586823,10.331530102688763,13.693458906321426,13.518087657142022,1069.279005524862,1140.7451523545706,5.98069128007461,5.7021580392852025,5.351705756466855,5.6581472812166815,217,South Williamsburg,Brooklyn,OUTER,0.8759287733335366,6.683582718864756,5.927731143835158
hvfhv,222,0.0,0.022291356508154805,740.8121546961326,797.5484764542937,19.68822933741044,20.001906448404085,14.792801252263434,14.461241170940122,16.743590890504713,17.106364018719663,776.9198895027624,829.8559556786704,1.5562943341214954,1.3735988623997757,5.288499761536431,5.5083511768743145,222,Starrett City,Brooklyn,OUTER,9.9308843165694,6.81358102568177,7.658665074337678
hvfhv,225,0.0,0.1281242616967062,5494.135359116022,5540.263157894737,21.317714121568986,21.885340207515103,11.585545134367075,11.421019103661536,17.345274563434746,17.969931210613915,5188.196132596685,5241.016620498615,7.949568905617139,7.761810606408962,4.876381635111502,5.1243496619964946,225,Stuyvesant Heights,Brooklyn,OUTER,3.1372132692195307,1.0180896510459059,0.8395824959459341
hvfhv,227,0.0,0.08168302007326593,1644.7348066298343,1784.3130193905818,20.377216116023803,20.320164914872446,13.405272052938702,13.31482046021514,17.423483046709702,17.47084437146688,1527.596685082873,1665.0914127423823,5.209859129459845,5.076044172497663,4.493648339814246,4.811608566066647,227,Sunset Park East,Brooklyn,OUTER,5.280116429723159,9.000721787508347,8.486365838317234
hvfhv,228,0.0,0.12665281427511046,3303.3895027624308,3529.9002770083102,22.944426975282642,22.99976394739147,14.336079727297319,14.287663710319944,18.933656018249906,19.162794519494145,3127.8480662983425,3384.8504155124656,8.188250089862851,7.871802908674876,4.4978292939280875,4.833514935754845,228,Sunset Park West,Brooklyn,OUTER,3.299657045647769,8.21658673204908,6.856919962252772
hvfhv,255,0.0,0.3340026206551132,6061.348066298343,6093.681440443213,25.742853774983626,26.435780108654317,12.480772197610472,12.47957192042918,19.31810685310287,19.932745410269966,6567.6988950276245,6570.432132963989,20.84822463193589,20.258515653523762,4.307294351943451,4.443804949213307,255,Williamsburg (North Side),Brooklyn,OUTER,0.5226323195916436,0.04161637097026549,0.5334353643976941
hvfhv,256,0.0,0.36692615715562926,5161.016574585636,5278.047091412743,24.368289095547485,24.8913040077817,12.40125679226469,12.455066030384026,18.608357137313142,19.18888090818646,5409.823204419889,5493.398891966759,21.605673330078904,21.38255080260015,4.412932690074209,4.576569574593351,256,Williamsburg (South Side),Brooklyn,OUTER,0.551333398809128,1.5448875940823115,2.2675865333081857
hvfhv,257,0.0,0.18842476341597075,1047.1657458563536,1098.5927977839335,24.270893783816845,24.67594446852771,15.006222373855257,15.0319762477953,19.29605298869519,19.817713470907865,948.6022099447514,1016.0193905817174,11.24335311624548,11.607953476578794,4.117048229098531,4.275810370829231,257,Windsor Terrace,Brooklyn,OUTER,4.813051837274152,7.10700227452481,4.911070872120993
hvfhv,1,0.0,0.1875,4644.646408839779,4816.590027700831,82.6842857142857,40.504999999999995,6.564186426819297,10.749409277453053,61.80571428571428,29.927500000000002,0.03867403314917127,0.0221606648199446,0.0,0.0,35.94285714285714,42.59166666666667,1,Newark Airport,EWR,AIRPORT,11.301395138102,-42.69885239414325,3.7019743533933225
hvfhv,4,0.0,1.482206290919311,1736.5994475138123,1561.612188365651,23.566428779437132,24.896428833610546,13.345716713168398,13.678609593567788,18.27089952911571,19.136253261642473,2011.0276243093922,1803.6814404432132,62.01702765964461,60.30356503857146,5.04673357014423,4.974107757811846,4,Alphabet City,Manhattan,CRZ,0.0,-10.310459257733163,-10.076431810379772
hvfhv,12,0.0,1.492904806149168,124.57458563535911,117.48753462603878,31.91274385039187,33.3589935805389,12.84213936873387,13.233388285991147,22.866072398541167,23.47152377734606,71.1988950276243,65.59002770083103,70.76123224955381,69.98057268350368,4.446354349436581,4.637792372881355,12,Battery Park,Manhattan,CRZ,0.0,-7.877744906879669,-5.689002273758115
hvfhv,13,0.0,1.4401834502309143,2660.4944751381217,2537.376731301939,32.769344515132076,35.42391911595738,15.257810590870323,15.53856011381897,22.46176719626113,23.60785850681558,2781.585635359116,2724.3268698060942,68.96668500616724,68.15884784876592,4.524042128789085,4.485103283816606,13,Battery Park City,Manhattan,CRZ,0.0,-2.0584937175816775,-4.627626367455284
hvfhv,24,0.0,0.32342775480379066,851.9640883977901,810.8421052631579,23.955828400111017,24.336926285294886,14.41400629230532,14.344232246285378,18.84709243348917,19.197601515744275,905.743093922652,856.7506925207756,20.85799944491718,17.721727715681553,4.3589443856249215,4.436852470992412,24,Bloomingdale,Manhattan,MN_NORTH,3.8063658163180722,-5.409083627642897,-4.826727287527632
hvfhv,41,0.0,0.17819604152960203,3899.038674033149,3887.157894736842,21.424068466704412,21.08420917090204,14.06826869712308,13.818473315925422,16.861082997808634,16.969945008138698,4215.381215469613,4227.2686980609415,12.40478175164879,10.322703670405309,4.683234742582317,4.971775749406796,41,Central Harlem,Manhattan,MN_NORTH,4.126082591284102,0.28200255169577026,-0.30471047582654176
hvfhv,42,0.0,0.1500762551804706,5371.602209944751,5288.0,19.98962126671356,19.796532305888384,15.02780116621811,14.900716337630081,16.26929564624819,16.406762240146826,5784.621546961326,5759.565096952909,10.316981633049718,8.912549664462777,4.916849339286345,5.222232680899984,42,Central Harlem North,Manhattan,MN_NORTH,5.431837317802808,-0.43315625413005154,-1.5563738094748203
hvfhv,43,0.0,0.9834898177416891,1374.6685082872928,1362.5927977839335,28.558356724705114,30.159730167217006,11.550095979618677,11.655906007986538,19.871606085044412,20.7601147193269,952.2486187845304,942.9252077562327,50.67708303115046,47.99175078438054,4.260232911096843,4.311682033219379,43,Central Park,Manhattan,CRZ_PARTIAL,0.0,-0.9790942033812922,-0.8784452710278834
hvfhv,45,0.0,1.4919351176106848,1457.988950276243,1421.3490304709142,25.882907154432313,26.924573680919224,13.536966731521122,13.689316631231485,19.57284512277135,20.149565051826954,1614.3066298342542,1585.8227146814404,55.992087326888885,54.831767636362365,4.939422036632818,4.829834773652021,45,Chinatown,Manhattan,CRZ,0.0,-1.7644674578173758,-2.513045095327149
hvfhv,48,0.0,1.4941349542375149,5285.541436464088,4933.224376731302,28.91284800237633,30.615080644379216,13.59915533064638,13.839409173623432,21.436229087578354,22.382795894855867,6007.690607734807,5712.986149584488,52.539608531238045,52.648822626974166,4.417306100149194,4.267828410054849,48,Clinton East,Manhattan,CRZ,0.0,-4.9054533163024665,-6.6656758624993095
hvfhv,50,0.0,1.4718747253391147,3120.1325966850827,2852.3905817174514,25.825406999685253,27.25997787645806,13.203407153242518,13.438241864645441,19.199161688276806,19.951272400818652,3598.425414364641,3309.2936288088645,59.195397004521624,59.24438436201246,4.497928057423881,4.429045533843699,50,Clinton West,Manhattan,CRZ,0.0,-8.03495285470095,-8.581110150641935
hvfhv,68,0.0,1.4931394292230227,7104.317679558011,6805.451523545707,30.37544918484892,32.64330057200643,12.005531980427273,12.253728702401943,21.693924939732547,22.671986173660855,6859.386740331492,6398.72299168975,62.9681551030205,62.3749804648521,4.2923714635522305,4.174501312209095,68,East Chelsea,Manhattan,CRZ,0.0,-6.715815364851096,-4.206824208780291
hvfhv,74,0.0,0.16798822020626303,4438.994475138122,4393.792243767313,19.767903831851573,19.69608303440809,14.830795600878508,14.548391829519248,16.305428270052467,16.721608272131167,4546.364640883978,4512.163434903047,11.630444821434647,9.83675396327931,4.962877365830588,5.20225332358172,74,East Harlem North,Manhattan,MN_NORTH,4.055627288576242,-0.7522759101496135,-1.0182988878219335
hvfhv,75,0.0,0.29381817726401743,4315.339779005525,4145.880886426593,22.638386108158237,22.97487733484735,14.904902819035632,14.571561383471302,18.253985559211372,18.868404733775574,4152.602209944751,3981.2908587257616,17.460728212756162,15.373986081714612,4.747874552863014,4.898946741377474,75,East Harlem South,Manhattan,MN_NORTH,2.9988292376919716,-4.12539758344127,-3.926895708267597
hvfhv,79,0.0,1.4933565023537403,7113.383977900552,6461.6537396121885,24.681337547989806,26.47095259145626,12.793369894879401,13.106567140224003,18.162441118866916,19.14993817040611,8372.519337016574,7569.728531855955,61.42807369017029,59.868692620263246,4.323775016978075,4.204209844081217,79,East Village,Manhattan,CRZ,0.0,-9.588401923556289,-9.162028091174623
hvfhv,87,0.0,1.486147493433166,3794.6215469613257,3699.3933518005542,32.832395058861906,35.03764686467457,15.460441323852033,15.594648795462026,23.763002786939776,24.88220273050578,3878.5883977900553,3843.9196675900275,58.6620552416618,57.392723695731284,4.444061656734961,4.469366239771411,87,Financial District North,Manhattan,CRZ,0.0,-0.8938491699655771,-2.5095571187337185
hvfhv,88,0.0,1.4462668979050017,1670.756906077348,1666.7119113573408,34.323959018218154,36.620502382234164,15.51619314282381,15.800591022994272,24.415085361455247,25.55945712767618,1600.7651933701657,1579.6759002770084,58.892760195831755,57.81069436382862,4.631908394995463,4.631992719847294,88,Financial District South,Manhattan,CRZ,0.0,-1.317450752958782,-0.242105521473146
hvfhv,90,0.0,1.4914748362334165,3774.814917127072,3556.509695290859,27.492861764990796,29.51515628441013,12.244619748864565,12.465441700539591,19.64774796732217,20.45494001950563,4277.486187845304,4050.2548476454294,66.01853466369596,65.57680444170265,3.9456626889253092,3.8780855919988935,90,Flatiron,Manhattan,CRZ,0.0,-5.312263563715625,-5.783203325962283
hvfhv,100,0.0,1.4940939136105578,3057.723756906077,2888.4847645429363,32.453101688411664,35.130379223688855,12.954034506716996,13.233106246047726,23.26054162204353,24.509930999240048,3376.4447513812156,3160.268698060942,54.3555326837785,53.96355546751258,4.8364565070606425,4.726251061735629,100,Garment District,Manhattan,CRZ,0.0,-6.402475658215401,-5.53480320061297
hvfhv,104,,,0.008287292817679558,0.00554016620498615,,,,,,,,,,,,,104,Governor's Island/Ellis Island/Liberty Island,Manhattan,MN_NORTH,1.6982563264072603,,-33.14866112650046
hvfhv,105,0.0,0.9583333333333334,0.27071823204419887,0.23268698060941828,37.8228947368421,39.86972222222222,15.815528772928944,21.019008896582264,27.445526315789476,27.45611111111111,0.10497237569060773,0.0997229916897507,68.42105263157895,50.0,8.916666666666666,9.644444444444444,105,Governor's Island/Ellis Island/Liberty Island,Manhattan,MN_NORTH,0.7432900259635016,-5.000728969237489,-14.048278591214869
hvfhv,107,0.0,1.4922123551560083,4518.9309392265195,4137.595567867036,25.19324184811459,27.360524199040682,12.560386102163553,12.783900537907554,18.32780744032347,19.434146660926423,4995.624309392265,4555.4792243767315,63.692037672747865,62.39376891120127,4.147210580192314,4.08954082700767,107,Gramercy,Manhattan,CRZ,0.0,-8.810612202923618,-8.438619144393355
hvfhv,113,0.0,1.4931754191497661,3415.2016574585637,3155.8005540166205,26.781919348546214,28.86140656658311,11.413290675266348,11.71932590758875,18.94102321655307,19.783453562338515,3894.3922651933703,3586.1080332409974,66.44991736240664,65.52022462796958,4.178223139402598,4.0649313029087,113,Greenwich Village North,Manhattan,CRZ,0.0,-7.916106312856641,-7.595484233718064
hvfhv,114,0.0,1.4931153132261075,3707.453038674033,3388.786703601108,25.91495673604144,28.022232441862396,11.514088493331464,11.869347955256048,18.29703691496149,19.295719778471714,4022.9088397790056,3674.2991689750693,66.4259870781498,64.85824270104085,4.421214407104167,4.226053997017718,114,Greenwich Village South,Manhattan,CRZ,0.0,-8.665611990926614,-8.59528985933955
hvfhv,116,0.0,0.1863744297110536,2821.9475138121547,2777.5540166204987,21.246472709535848,21.092984178650518,15.569360194933905,15.440222783983824,17.43245424703406,17.52008935956123,2894.024861878453,2907.1135734072022,12.925946678095562,11.138977081721405,4.606349227779679,4.916024779544254,116,Hamilton Heights,Manhattan,MN_NORTH,6.328003802520556,0.45226672725449113,-1.5731510587766007
hvfhv,120,0.0,0.13939845423223765,97.34254143646409,86.31855955678671,20.642959209851206,20.780101964801194,16.470949212118267,16.37926450715131,17.346470412177183,17.677074681069,64.60773480662984,59.49584487534626,9.393706174106379,8.608809013874662,4.648092772384035,5.018764886548828,120,Highbridge Park,Manhattan,MN_NORTH,7.767141004438537,-7.912194950934904,-11.32493739838587
hvfhv,125,0.0,1.4927358456321824,1988.3176795580112,2023.4709141274238,30.030957523704238,32.8862051161376,12.514097311147383,12.84227393191986,20.61586420741179,21.918978149333547,2208.966850828729,2213.083102493075,67.27239303391751,65.63123104479405,4.283078730608232,4.162776464371083,125,Hudson Sq,Manhattan,CRZ,0.0,0.18634284452034855,1.7679888345220052
hvfhv,127,0.0,0.12641570553085896,2299.03591160221,2348.518005540166,20.60238788525644,20.713959660386067,16.583334526889725,16.522001381095162,17.108349111262278,17.440854867994986,2205.157458563536,2317.443213296399,7.9964473039722295,7.590632048644688,4.2096910602803765,4.424310899061474,127,Inwood,Manhattan,MN_NORTH,10.952612943373117,5.091960861879108,2.1522975647418896
hvfhv,128,0.0,0.14804250476626812,221.27624309392266,231.80886426592798,22.549453736964537,22.480931084935637,16.44957395673197,16.035182403794476,18.149596949029164,18.347169354004404,174.56629834254144,187.43213296398892,8.762046429193107,8.749242569794422,4.145950561630112,4.305987862005995,128,Inwood Hill Park,Manhattan,MN_NORTH,11.777043342932085,7.370170957169275,4.75994215408595
hvfhv,137,0.0,1.4881538202109394,3589.6629834254145,3347.6620498614957,23.615967034558537,25.05214124628676,13.789457501789546,14.16565862682141,18.414354024693,19.45344777103263,3509.6187845303866,3252.565096952909,57.1557094079255,55.10800765813643,4.563957435140311,4.478306395322251,137,Kips Bay,Manhattan,CRZ,0.0,-7.324262358935185,-6.74160595803317
hvfhv,140,0.0,0.8227676949934973,3925.513812154696,3855.9002770083102,26.458317950814227,27.491228649427637,14.17703412283226,14.137065042854902,20.35423334186192,21.432044648052898,3703.290055248619,3546.3573407202216,39.62506088732507,36.91541006143403,4.498270498279006,4.5017180560410095,140,Lenox Hill East,Manhattan,CRZ_PARTIAL,0.0,-4.237656575292526,-1.7733611057701326
hvfhv,141,0.0,0.8985382729388298,3621.2265193370167,3507.434903047091,26.084265488279453,27.142769011801857,13.287966280498598,13.294932374369901,19.128525541663407,19.924119729332894,4122.124309392265,3999.556786703601,43.12371792423179,40.526443373226954,4.158280837609236,4.117373176767943,141,Lenox Hill West,Manhattan,CRZ_PARTIAL,0.0,-2.97340675557487,-3.142350131434435
hvfhv,142,0.0,1.0458237887092607,4213.6049723756905,3977.387811634349,28.851738872266857,30.694779024964827,13.215387514967233,13.292900683313183,20.577770710214413,21.543160843732206,4317.270718232045,4042.584487534626,44.231955425081836,42.63988712960977,4.268849254432174,4.176648285012796,142,Lincoln Square East,Manhattan,CRZ_PARTIAL,0.0,-6.3624972494174425,-5.6060585244695815
hvfhv,143,0.0,0.9766269847021226,2513.0690607734805,2422.083102493075,26.272316872854006,27.66826617111013,13.651043087386359,13.741219100816702,18.998749253757115,19.818613869906454,3202.0441988950274,3058.016620498615,46.099435788601895,45.000289869776005,4.411781652639156,4.312174476528044,143,Lincoln Square West,Manhattan,CRZ_PARTIAL,0.0,-4.497988455191038,-3.620511656468428
hvfhv,144,0.0,1.4932932883785863,3965.6629834254145,3709.351800554017,27.31595236377714,29.335790234293988,11.680894893372772,12.039812403726042,19.061174662944456,19.949664480301724,4595.370165745856,4287.886426592798,64.23526201004614,62.86601370736475,4.551531489583428,4.4107120015134615,144,Little Italy/NoLiTa,Manhattan,CRZ,0.0,-6.691163672625522,-6.463261854137792
hvfhv,148,0.0,1.493638897268147,5287.389502762431,5019.789473684211,26.51959439167995,28.117287275068207,13.562843508633216,13.90264789584848,19.190108878411625,20.05508291947616,6575.077348066298,6299.540166204986,54.348876428569625,52.95439934498143,4.78290547502208,4.572301720037824,148,Lower East Side,Manhattan,CRZ,0.0,-4.190630273609575,-5.061099223698406
hvfhv,151,0.0,0.35876460221668544,1739.864640883978,1651.6232686980609,24.723559188408817,25.385084306035353,14.878908596671925,14.831513405361516,19.111704089780766,19.718270623853755,1909.624309392265,1777.753462603878,21.38513259383987,19.269082800820858,4.439571773315337,4.481371085598861,151,Manhattan Valley,Manhattan,MN_NORTH,3.085800995570948,-6.905591122808586,-5.071737772720297
hvfhv,152,0.0,0.2242536025328691,1519.5828729281768,1491.1883656509694,21.39257043596966,21.381996212532176,15.188937353570903,15.03758801656874,17.537591593123107,17.75400084823498,1440.8093922651933,1404.2520775623268,14.37114267801439,12.854310710446113,4.67470393248893,4.928732569943072,152,Manhattanville,Manhattan,MN_NORTH,5.435832885186418,-2.537276262850585,-1.8685724736086429
hvfhv,153,0.0,0.04637104197349043,499.0110497237569,511.8531855955679,16.98460634772462,17.146389773564064,14.58027025013871,14.464293825551954,14.034749031505251,14.315503451767304,591.8508287292817,601.8836565096952,2.993232205367561,2.9404455081001473,4.468376906675927,4.856195126397573,153,Marble Hill,Manhattan,MN_NORTH,13.097474457859457,1.6951615666322972,2.573517335722353
hvfhv,158,0.0,1.4857826178631952,3497.1408839779006,3321.249307479224,28.20947579666188,30.986740142599427,11.389671804633446,11.573259113429645,19.386049151168642,20.447350133931014,3766.146408839779,3547.119113573407,72.81003707792232,72.42590842711107,4.199722556858938,4.073565166843442,158,Meatpacking/West Village West,Manhattan,CRZ,0.0,-5.815687216839949,-5.029582231145479
hvfhv,161,0.0,1.4935678543175426,6872.939226519337,6812.853185595568,33.038254124540245,36.44188745625799,11.602009796788323,11.623838896524166,21.964735310686933,23.36514986201997,7075.792817679558,7069.753462603878,56.457566592502566,56.45547866706946,4.844639123945531,4.6260331328112825,161,Midtown Center,Manhattan,CRZ,0.0,-0.08535234469542186,-0.8742408297737647
hvfhv,162,0.0,1.4932226689189962,5398.099447513812,5285.160664819945,31.19340169747796,34.11588471173922,12.473916343857109,12.65940254046951,21.262599596077585,22.48483013552943,4843.389502762431,4834.2271468144045,51.909391795047874,50.82244796453727,4.219536752852406,4.044755043970741,162,Midtown East,Manhattan,CRZ,0.0,-0.18917239554656629,-2.092195295621746
hvfhv,163,0.0,1.4943814513865716,4586.176795580111,4518.692520775623,34.04624940728912,37.17458276337567,12.064641926453008,12.05513240834487,22.923194828836,24.20537880729869,5068.480662983426,5014.060941828255,53.477618692057405,53.38897372265032,4.2674344462089255,4.096393383903061,163,Midtown North,Manhattan,CRZ,0.0,-1.0736890357028295,-1.4714712888854398
hvfhv,164,0.0,1.4942293072553452,5828.848066298343,5492.6952908587255,30.135528311424597,32.78010954306104,13.082217895883675,13.36888306757151,21.06305500660665,22.279584467737234,6453.82044198895,6143.3739612188365,58.57856261420385,57.713871396247924,4.462823725202304,4.393260393093603,164,Midtown South,Manhattan,CRZ,0.0,-4.810274527477243,-5.767053311669079
hvfhv,166,0.0,0.30959196035415115,2963.240331491713,2945.5041551246536,24.424697488630343,24.845411214787063,14.493092414210503,14.433601459835238,19.158924833673503,19.47917013212145,2750.3646408839777,2647.8199445983378,19.546177704212,16.93621366241815,4.225583278623438,4.317399507418958,166,Morningside Heights,Manhattan,MN_NORTH,4.122225892602416,-3.728403672782876,-0.5985399219418319
hvfhv,170,0.0,1.4928338953307452,5968.124309392265,5627.429362880886,26.956000451799824,28.787313313982246,12.878499717031012,13.197220770076148,19.27857071081062,20.16522956531498,5674.052486187846,5430.1108033241,59.75729391379873,58.79965514954573,4.3910947291554825,4.288813765788445,170,Murray Hill,Manhattan,CRZ,0.0,-4.299249671333937,-5.708576578661639
hvfhv,186,0.0,1.493704396081742,5405.453038674033,4912.83379501385,29.514792216325645,31.185046675910694,12.090896215290254,12.336649460685758,21.49464584109147,22.15702134745818,3842.5801104972375,3717.803324099723,60.46890973059941,60.579065915520665,4.375755091266857,4.237166300335301,186,Penn Station/Madison Sq West,Manhattan,CRZ,0.0,-3.2472136639818294,-9.113375699236926
hvfhv,194,0.0,0.36208235434670066,256.4226519337017,284.7174515235457,32.49897622987814,33.347501692485366,16.92538705017486,16.75698378381899,38.50918058271902,39.27985524272231,110.17127071823204,139.1191135734072,21.39060227671631,22.115805822149657,7.617149580259476,7.566913973692758,194,Randalls Island,Manhattan,MN_NORTH,3.4010467337184376,26.275309948280935,11.034438407243252
hvfhv,202,0.0,0.3374569340854882,524.378453038674,495.5678670360111,29.627424432311706,30.55815261424299,14.053577770402402,14.13383218425153,24.513176882987963,25.00436369716932,445.2486187845304,438.9972299168975,19.69661248293833,18.579865975088026,5.854430886558627,6.2716224041013895,202,Roosevelt Island,Manhattan,MN_NORTH,0.27661789471054415,-1.4040220685464178,-5.494235286692472
hvfhv,209,0.0,1.4854814616907326,1371.867403314917,1269.3240997229916,30.757211418362942,32.65458751806468,15.086858599157804,15.208793481166262,22.277860703390537,23.32756496200851,1459.7016574585634,1368.5817174515234,57.02425380195756,55.790615676701925,4.687331478850859,4.8206919574180045,209,Seaport,Manhattan,CRZ,0.0,-6.242367372911383,-7.474724112851183
hvfhv,211,0.0,1.4936558226965406,3417.941988950276,3272.781163434903,28.659876897010403,31.089547669692674,10.857427778721885,11.11304698947375,19.575812781029718,20.5913745597812,3603.1906077348067,3471.8947368421054,69.2661123697153,68.36440462949813,4.206161019124631,4.033000175937052,211,SoHo,Manhattan,CRZ,0.0,-3.6438780288462813,-4.247024261519283
hvfhv,224,0.0,1.4905689655920793,1194.1906077348067,1066.792243767313,24.379717438607397,26.037050346596754,13.603931069641726,14.017997536264534,18.497765425862607,19.4759264138413,1421.878453038674,1276.360110803324,65.79790954305254,64.48891628288546,5.17824266185507,5.192816141622938,224,Stuy Town/Peter Cooper Village,Manhattan,CRZ,0.0,-10.23423218238979,-10.668176683213781
hvfhv,229,0.0,1.492879034995881,3072.6243093922653,2833.185595567867,26.25925979701104,28.03756079745945,12.534145329232413,12.597812890335646,19.037651137234015,19.993354517778872,3732.8867403314916,3500.4515235457066,49.86402033589752,48.83256057983814,3.9683425847653093,3.850404053367557,229,Sutton Place/Turtle Bay North,Manhattan,CRZ,0.0,-6.226688162661587,-7.792645299735879
hvfhv,230,0.0,1.4952093561605937,6947.013812154696,6641.324099722991,35.20264334476653,38.51235358688131,13.439592999550436,13.540512373042281,24.044055705886446,25.527516233633957,7325.767955801105,7139.08864265928,53.170825150607406,53.05332004248003,5.072855268136335,4.876365668035919,230,Times Sq/Theatre District,Manhattan,CRZ,0.0,-2.548255886183215,-4.40030379523445
hvfhv,231,0.0,1.4878984792023366,6258.53867403315,6072.487534626039,29.97759338806749,32.18012819015004,13.145008625312839,13.326498159515651,20.78283420291054,21.826063873501855,7083.6270718232045,6876.038781163435,66.4494381058491,65.93324604693322,4.150718699926243,4.030874123687817,231,TriBeCa/Civic Center,Manhattan,CRZ,0.0,-2.9305366947605327,-2.972756886188821
hvfhv,232,0.0,1.4849741973362998,2551.1104972375692,2342.9972299168976,25.041237760421907,25.99688100903351,13.88617148813206,14.248208383189674,19.21871578691182,19.874613701677948,2882.991712707182,2689.279778393352,57.86384807831797,55.989205113150604,5.443367750285353,5.375810490064083,232,Two Bridges/Seward Park,Manhattan,CRZ,0.0,-6.719129072068375,-8.15775198863491
hvfhv,233,0.0,1.4875012239182004,3364.013812154696,3094.387811634349,26.480672804888517,28.02006817738627,12.892572510951886,13.27370952086474,18.98652604891145,19.66170537265121,3572.6988950276245,3366.645429362881,59.859106468097146,59.10056205614966,4.312129821327913,4.270713962413168,233,UN/Turtle Bay South,Manhattan,CRZ,0.0,-5.767445612377875,-8.015008723987616
hvfhv,234,0.0,1.4928442576229504,6014.03314917127,6024.335180055402,27.462735025182138,29.943624773440966,11.421551794618578,11.594713706114865,19.185214695571386,20.21489529290958,6496.864640883978,6487.825484764543,66.06722749817698,65.23563204894742,4.24126516940436,4.161463103067819,234,Union Sq,Manhattan,CRZ,0.0,-0.1391310519623934,0.17129986863393398
hvfhv,236,0.0,0.6343782936398983,4574.671270718232,4392.484764542936,28.19713289955241,29.572354731896915,13.259319825082141,13.18621827420775,19.78282686943356,20.69001279181729,4570.290055248619,4378.664819944598,36.022472792991,33.94639583272706,4.167006585909898,4.154930446656212,236,Upper East Side North,Manhattan,MN_NORTH,1.4464198032718019,-4.192846252371973,-3.982504870709369
hvfhv,237,0.0,0.9895927441687894,5011.953038674033,5156.822714681441,28.732101050727444,30.59291042859524,11.615094415565727,11.66576934978021,19.63655461565266,20.567610751849905,5057.795580110497,5166.462603878116,44.84554776227496,43.57487803557249,3.9233360039075493,3.835574945002676,237,Upper East Side South,Manhattan,CRZ_PARTIAL,0.0,2.148505649278243,2.8904835079167857
hvfhv,238,0.0,0.45202880361991926,3038.472375690608,2904.288088642659,26.401616870605203,27.462932617219916,14.937536609105772,15.060950981763233,19.654045659799596,20.5549521629179,3267.3784530386743,3087.869806094183,25.976947744783313,24.108543752203467,4.309059522254458,4.290071475780805,238,Upper West Side North,Manhattan,MN_NORTH,2.1882921517520453,-5.493965560602499,-4.416175974528979
hvfhv,239,0.0,0.6496649499424549,3743.5414364640883,3551.434903047091,27.85559793096424,29.49374083685491,14.180763485971033,14.39940643900414,20.176003562177073,21.240704145763072,4013.9337016574586,3740.2936288088645,35.811303718263176,33.58684269384986,4.1998686197590205,4.117323847936957,239,Upper West Side South,Manhattan,MN_NORTH,1.053500264468313,-6.817254423898456,-5.131679097919872
hvfhv,243,0.0,0.17800905769782702,3194.9475138121547,3159.825484764543,21.820257069793428,21.982614563013925,16.566570162327213,16.543615956467107,18.156232624802158,18.35199649593896,3322.828729281768,3416.692520775623,11.58751114007901,10.784432953415932,4.403451037936512,4.7025882533999654,243,Washington Heights North,Manhattan,MN_NORTH,9.482361477194551,2.8248158163163506,-1.0992990932018332
hvfhv,244,0.0,0.1813623706044304,4973.958563535912,4874.409972299169,22.0192955006047,22.100048178937683,16.75867717507034,16.630441530217837,18.269243402096496,18.58302111343637,4712.174033149171,4747.997229916898,11.692647526947656,10.637755414587986,4.350185713556645,4.660850174678326,244,Washington Heights South,Manhattan,MN_NORTH,7.757100819379136,0.7602265221046123,-2.0013956683622935
hvfhv,246,0.0,1.4754046567148686,6720.657458563536,6425.326869806094,28.85985047137377,31.224943829214844,11.155555444312801,11.397965492557065,20.108066022767883,20.99655664761509,6624.870165745856,6404.83379501385,68.39266734300641,68.36214856767201,4.598744956115251,4.52888483332927,246,West Chelsea/Hudson Yards,Manhattan,CRZ,0.0,-3.3213688000968244,-4.394370499885081
hvfhv,249,0.0,1.4930034834520578,5222.046961325967,4878.398891966759,26.130896994738734,28.166185032898113,11.504972231553767,11.6854151562955,18.510776378848732,19.392854679691332,5845.917127071823,5378.814404432133,68.95873873345991,68.37454010604856,4.346919118724786,4.169354298258796,249,West Village,Manhattan,CRZ,0.0,-7.990238528640559,-6.580715797928205
hvfhv,261,0.0,1.4579459455531698,2394.6767955801106,2343.462603878116,35.30310020626469,38.59016656917635,14.966758689945657,15.194610799577017,24.8880443708927,26.38041518765979,2303.53591160221,2287.321329639889,59.585072192641626,58.03386850069575,4.706889946650274,4.783322076477724,261,World Trade Center,Manhattan,CRZ,0.0,-0.7038996822516741,-2.138668224309903
hvfhv,262,0.0,0.6438524481031053,2003.3591160220994,1901.6232686980609,26.117904872918036,26.847784324988492,15.337528019427067,15.198689468690556,19.370553542334186,20.181166540498666,2329.596685082873,2184.573407202216,37.99035709119023,34.861044011711435,4.745499048705552,4.7276537573712485,262,Yorkville East,Manhattan,MN_NORTH,1.6153140925887197,-6.225252585964169,-5.078263128681937
hvfhv,263,0.0,0.6111168248680541,3218.1077348066297,3119.808864265928,26.058003627239994,26.872743832487146,15.479103593381383,15.247870999398113,19.594076094864562,20.429654398533714,3436.245856353591,3312.8642659279776,33.251066587026024,30.921514719752764,4.341716531761535,4.3513058676463245,263,Yorkville West,Manhattan,MN_NORTH,1.6153135157261183,-3.5905926287981393,-3.054554994461922
hvfhv,2,0.0,0.057692307692307696,1.6132596685082874,1.7977839335180055,28.515088757396448,30.17743076923077,18.07537987917232,18.14594799072718,23.996252465483234,25.677553846153845,1.4005524861878453,1.8005540166204985,4.733727810650888,3.3846153846153846,8.236528326745718,8.532998971193415,2,Jamaica Bay,Queens,OUTER,13.012192054988589,28.560267064422185,11.437976700944862
hvfhv,7,0.0,0.19278720648237846,6164.654696132597,6265.160664819945,19.90267319422895,19.876869211571027,14.591200176582825,14.467150198191776,16.329597501688475,16.515664057621144,6192.469613259668,6276.551246537396,10.006673584116156,9.330599977491742,3.724845239811487,3.9026016870495135,7,Astoria,Queens,OUTER,1.865197811821603,1.3578045356522628,1.6303584489558043
hvfhv,8,0.0,0.10854666397903648,28.15745856353591,37.43767313019391,21.151720309635362,21.003961902842168,14.228148059387115,14.013819599874646,17.506779384803423,17.60915541221528,27.12154696132597,27.484764542936286,7.761254838052556,6.57125579520258,4.164042879019909,4.298797598569935,8,Astoria Park,Queens,OUTER,3.3031196438951453,1.3392214762979693,32.95828189080932
hvfhv,9,0.0,0.048832085662844686,563.1602209944751,598.4986149584488,20.908552288532082,20.678948877096563,17.853164506844045,17.79660904393708,16.984717983255017,16.901476594333364,541.4337016574585,584.6537396121884,3.2163429405252066,2.9688240310812093,4.405875335211034,4.680994399985868,9,Auburndale,Queens,OUTER,13.671967616898442,7.98251712488951,6.275015998390332
hvfhv,10,0.0,0.031102884700792626,1793.9254143646408,1905.7063711911358,19.660516526030325,19.982705994074895,15.717813127543051,15.351788968128265,16.126734154711897,16.442713518018277,2010.7237569060774,2120.6537396121885,2.0385172321887337,1.9929306281970227,4.421170010852269,4.594547334778994,10,Baisley Park,Queens,OUTER,14.723504655236605,5.467184755168031,6.231081623094381
hvfhv,15,0.0,0.06083939904621894,452.0303867403315,486.4681440443213,24.17715249723099,24.228656579057454,20.660365032962147,20.53272558105511,19.815362276158343,19.88816241767961,431.47237569060775,463.52908587257616,4.165359523154047,3.8611399954581853,5.46111888843824,5.912023696239182,15,Bay Terrace/Fort Totten,Queens,OUTER,13.22656513412801,7.429608936298404,7.61846068631058
hvfhv,16,0.0,0.043154895327401195,1229.9364640883978,1329.5096952908586,21.230141975249975,21.06920517491356,19.61045512222966,19.43259967310222,17.24776555906169,17.10666556596243,1162.5635359116022,1266.7119113573408,2.931937421586891,2.6871762125423424,4.465742997493734,4.809848657886547,16,Bayside,Queens,OUTER,13.869873468582744,8.958510415009059,8.095802841024181
hvfhv,19,0.0,0.03376022705373254,463.61049723756906,474.52908587257616,23.666849880023996,23.15022757931989,21.752833260184936,21.29218964423271,19.901017608978204,19.496944877567348,442.0773480662983,474.34072022160666,2.705708858228354,2.109941192616082,4.875241081364695,5.352155004209379,19,Bellerose,Queens,OUTER,18.137400083424964,7.298128324473607,2.3551210984362303
hvfhv,27,0.0,0.08309304646778308,73.56629834254143,75.48753462603878,37.53698588878353,39.702400465786845,20.76116503929176,21.242591094918726,32.38050086452117,33.691772762559616,49.527624309392266,49.95567867036011,4.841318534218305,4.890761894199844,9.720295876072049,10.159640344318554,27,Breezy Point/Fort Tilden/Riis Beach,Queens,OUTER,16.938897375695422,0.8642739621304019,2.6115712313696138
hvfhv,28,0.0,0.04951962102968004,1500.1187845303868,1612.3961218836564,19.82210427421429,19.829705342813213,16.24343365764121,15.930295514189742,16.586730696270237,16.708963248857064,1536.3232044198894,1641.421052631579,3.303431274712352,3.0555916517172306,4.40768126087795,4.691956386282207,28,Briarwood/Jamaica Hills,Queens,OUTER,12.164922223675745,6.840868373876718,7.484563123340804
hvfhv,30,0.0,0.03694207713419038,39.49171270718232,43.02493074792244,25.244263017260057,26.36193774375271,19.69446225109582,19.46870220885581,21.65588719578248,22.3963614040156,38.251381215469614,38.35457063711911,2.2893045425001803,2.210024555828398,8.361066003462316,8.72954929163914,30,Broad Channel,Queens,OUTER,16.941728854053622,0.2697665244249192,8.946732867570795
hvfhv,38,0.0,0.0368506525269522,595.7375690607735,665.0831024930748,22.93323842512909,23.237324854722257,19.132510763658544,18.693022991102687,19.381973838209973,19.540906885284393,641.9889502762431,707.8808864265928,2.1643717728055076,2.2504842591324423,4.792268104700697,5.164772151513588,38,Cambria Heights,Queens,OUTER,18.983948428762954,10.263718109477882,11.640282069440389
hvfhv,53,0.0,0.055117180960118126,991.0580110497237,1071.5484764542937,22.88721023585523,22.936644993426665,17.52368881045564,17.435481601749554,19.73435773160316,19.90274737821496,929.0276243093923,1009.2825484764543,3.6207880871106246,3.499921778724362,5.064811666761944,5.619011385334739,53,College Point,Queens,OUTER,8.161390862182063,8.63859395211426,8.121670427679085
hvfhv,56,0.0,0.07667720667384284,1700.5939226519338,1871.1495844875346,19.32629805300488,19.118251076426265,14.734745841262493,14.593138781504146,16.14203193676632,16.23733300592034,1882.3453038674033,2058.7257617728533,4.749863884979506,4.494483315392896,4.625008413527469,4.906134615786172,56,Corona,Queens,OUTER,7.815425066552785,9.370249844333278,10.029182132418391
hvfhv,57,0.0,0.05789555486478085,126.83701657458563,139.29639889196676,20.167074703092702,20.321631609850446,17.071043975950086,16.898036112743437,16.79647156580601,17.207719061927953,136.3038674033149,160.404432132964,3.009606420493697,3.6110247642731323,5.132300451269066,5.489612660738833,57,Corona,Queens,OUTER,8.706485217427486,17.681497369650543,9.823143632564445
hvfhv,64,0.0,0.06492435068283268,381.6767955801105,409.1191135734072,25.53314530786646,25.580600627587327,21.80871488749548,21.637227821038888,21.024472115047356,20.963218594852606,346.5303867403315,376.06094182825484,3.979464940531233,3.963670649243507,5.753821660382696,6.40301154334497,64,Douglaston,Queens,OUTER,16.863832439991235,8.521779393058448,7.189936174031009
hvfhv,70,0.0,0.10646809882294223,1250.2237569060774,1390.4847645429363,21.631073838326497,21.50330853401544,15.968548246284511,16.05353402214165,17.25593705418231,17.35511406646425,1518.0994475138123,1598.426592797784,7.097781465630186,6.635853817465929,4.078814282676804,4.398768164099831,70,East Elmhurst,Queens,OUTER,6.997427219343396,5.291296654874844,11.218872370811628
hvfhv,73,0.0,0.04718725524235549,623.1298342541437,668.3795013850415,19.11122523860296,19.03612001098129,14.967341657228053,14.887061597841678,16.11530883489236,16.259723368349654,639.9475138121547,686.1329639889196,3.086838095320317,2.895911891285215,4.336486347378143,4.749491189691013,73,East Flushing,Queens,OUTER,11.665028772082074,7.217068459511489,7.261675600087347
hvfhv,82,0.0,0.06661627772525387,4380.375690607735,4754.975069252077,18.396861413807056,18.141865909868994,13.365595200584103,13.2459017071594,15.45090032082855,15.536099606864232,4473.052486187846,4887.191135734072,3.9745066373525932,3.7923204759346043,4.46921417767234,4.682346756305335,82,Elmhurst,Queens,OUTER,5.801648201921937,9.258524258882005,8.551763709390192
hvfhv,83,0.0,0.11037378625791869,1431.4337016574586,1595.9639889196676,18.037090433340953,17.916984877742596,14.319638343974997,14.247273482429856,14.997259477759647,15.151741580548572,1426.2817679558011,1615.2742382271467,6.290551873472344,6.240803685042719,4.408535067634498,4.6047215241977035,83,Elmhurst/Maspeth,Queens,OUTER,4.750258438986182,13.250710660223653,11.49409064993363
hvfhv,86,0.0,0.01782827375606251,1127.46408839779,1256.7950138504154,23.445702406466854,23.282285768240495,17.07114499260182,16.67317491673528,20.787564761557675,20.563153450046748,1083.9806629834254,1202.842105263158,1.3024941322779504,1.1233781487059733,6.5284470684229525,7.3235505461937676,86,Far Rockaway,Queens,OUTER,20.336786667405597,10.9652733059455,11.470957415274686
hvfhv,92,0.0,0.08491549713959747,3288.9088397790056,3553.268698060942,21.539740122189848,21.574918279222985,16.380113249652524,16.239001372769142,18.168140378981718,18.52419326985196,3231.5441988950274,3554.601108033241,5.799444187519608,5.26031962007807,4.663380526180074,5.254906482294421,92,Flushing,Queens,OUTER,10.10643220528474,9.996982533882015,8.037919904757818
hvfhv,93,0.0,0.262662344945156,775.2375690607735,840.1440443213296,35.60129785927156,36.633032906395094,18.42122438230526,18.374859748485335,27.827265623222694,28.84351332406182,485.71270718232046,493.97229916897504,15.462269945628682,16.035979453130256,8.063985657883215,8.084117753184005,93,Flushing Meadows-Corona Park,Queens,OUTER,8.269668863339461,1.700509759065083,8.372462565145366
hvfhv,95,0.0,0.08766395603919293,4487.284530386741,4812.246537396122,21.09932803391283,20.998414385268713,15.366024687457848,15.21095605853868,17.10598622453618,17.19366883468705,4255.303867403315,4601.429362880886,5.407551187338518,5.07989809260762,4.648674988992038,4.837078524277396,95,Forest Hills,Queens,OUTER,8.813685881520554,8.133978354142425,7.241840913113973
hvfhv,96,0.0,0.08789856475208097,110.06906077348066,114.87534626038781,21.848690424703747,22.34384779181992,15.118619132656105,15.022717489062615,18.58546665513364,19.05434694836979,95.80939226519337,100.16897506925208,5.6108179799901965,5.157490113658361,5.001317961938418,5.2056234117930735,96,Forest Park/Highland Park,Queens,OUTER,6.726999297504747,4.550266629384003,4.366608975430775
hvfhv,98,0.0,0.042388130956097024,584.0414364640884,622.5706371191136,21.470864655081986,21.37204967775105,17.731858287141787,17.711977409835715,17.660868001618326,17.74896549824645,553.0580110497237,603.4459833795014,2.8660336551669023,2.483428508473954,4.699554565514272,5.0568066772615605,98,Fresh Meadows,Queens,OUTER,13.888320978079562,9.110793320602939,6.596997789795389
hvfhv,101,0.0,0.04409881238841885,413.5911602209945,457.1468144044321,28.412231784735248,28.10015905974281,22.693769501461695,22.29215058356097,24.211077189438754,23.873354226500037,382.9281767955801,428.2437673130194,2.850238060885875,2.545343993376284,5.158218138410752,5.693411878916248,101,Glen Oaks,Queens,OUTER,19.443381296282006,11.833966070778402,10.531089242856284
hvfhv,102,0.0,0.053966207785582816,1517.8701657458564,1604.5983379501386,19.13508680738117,19.332927521145983,13.508377314851744,13.295554307156234,15.697713582780658,16.035395397172262,1523.6629834254143,1607.3462603878115,3.221192024163926,3.139498011208923,4.728185747904937,5.0163070448383875,102,Glendale,Queens,OUTER,6.767538700440351,5.492243223909354,5.713807027866924
hvfhv,117,0.0,0.025201235684064755,907.1436464088398,987.2271468144045,24.33150885264515,24.479410373300045,17.564578400468733,17.1095405859714,21.69552595474919,21.888680817124765,934.2651933701658,1014.1634349030471,1.659353526274083,1.5659099786131605,6.763166213025761,7.63267406353404,117,Hammels/Arverne,Queens,OUTER,19.106735900865726,8.551987390717741,8.828094725967128
hvfhv,121,0.0,0.04969276361260758,1403.6049723756905,1487.2216066481994,21.218935928665342,21.286734507995718,16.147692476330427,16.005238172270023,17.8041616322119,18.001598386653917,1369.9337016574586,1462.8670360110802,3.292694730559208,3.074068112744866,4.5167192113806545,4.851179629359778,121,Hillcrest/Pomonok,Queens,OUTER,12.326632901565315,6.783783349601746,5.95727686337435
hvfhv,122,0.0,0.021460700543743338,675.7624309392265,749.2326869806094,19.716807580291242,19.373652004263235,16.865360392716212,16.50344408100909,16.584328745262308,16.386561410481058,692.4033149171271,766.7174515235457,1.7482545382006782,1.3559260798092383,4.834316273463711,5.1323661749698495,122,Hollis,Queens,OUTER,16.47671324538532,10.732781748064447,10.872201927424152
hvfhv,124,0.0,0.035922294975219766,917.7044198895028,981.224376731302,20.879862043480937,20.940809803010357,17.38418897754612,16.824986679804898,17.133503198162913,17.051431159369876,941.9254143646409,995.4542936288088,2.4464993240013255,2.1404779064946196,5.272799001515133,5.438394145507973,124,Howard Beach,Queens,OUTER,10.556551894809825,5.682921221557113,6.921613916760627
hvfhv,129,0.0,0.0832311287573606,4578.060773480663,4779.578947368421,18.928432275895446,18.754694197106996,13.87415638048204,13.77109625324848,15.651732018472883,15.793409641310271,4954.555248618784,5158.664819944598,5.026402958603305,4.632444779995253,4.422325119128914,4.60112245935207,129,Jackson Heights,Queens,OUTER,4.976180698841843,4.119634580373588,4.401823913196878
hvfhv,130,0.0,0.02784027542587683,4988.908839779006,5365.620498614959,19.25528788181049,19.487747733366717,15.549520936699206,15.18962359111795,16.326367354984693,16.830096522014877,4666.53867403315,5136.542936288089,1.7087090589106528,1.7149941864603848,4.614121495510835,4.878929963654645,130,Jamaica,Queens,OUTER,13.382066429330907,10.071796144544297,7.550983009195256
hvfhv,131,0.0,0.04385484593558664,973.8093922651934,1059.4819944598337,21.07346834519789,20.941108262675534,17.822696885501436,17.558853029750416,17.364263176776483,17.25907569648398,931.7099447513813,1001.6675900277008,3.0799427180464836,2.6468327055713186,4.473560578292403,4.748211547142092,131,Jamaica Estates,Queens,OUTER,14.561764597388757,7.508521903239651,8.797676719399462
hvfhv,132,0.0,0.46745150081359527,14249.06629834254,14036.16620498615,59.18173883675969,62.64051548957175,21.322277507597708,20.571279509360906,47.214262634213235,49.691746083254,9525.022099447513,8860.84487534626,30.662187236989634,30.847030025650525,6.712079193455536,6.362348704663052,132,JFK Airport,Queens,AIRPORT,13.200839873568206,-6.972973051052323,-1.4941336428559993
hvfhv,134,0.0,0.04297868870283788,1434.621546961326,1536.3739612188365,20.243586747914293,20.270505436555396,16.9877420488594,16.576801759964745,16.427599551728154,16.59344710231597,1397.632596685083,1528.5872576177285,2.6344864935378096,2.5542749447283533,4.272188816554306,4.519996974198162,134,Kew Gardens,Queens,OUTER,11.023010993707102,9.369748619432961,7.092631117456194
hvfhv,135,0.0,0.054709108135784626,1123.3093922651933,1169.8975069252078,21.027092741173657,21.02011618447875,16.21770690492715,16.062179289050018,17.415470709004563,17.47333434619912,1096.5883977900553,1157.7728531855955,3.645157633544519,3.2706792102517968,4.43654573863564,4.712411047520239,135,Kew Gardens Hills,Queens,OUTER,10.440866657995246,5.579527881094193,4.147398301911109
hvfhv,138,0.0,0.7159873503499092,14344.292817679558,14659.313019390582,48.28606195328499,51.87932052267961,17.38046476230333,17.407851117879073,34.11065798487936,36.30696407208139,11318.544198895028,11642.116343490305,45.12354804233897,45.96971450488769,6.171504153253693,6.444805054403783,138,LaGuardia Airport,Queens,AIRPORT,5.945584961254584,2.8587788226940525,2.1961361617127473
hvfhv,139,0.0,0.015507050191971404,1009.4696132596686,1111.7257617728533,19.249325354018364,19.13932234335181,17.51820495517145,17.126353142017816,16.00691982265451,15.828111285606235,1047.367403314917,1150.0443213296398,1.1858197480133035,0.9759951441110303,4.88718931067426,5.181648108565097,139,Laurelton,Queens,OUTER,18.659607885591452,9.803333356542353,10.129690598906716
hvfhv,145,0.0,0.3437424597113045,5283.773480662983,5636.581717451523,22.917544733170786,22.86028800048553,14.105004996071695,14.063159451953224,18.442283818141526,18.557818069872077,5296.754143646409,5659.808864265928,19.35246489432442,19.153128611079435,4.049131183985176,4.2351302249085165,145,Long Island City/Hunters Point,Queens,OUTER,0.4067540385757408,6.854286809876053,6.677202156370088
hvfhv,146,0.0,0.34628421844381546,1672.6270718232045,1770.5346260387812,23.013938472668396,22.835518711690845,13.454891115297531,13.516518124333038,18.780425265478726,18.88789897600338,1603.743093922652,1679.3684210526317,15.864130013521544,15.495371561660827,3.876872022691325,3.9553258181976028,146,Long Island City/Queens Plaza,Queens,OUTER,1.4085214586434618,4.715551226163361,5.853519643733551
hvfhv,157,0.0,0.15594580522479287,2003.1850828729282,2170.858725761773,20.32738987821977,20.76647169275039,14.218941791746468,14.126064752254088,15.985378387134507,16.52763553724413,2054.9198895027625,2202.5817174515237,8.990147617696916,9.223122701639475,4.98628496663083,5.234095358703223,157,Maspeth,Queens,OUTER,4.172355436858705,7.185770535536129,8.370352012025295
hvfhv,160,0.0,0.09808800297800388,1434.8618784530386,1563.578947368421,19.721782943118566,19.935523845328994,14.087281508691035,13.970659894248023,16.055667026885278,16.360052707705584,1390.6022099447514,1495.731301939058,5.721715223342167,5.577645710137251,4.641447608744286,4.948117593689766,160,Middle Village,Queens,OUTER,5.82620940010335,7.559968713014165,8.970694033223303
hvfhv,171,0.0,0.049049926739309836,1229.754143646409,1329.246537396122,19.38069471406222,19.113113558280137,16.342136831646528,16.1010773464544,16.161082274453392,16.029537994509656,1202.4502762430939,1315.8337950138505,3.4779352473195844,3.0392660457753,4.231713419292221,4.591627730836892,171,Murray Hill-Queens,Queens,OUTER,11.241293099772644,9.429372757517207,8.090429641058417
hvfhv,173,0.0,0.04444400675572538,1426.2651933701657,1574.612188365651,18.42632901673934,18.264995724328323,14.304656012514059,14.301628414197255,15.375007704947027,15.542247624581256,1514.7762430939226,1687.7036011080334,2.752808886311455,2.7149284132744422,4.960036017073673,5.215272457103789,173,North Corona,Queens,OUTER,7.189629778657365,11.41603314697539,10.401080786733052
hvfhv,175,0.0,0.056869672949192984,502.9337016574586,535.6814404432133,23.826813211968602,23.799421380473312,20.633994685130848,20.49588680385703,19.7562233962446,19.798892489647024,458.5662983425414,482.95290858725764,3.7463629737170256,3.483876888486114,4.780299465569138,5.172501932853829,175,Oakland Gardens,Queens,OUTER,16.193409223599982,5.3180118846195334,6.511343081171916
hvfhv,179,0.0,0.18412317428375974,2381.524861878453,2492.404432132964,20.967394150498514,20.88017437309142,14.302946034493635,14.150680764859132,17.472021232144783,17.611365693343142,2241.207182320442,2356.6814404432134,10.77605917292501,9.910644810181932,4.0267306309093005,4.203522209749649,179,Old Astoria,Queens,OUTER,2.1757672781616733,5.152324115042983,4.6558224954684535
hvfhv,180,0.0,0.02988495646506587,948.6187845303867,1018.9196675900278,18.47797161992769,18.289027243812715,15.312675833019648,14.82111663770645,15.3581049995338,15.307270858811092,1066.6187845303868,1134.8227146814404,2.0514560391177783,1.8165796456180692,4.386609747550765,4.528012996418349,180,Ozone Park,Queens,OUTER,10.216162368213864,6.394405493344335,7.410867695861989
hvfhv,191,0.0,0.023593369349042794,1497.5276243093922,1623.060941828255,20.741028299263093,20.491213544629815,18.768563180399305,18.419024502304975,17.38386994477979,17.240078142095104,1579.3121546961327,1709.01108033241,1.6678006895092101,1.4660760219984343,4.688180888131856,5.049345871033143,191,Queens Village,Queens,OUTER,17.43497409509283,8.212367976185941,8.382704631358928
hvfhv,192,0.0,0.05769596470543491,791.8508287292817,844.8116343490304,20.51962618092381,20.395165221415077,16.66869517695355,16.771550970771887,17.098098903749396,17.27696237274813,813.1685082872929,874.005540166205,3.599248557073313,3.339925708997325,4.2064685330664435,4.498500773457087,192,Queensboro Hill,Queens,OUTER,10.497744662723473,7.481479085687659,6.688230118384464
hvfhv,193,0.0,0.21865297909786627,945.7265193370166,1129.213296398892,21.47267809588683,21.866149098261776,13.265005865373494,13.450745169293151,17.83314546271311,18.200495189740746,940.853591160221,1120.6426592797784,11.41992254594247,11.86843718483656,4.318813336979483,4.511054902394625,193,Queensbridge/Ravenswood,Queens,OUTER,0.7513315217603999,19.109144059050575,19.401674089725773
hvfhv,196,0.0,0.08978471949087084,1513.9972375690609,1656.9252077562328,19.906991298851135,19.774116992928235,14.584692181961474,14.405310773568536,16.561470767041335,16.709702202403797,1599.4585635359117,1753.6869806094182,5.238305780270948,5.115301201584,4.580022612496735,4.838915430880076,196,Rego Park,Queens,OUTER,7.703951917821712,9.642539081009694,9.440437977064153
hvfhv,197,0.0,0.029633921208531373,2577.6353591160223,2742.02216066482,18.570489823931904,18.519503754100423,15.271016709846096,14.671117145892863,15.244298371568233,15.376784049705234,2753.046961325967,2885.4875346260387,1.9653763835750042,1.799913791531026,4.482962864303268,4.70963583188817,197,Richmond Hill,Queens,OUTER,10.726400772479302,4.810690669667461,6.377426542021558
hvfhv,198,0.0,0.10859734726135661,4148.577348066298,4372.512465373961,20.70756417725934,21.106497750113736,12.700097048415227,12.538859934499726,16.989963622619147,17.540067447499933,3968.527624309392,4232.285318559557,6.680323846396405,6.542243864764654,4.516041979010494,4.828293113926728,198,Ridgewood,Queens,OUTER,4.201563419640774,6.646235561887104,5.397877356970149
hvfhv,201,0.0,0.04861352130880716,454.7651933701657,478.994459833795,27.92866961796807,28.630568952930332,19.846577696026078,19.574590760880568,23.504392569864827,24.043413119188095,433.05801104972375,462.9196675900277,2.927912124362908,2.918367102696363,6.534755081168124,7.250877457218325,201,Rockaway Park,Queens,OUTER,17.820394059293758,6.8955326488291835,5.327862997621136
hvfhv,203,0.0,0.016017439903036834,921.1381215469613,969.3296398891966,20.417043246990083,20.186508680672453,18.11638299140129,17.823456425503036,17.45881325880065,17.237538353197312,928.560773480663,987.3240997229917,1.0034539282856199,1.0069467824837834,5.600879090762695,6.1972271922586515,203,Rosedale,Queens,OUTER,19.052159822542016,6.328430827640652,5.23173639381056
hvfhv,205,0.0,0.016615516876270185,2308.75138121547,2469.567867036011,19.101382404999974,18.990747387462562,15.670347092050154,15.305717645999845,15.85864414498289,15.914264407015374,2462.779005524862,2629.288088642659,1.1647444942716196,1.033004520777561,5.1045302007729605,5.420254703067623,205,Saint Albans,Queens,OUTER,16.389363951437485,6.761024141600203,6.965517687568323
hvfhv,207,0.0,0.021396449149763432,130.47237569060775,132.26869806094183,15.247772973730951,15.059242984962758,15.835390691086005,15.637700860627191,11.545097457231003,11.853221998407271,118.1988950276243,118.26592797783934,1.2550247733009254,1.255445730079168,4.621070487715266,4.255278638255264,207,Saint Michaels Cemetery/Woodside,Queens,OUTER,4.7356665762098515,0.056711993965241625,1.3767836761045427
hvfhv,215,0.0,0.015092174231062627,1684.7099447513813,1773.174515235457,17.668374658806478,17.674385880400706,14.934608381227473,14.173043116068957,14.65008061227957,14.76753447407672,1951.2265193370165,2029.9085872576177,1.1197093767342825,0.9586556713523663,4.7627563385200125,5.052928628728115,215,South Jamaica,Queens,OUTER,14.0818922487478,4.032441499787298,5.251026787114421
hvfhv,216,0.0,0.022130881516053722,3504.290055248619,3732.6371191135736,17.5790852122932,17.571165737718474,15.823103618186764,15.139960487293049,14.289065754431354,14.242988053088006,4119.96685082873,4327.315789473684,1.5290714670771905,1.3865408238971528,3.9830496540697427,4.110706845675824,216,South Ozone Park,Queens,OUTER,11.998333639203942,5.032781722582214,6.516214704400491
hvfhv,218,0.0,0.017469421382850625,1091.6602209944751,1173.1828254847646,19.141663600850197,19.484199674673086,16.11280949195928,15.68148092262128,15.949827360949502,16.37374368886917,1274.975138121547,1311.2742382271467,1.1080272391835178,1.069987536176775,4.742757914795392,5.0672532103787145,218,Springfield Gardens North,Queens,OUTER,16.464520064630165,2.8470437595418563,7.467763588200049
hvfhv,219,0.0,0.01898625,982.439226519337,1049.5650969529086,20.132108967094744,20.135549949999998,17.078356881943417,16.709534411027757,17.10004381086477,17.110893249999997,1055.5165745856355,1108.03324099723,1.2965294153055376,1.19375,5.0053214014077385,5.335320555388629,219,Springfield Gardens South,Queens,OUTER,15.603779145062823,4.9754468736988855,6.832572297768524
hvfhv,223,0.0,0.12618061379571646,3306.522099447514,3434.9224376731304,20.490748315205334,20.49894895252854,15.903075418426658,15.54232169863436,16.67500617092122,16.80317068186753,3111.1878453038676,3253.4487534626037,8.17243063263041,7.54426370482633,3.7922780981453825,3.941077020217185,223,Steinway,Queens,OUTER,3.453330176517406,4.572559267788012,3.883244519886042
hvfhv,226,0.0,0.2180259123124099,3968.5801104972375,4215.598337950139,20.20529482039546,20.085948405526345,13.18646254198478,13.184720764103243,16.556558100585423,16.775567999512624,3866.1519337016575,4092.2160664819944,11.346314200237648,10.94246898036269,4.220786575807387,4.444362728546252,226,Sunnyside,Queens,OUTER,1.7357384137660874,5.847264583931944,6.224347766081784
hvfhv,252,0.0,0.05088342980906829,821.6160220994475,898.8642659279778,22.516157498548303,22.16757709464076,19.134658931096645,18.982978965877003,18.596978521959567,18.36392989286681,780.1878453038674,859.4681440443213,3.6235783987423344,3.206582696249694,5.121234302232984,5.564223582246022,252,Whitestone,Queens,OUTER,10.465721747262899,10.161693650786852,9.401988489847191
hvfhv,253,0.0,0.09238620366025341,30.709944751381215,34.121883656509695,29.38470290025937,29.549606992022525,18.4486959201439,17.771868945415925,23.81196651733082,23.505559596433596,23.430939226519335,23.61218836565097,6.743692525347796,5.771938057250117,6.953990221591357,7.050392572527774,253,Willets Point,Queens,OUTER,9.469156125796072,0.773546196246766,11.110208542381116
hvfhv,258,0.0,0.0440217836004764,1905.0193370165746,1971.5540166204987,20.126874071862094,20.08973873187027,15.003104061308715,14.678439149780308,17.093140818698352,17.222441589376796,2053.657458563536,2132.7894736842104,2.8996911587465566,2.6256693729486957,4.595852627203712,4.805285972999815,258,Woodhaven,Queens,OUTER,9.269445462658037,3.8532236615557602,3.4925986477451376
hvfhv,260,0.0,0.12101483302488744,2886.276243093923,3036.443213296399,18.052534772189375,17.88467781675552,14.393583431973012,14.208194573247003,14.781658284548929,14.895408290289021,2793.0414364640883,3008.5595567867035,6.316111172101938,6.25546685817934,3.9493289489297188,4.120656539248843,260,Woodside,Queens,OUTER,4.1040885445865145,7.7162521654335015,5.202792718187843
hvfhv,5,0.0,0.035886543652374,174.35911602209944,180.92797783933517,23.663561256914203,24.446300868770006,22.520649133586645,22.58797603635881,19.208822084265034,19.812833311208458,187.77900552486187,187.803324099723,2.0021772390255386,2.0369632874610972,6.234216979089568,6.917621730566625,5,Arden Heights,Staten Island,OUTER,20.334445303611048,0.012950635665132104,3.7674323930405595
hvfhv,6,0.0,0.052014272970562,376.91988950276243,410.97229916897504,21.427078222400965,21.68925316681534,19.31033815628708,19.326288517596716,17.62757242958128,17.904852453166818,357.1767955801105,388.1578947368421,3.469504555368219,3.2264049955396965,5.126740986816616,5.826309522078954,6,Arrochar/Fort Wadsworth,Staten Island,OUTER,10.836132807992751,8.673883505341795,9.034389167187484
hvfhv,23,0.0,0.03071498467485625,1108.4419889502763,1178.634349030471,21.858777363507617,22.030155866281717,20.80141138517041,20.773862610287786,17.986591288765563,18.388458428020346,955.7734806629834,1027.5872576177285,1.8364692621174021,1.795885798700126,5.65723796634267,6.341926355323767,23,Bloomfield/Emerson Hill,Staten Island,OUTER,13.30826666852513,7.513681683753215,6.332524460451805
hvfhv,44,0.0,0.02906338363472059,267.5662983425414,304.56509695290856,25.60035400770734,26.119432141711933,25.632093888470326,25.277133375235312,20.4954722127138,20.824205008113648,250.17403314917127,285.0775623268698,1.700473703388801,1.6159280168686172,6.840655355767244,7.4035725901735105,44,Charleston/Tottenville,Staten Island,OUTER,22.53983423858139,13.951699438321242,13.827899417661671
hvfhv,84,0.0,0.03779506557012669,278.06906077348066,302.0747922437673,24.28928964288481,25.0812354745499,22.025816430564706,21.692410184041503,19.273899217600125,19.680704867748386,285.2817679558011,311.56509695290856,2.1351382756216593,2.237830629028673,6.268538641978964,6.729137710661578,84,Eltingville/Annadale/Prince's Bay,Staten Island,OUTER,20.259574228224576,9.21311207002178,8.633010592229141
hvfhv,99,0.0,0.018800813008130083,17.328729281767956,18.479224376731302,20.263314011593046,22.028324864498643,22.087769121290645,22.435738685029946,16.336857885268838,17.18112804878049,13.820441988950277,16.354570637119114,1.119328402958225,1.1348238482384825,6.422876014215785,6.845029039972669,99,Freshkills Park,Staten Island,OUTER,16.86832528149133,18.336089758887052,6.639235204475247
hvfhv,109,0.0,0.030976474607419275,403.15193370165747,442.3434903047091,23.272540952182922,23.302412560227125,18.910049029026222,18.62173624221618,18.635829797464574,18.82831045978772,425.1353591160221,470.28808864265926,2.024704513999441,1.854229740714126,6.178105107851063,6.8296126540134585,109,Great Kills,Staten Island,OUTER,18.01980614698726,10.620789016590537,9.721287020305947
hvfhv,110,0.0,0.0646817248459959,2.320441988950276,2.6481994459833795,22.965534591194967,26.31835728952772,18.599637874683047,19.27687475825791,19.48406708595388,22.417946611909652,1.3176795580110496,1.3490304709141274,5.031446540880503,4.1067761806981515,7.749964838255977,8.673478561549102,110,Great Kills Park,Staten Island,OUTER,18.504322440936505,2.379251671051197,14.124785648331372
hvfhv,115,0.0,0.03305274861511517,479.4944751381216,512.5373961218836,19.38070041356143,19.243386252496727,17.965063668072574,17.738204258718753,15.92714320422963,16.052280509283403,523.0138121546961,563.0637119113574,2.010764217164648,1.8940698395206281,5.814478490277845,6.614718084591318,115,Grymes Hill/Clifton,Staten Island,OUTER,9.471091747200067,7.657522387729099,6.891199523048486
hvfhv,118,0.0,0.048759215711846236,697.0994475138122,725.8864265927978,23.175709539609592,23.736827105298552,18.554471863076216,18.614652559055177,18.777229607418032,19.511622209814604,648.560773480663,679.6925207756233,2.871210798240047,2.9738883069988464,5.79612095115811,6.552434169793523,118,Heartland Village/Todt Hill,Staten Island,OUTER,11.969483670717874,4.800128001557047,4.129536923555688
hvfhv,156,0.0,0.019430574356124105,731.9972375690608,797.4238227146815,18.23614990158669,18.10663290034752,19.40006686060583,19.331941602379565,15.275087201047112,15.424214574499555,846.3011049723757,927.016620498615,1.2070727018125675,1.0760399578070419,5.1561388319959365,5.839343765291041,156,Mariners Harbor,Staten Island,OUTER,12.74374845188468,9.537446548515849,8.938091810687743
hvfhv,172,0.0,0.034701935220502876,378.51657458563534,417.9279778393352,21.92622808769202,21.873436260189568,17.317808814478177,17.056487636893735,17.82300596214466,17.97173264105933,387.3425414364641,434.28808864265926,2.284300161177595,2.0404648611412317,5.779085586693481,6.5365150107521295,172,New Dorp/Midland Beach,Staten Island,OUTER,14.818125308929092,12.119904783011194,10.412068030797283
hvfhv,176,0.0,0.04885260995821234,200.09668508287294,219.50138504155126,24.563318100022006,24.57660020775787,17.942826032795768,17.799966767067936,19.95549383115622,20.075721014236134,213.37845303867402,234.66481994459835,3.1264968993954145,2.907429704653304,6.109552181306127,6.7089442601436335,176,Oakwood,Staten Island,OUTER,16.56222354093356,9.97587460345224,9.697661883124953
hvfhv,187,0.0,0.021533287531581048,410.89502762430936,450.2354570637119,18.63113952698193,18.5295461194096,18.83858256343471,18.68086028598739,15.420577135437524,15.611117692034929,455.28729281767954,499.96675900277006,1.4216025337653355,1.2372013651877134,5.377899809446783,6.083971314251921,187,Port Richmond,Staten Island,OUTER,11.08260384959398,9.813466549566652,9.574325994368671
hvfhv,204,0.0,0.044456274731037554,158.8756906077348,171.4459833795014,26.07471195895458,27.153310343731626,25.020669901114605,24.88959844066309,21.00560070245515,21.40461566577145,160.44751381215468,174.31301939058173,2.4809751730312315,2.552163618160726,5.983799443257591,6.602464420460083,204,Rossville/Woodrow,Staten Island,OUTER,22.57888909036443,8.641770289230033,7.91203029468035
hvfhv,206,0.0,0.021539586616402994,1416.6160220994475,1491.781163434903,18.625750471717893,18.712301172664453,16.924723752919174,16.630358164252126,15.401348295526,15.636707219408082,1317.624309392265,1393.9418282548477,1.2405132290662082,1.203665247121994,5.237106650077093,5.92772879303791,206,Saint George/New Brighton,Staten Island,OUTER,7.7833408720215305,5.792054557477222,5.305964365986737
hvfhv,214,0.0,0.03833548901574459,539.3950276243094,583.3850415512466,22.431461269827913,22.45438154606191,17.908778518994804,17.77877205351104,18.22246960070686,18.53498502368009,525.2375690607735,569.6897506925208,2.643371060714436,2.3325132015287515,5.065604262088894,5.8036528571452175,214,South Beach/Dongan Hills,Staten Island,OUTER,12.311384637679794,8.463252488057238,8.155435566524428
hvfhv,221,0.0,0.03351415684211434,754.3370165745856,799.7645429362881,18.703196674871126,18.73727755689903,17.869846829312014,17.641251709209737,15.312891685629788,15.602871500317661,892.2513812154696,963.5817174515236,2.0439944890787785,1.9666353315912182,5.310130121131058,6.126654795786811,221,Stapleton,Staten Island,OUTER,8.408660456988903,7.994421497995807,6.022179127306648
hvfhv,245,0.0,0.03502098019031097,475.8867403314917,512.9168975069252,20.112157525837628,20.192884606340563,17.369038800323654,17.231127101711337,15.90619014933369,16.28269293675635,495.01657458563534,530.1135734072022,2.0363177749503336,2.1011543023760133,5.655970039694863,6.328379946884084,245,West Brighton,Staten Island,OUTER,9.227012020334387,7.090065388405553,7.781296270124938
hvfhv,251,0.0,0.03777646027736248,446.5055248618784,485.29362880886424,19.427911652009517,19.476625663762434,18.609525591919105,18.593386726112495,15.465373518109033,15.670300665051297,490.9640883977901,537.3130193905818,2.39353172526712,2.2482858173944424,5.15166955487404,5.8034728261439,251,Westerleigh,Staten Island,OUTER,11.86664571566473,9.44039128076486,8.687037849976086
yellow,3,0.0,0.027317880794701987,8.925414364640885,19.116343490304708,35.6222654155496,30.85146168401135,12.7038026976867,14.230926630042108,0.0,0.0,4.121546961325967,11.71191135734072,25.201072386058982,16.485335856196784,,,3,Allerton/Pelham Gardens,Bronx,OUTER,14.04358786538753,184.16299673976812,114.17877881430836
yellow,18,0.0,0.028156996587030716,15.223756906077348,39.19667590027701,34.37008814102564,28.930856441979525,12.614546072009526,13.520200213423205,0.0,0.0,6.895027624309392,25.97229916897507,20.91346153846154,14.15315699658703,,,18,Bedford Park,Bronx,OUTER,12.265172921163371,276.681582498757,157.47045320087602
yellow,20,0.0,0.04468835750686005,12.776243093922652,29.545706371191137,33.50959467634604,27.78925323402587,11.710049281269884,12.86688654720934,0.0,0.0,4.566298342541437,14.132963988919668,19.96370235934664,16.522932183457467,,,20,Belmont,Bronx,OUTER,11.854884280159219,209.5059264361113,131.25504229991765
yellow,31,0.0,0.11390532544378698,5.895027624309392,9.975069252077562,40.11495207667731,32.73407297830374,15.152801483372041,16.0062114751688,0.0,0.0,0.8646408839779005,2.8088642659279777,25.878594249201278,17.94871794871795,,,31,Bronx Park,Bronx,OUTER,11.576606762866446,224.85906206579168,69.21157775314326
yellow,32,0.0,0.03138795691329684,9.121546961325967,22.889196675900276,36.1016829408386,31.343909588557302,11.830546611035993,13.483909815106806,0.0,0.0,4.80939226519337,15.686980609418283,19.241815048822517,14.444640649832245,,,32,Bronxdale,Bronx,OUTER,13.256495053989182,226.17386448072477,150.935469311808
yellow,46,0.0,0.025969529085872575,2.9751381215469612,4.650969529085873,44.16792387543253,40.682950138504154,16.006062501260917,16.75849517003747,0.0,0.0,0.7983425414364641,2.0,11.764705882352942,7.894736842105263,,,46,City Island,Bronx,OUTER,16.617231996068043,150.51903114186848,56.32785232396343
yellow,47,0.0,0.0323267760932214,11.42817679558011,28.274238227146814,31.50148887183423,27.929795764941737,11.712290957190058,12.360150112561628,0.0,0.0,7.198895027624309,22.10803324099723,18.994627782041444,15.950382157624357,,,47,Claremont/Bathgate,Bronx,OUTER,9.013573824622684,207.10314786036062,147.40812758586284
yellow,51,0.0,0.01681003867098098,20.441988950276244,46.121883656509695,39.570137719969395,35.399598295320025,13.102712123118605,14.3152815542684,0.0,0.0,14.441988950276244,35.09972299168975,19.892884468247896,16.762686449372584,,,51,Co-Op City,Bronx,OUTER,15.779199504257798,143.03939791491374,125.62326869806095
yellow,58,0.0,0.05983302411873841,2.814917127071823,4.2770083102493075,32.72958041958042,31.30627087198516,17.56028654217643,17.240555792840848,0.0,0.0,0.39502762430939226,1.4930747922437673,8.391608391608392,11.50278293135436,,,58,Country Club,Bronx,OUTER,14.01078582683437,277.9671851694012,51.94082515311573
yellow,59,0.0,0.054878048780487805,0.6795580110497238,1.5235457063711912,32.737840909090906,24.549593495934957,12.803624301306154,13.848758057725851,0.0,0.0,0.2430939226519337,0.6814404432132964,11.363636363636363,8.536585365853659,,,59,Crotona Park,Bronx,OUTER,9.84769611475649,180.31981868546967,124.19656329527284
yellow,60,0.0,0.04896626768226333,7.969613259668508,19.9612188365651,31.392503832396525,27.35664542204259,11.993223443223444,13.40354971301856,0.0,0.0,5.406077348066298,17.81994459833795,19.213081246806336,16.275454686771337,,,60,Crotona Park East,Bronx,OUTER,9.32977782015618,229.62799921299631,150.46659337388445
yellow,69,0.0,0.0461890243902439,35.06077348066298,65.77839335180056,29.486970961281706,26.537070731707317,10.95673088783663,11.693836988335553,0.0,0.0,16.552486187845304,45.42936288088643,21.194926568758344,17.091463414634145,,,69,East Concourse/Concourse Village,Bronx,OUTER,7.143562691145228,174.45643128973444,87.61249915972111
yellow,78,0.0,0.03955135773317592,13.450276243093922,38.06371191135734,32.10535129932628,27.87285714285714,11.701511275568194,12.796471196079043,0.0,0.0,8.61049723756906,28.155124653739612,17.29226820660892,13.656040928768201,,,78,East Tremont,Bronx,OUTER,10.745929963209996,226.9860482724973,182.9957632349837
yellow,81,0.0,0.017711370262390672,9.5939226519337,23.601108033240997,37.627377956718675,32.53759183673469,13.074633047691558,14.730202852992903,0.0,0.0,5.488950276243094,19.002770083102494,16.155007549068948,11.661807580174926,,,81,Eastchester,Bronx,OUTER,15.551943681532466,246.20044137308014,146.0006077752157
yellow,94,0.0,0.0372972972972973,7.262430939226519,18.138504155124654,32.002634870992964,27.310428108108106,11.582011953296622,12.714999281931174,0.0,0.0,3.5331491712707184,12.81163434903047,15.63721657544957,16.021621621621623,,,94,Fordham South,Bronx,OUTER,11.634371489457138,262.61232481227756,149.75802602339766
yellow,119,0.0,0.09297782470960929,20.14364640883978,39.362880886426595,31.685820369826825,28.85193241816262,13.016187855965658,13.765774048629686,0.0,0.0,9.411602209944752,26.23268698060942,26.562958614616964,21.414994720168956,,,119,Highbridge,Bronx,OUTER,7.834215227057764,178.72711144645172,95.41090072526643
yellow,126,0.0,0.045655671761866454,11.638121546961326,28.85318559556787,30.370679311865903,26.50240278895146,12.712265786779131,13.272625343522268,0.0,0.0,6.262430939226519,20.65927977839335,19.408910454344948,13.180477339769375,,,126,Hunts Point,Bronx,OUTER,7.0411171700007715,229.89233699948804,147.91961038679253
yellow,136,0.0,0.03903708523096942,12.011049723756907,26.462603878116344,32.98410832907511,29.30049609629148,11.694553641356766,12.791156159975895,0.0,0.0,5.406077348066298,17.030470914127424,19.46857434849259,15.549772283669485,,,136,Kingsbridge Heights,Bronx,OUTER,11.606829160883677,215.0245514008241,120.31882713611122
yellow,147,0.0,0.049983170649612926,9.353591160220995,20.850415512465375,29.647480397281754,26.08664591046786,11.380968322383563,12.371680850420764,0.0,0.0,5.2845303867403315,16.45983379501385,14.950339780449555,12.268596432177718,,,147,Longwood,Bronx,OUTER,7.413098436359207,211.47202476712042,122.91347948944077
yellow,159,0.0,0.05371690427698574,25.616022099447513,52.45152354570637,26.97148944193062,25.146891378139852,10.89395992234835,11.729069937807237,0.0,0.0,14.651933701657459,40.80332409972299,14.894419306184012,13.394433129667345,,,159,Melrose South,Bronx,OUTER,6.934897202103841,178.484225567491,104.76061170652117
yellow,167,0.0,0.04674036034467752,15.51657458563536,37.091412742382275,29.34246805111821,26.442404038645662,10.867550778199348,11.589631218796912,0.0,0.0,10.375690607734807,31.825484764542935,19.568690095846645,17.09461223779267,,,167,Morrisania/Melrose,Bronx,OUTER,8.073510421491333,206.7312429383531,139.0438207716287
yellow,168,0.0,0.1061364896714266,56.886740331491715,100.37119113573407,26.5788979631053,24.751065437404687,13.455458209411674,14.40432066394555,0.0,0.0,28.751381215469614,79.92243767313019,19.398539584934667,17.35754887009566,,,168,Mott Haven/Port Morris,Bronx,OUTER,5.589604793666976,177.97773287541438,76.44039815051586
yellow,169,0.0,0.04852941176470588,17.306629834254142,41.21329639889197,30.252164791730006,25.77273665158371,12.167832420440261,12.898862032856648,0.0,0.0,9.085635359116022,30.609418282548475,18.364244451200975,13.891402714932127,,,169,Mount Hope,Bronx,OUTER,10.14140849855962,236.89903977751743,138.13588661450748
yellow,174,0.0,0.023512276321265086,14.232044198895027,40.69806094182825,38.472544291338586,30.866823415175475,13.17695299137122,13.882681360066423,0.0,0.0,5.613259668508287,19.969529085872576,16.28937007874016,11.610486891385769,,,174,Norwood,Bronx,OUTER,13.616270079775967,255.75637446288746,185.96075428846714
yellow,182,0.0,0.05436380935905199,14.267955801104973,33.37950138504155,34.93003162055336,31.335040221434134,12.100813586838633,13.14289375322322,0.0,0.0,10.48342541436464,32.02493074792244,25.059288537549406,20.586454458956837,,,182,Parkchester,Bronx,OUTER,11.600949145012201,205.4815528523827,133.94732819719343
yellow,183,0.0,0.033437622213531484,5.138121546961326,12.229916897506925,36.12703067484662,31.718302698474773,13.81895186160765,15.23407205589982,0.0,0.0,2.251381215469613,7.083102493074792,17.791411042944784,16.347281971059836,,,183,Pelham Bay,Bronx,OUTER,13.96836372233274,214.6114236187822,138.0231138116939
yellow,184,0.0,0.06911764705882353,1.1160220994475138,2.880886426592798,35.80265306122449,33.298941176470585,17.696492583492915,17.652411795470087,0.0,0.0,0.40607734806629836,1.4127423822714682,13.605442176870747,15.098039215686274,,,184,Pelham Bay Park,Bronx,OUTER,14.615391771823086,247.89982474984456,158.13883327390909
yellow,185,0.0,0.02912621359223301,12.4060773480663,30.58448753462604,32.361754057428215,30.20556027508091,11.689140279462842,13.364073279179282,0.0,0.0,4.425414364640884,13.695290858725762,15.355805243445692,13.005663430420713,,,185,Pelham Parkway,Bronx,OUTER,12.887355366738475,209.46911927957092,146.5282673688405
yellow,199,0.0,0.35,,,32.153333333333336,41.5,19.499287681641185,22.623052464228934,0.0,0.0,0.04143646408839779,0.04155124653739612,40.0,46.666666666666664,,,199,Rikers Island,Bronx,OUTER,6.6574916707897644,0.27700831024930483,
yellow,200,0.0,0.07806158987825257,33.59668508287293,45.58725761772853,37.05202944942381,33.55578419670566,15.074648535483496,16.06521218844677,0.0,0.0,4.314917127071824,11.60387811634349,23.239436619718308,21.962282167581762,,,200,Riverdale/North Riverdale/Fieldston,Bronx,OUTER,14.019898703044452,168.92470410475946,35.68974887039737
yellow,208,0.0,0.04525257249766137,16.65193370165746,34.23545706371191,34.59879336349925,29.542714374805115,14.589103632301171,16.391809493716682,0.0,0.0,5.494475138121547,17.76731301939058,18.250377073906485,14.250077954474587,,,208,Schuylerville/Edgewater Park,Bronx,OUTER,11.539124860858525,223.36688351027604,105.59448336203903
yellow,212,0.0,0.06982217573221758,10.168508287292818,23.46814404432133,30.865538525269265,27.30181659693166,13.444881749610689,15.357314490998531,0.0,0.0,6.668508287292818,23.833795013850416,20.629660314830158,16.399349139934913,,,212,Soundview/Bruckner,Bronx,OUTER,9.540583549351654,257.4081936625456,130.79239728455096
yellow,213,0.0,0.03979678238780694,20.65745856353591,48.121883656509695,32.275718837116685,28.637229043183744,12.70817779755421,13.832040419653396,0.0,0.0,13.87292817679558,39.257617728531855,22.660294703305457,17.442845046570703,,,213,Soundview/Castle Hill,Bronx,OUTER,9.348178768519638,182.98004017778834,132.9516165238902
yellow,220,0.0,0.07133969307341352,38.34530386740332,57.42936288088643,33.51720891824938,29.961450297248724,14.197092259640948,15.13461374305133,0.0,0.0,6.69060773480663,20.03601108033241,22.58464079273328,19.106871284390987,,,220,Spuyten Duyvil/Kingsbridge,Bronx,OUTER,13.073970368876228,199.46474034187997,49.768960182125824
yellow,235,0.0,0.05139643134212568,16.07734806629834,42.772853185595565,32.11951566951567,27.938544091026635,12.421773250960095,12.903667462748334,0.0,0.0,10.665745856353592,32.13573407202216,23.465423465423466,18.162227394190158,,,235,University Heights/Morris Heights,Bronx,OUTER,9.715234278878249,201.29851681098216,166.04420709940885
yellow,240,0.0,0.05028973509933775,3.1270718232044197,7.626038781163435,34.68156488549618,32.36209437086093,15.406147099553776,15.166016721981107,0.0,0.0,0.7237569060773481,3.3462603878116344,8.778625954198473,14.321192052980132,,,240,Van Cortlandt Park,Bronx,OUTER,14.869855495417504,362.34590091137846,143.87155819621586
yellow,241,0.0,0.04142747799464217,16.408839779005525,36.62049861495845,35.328202463433406,30.520802398265086,12.467076694438108,13.241086381805516,0.0,0.0,7.176795580110498,21.714681440443215,21.131639722863742,16.58374792703151,,,241,Van Cortlandt Village,Bronx,OUTER,13.027560917419061,202.56792461279613,123.17542926961211
yellow,242,0.0,0.02422922252010724,17.42265193370166,39.24376731301939,32.0865286377709,28.609479892761396,12.355631192856128,12.823832931285793,0.0,0.0,7.138121546961326,20.66481994459834,11.261609907120743,8.257372654155496,,,242,Van Nest/Morris Park,Bronx,OUTER,11.56028264930528,189.49941253655567,125.24565985909337
yellow,247,0.0,0.09534416254685718,37.767955801104975,65.57617728531856,28.901493415522552,26.695490845873852,13.277616466646174,14.2491211159993,0.0,0.0,19.718232044198896,50.988919667590025,21.952927991033903,16.24382028576085,,,247,West Concourse,Bronx,OUTER,6.502512658558202,158.58768450080677,73.62914114456787
yellow,248,0.0,0.07385035074045207,9.67403314917127,21.916897506925206,31.242228238234066,27.60089893478826,12.826450866101824,14.6399665740177,0.0,0.0,6.632596685082873,21.32409972299169,21.40774677217826,18.952974798649,,,248,West Farms/Bronx River,Bronx,OUTER,10.024548467823221,221.5045439284878,126.55388056844447
yellow,250,0.0,0.05282776349614396,10.091160220994475,26.565096952908586,30.820202925908447,28.07815938303342,12.238565099596055,14.187477312144555,0.0,0.0,5.8535911602209945,21.55124653739612,17.413874469089194,15.565552699228792,,,250,Westchester Village/Unionport,Bronx,OUTER,11.28228217137786,268.17136604706917,163.25116608138268
yellow,254,0.0,0.022102045614860098,17.03038674033149,44.61495844875346,36.76949511400652,32.01889646524022,12.792657090797,14.230646778358407,0.0,0.0,10.176795580110497,35.34349030470914,18.919652551574377,13.997962222744729,,,254,Williamsbridge/Olinville,Bronx,OUTER,14.612700034321662,247.29488301587162,161.97266761474057
yellow,259,0.0,0.02842998585572843,12.46132596685083,26.695290858725762,39.05433697347894,33.493629420084865,14.074826483930863,15.471677231832825,0.0,0.0,5.3121546961325965,19.58448753462604,21.73686947477899,14.596888260254596,,,259,Woodlawn/Wakefield,Bronx,OUTER,16.660799928953814,268.6731402774117,114.22512282994295
yellow,11,0.0,0.027579162410623085,7.983425414364641,15.221606648199446,35.74174147217236,29.329516513449096,13.055702953586497,13.718173446467464,0.0,0.0,3.0773480662983426,8.13573407202216,14.542190305206462,11.031664964249234,,,11,Bath Beach,Brooklyn,OUTER,9.538943132981965,164.3748414786375,90.66510749647749
yellow,14,0.0,0.08648718389815929,73.61049723756906,115.92520775623268,33.753090816152664,30.469171397442516,13.135514827745364,14.394094332568205,0.0,0.0,16.212707182320443,48.307479224376735,16.8682910206168,16.422960032111934,,,14,Bay Ridge,Brooklyn,OUTER,6.408620499781446,197.9605977036016,57.484614432229634
yellow,17,0.0,0.14141312293614983,117.06906077348066,188.37673130193906,26.80605127786397,25.745082554006707,10.225931804278513,11.399403097702741,0.0,0.0,33.831491712707184,109.89196675900277,20.674450885931247,19.71213228806937,,,17,Bedford,Brooklyn,OUTER,1.967207970725475,224.82152336702052,60.910773570169056
yellow,21,0.0,0.016533066132264528,14.234806629834255,29.778393351800553,31.515992003998,27.58029149207506,10.357099044383064,11.283843470024836,0.0,0.0,5.527624309392265,15.204986149584487,15.392303848075962,10.511932956822736,,,21,Bensonhurst East,Brooklyn,OUTER,9.750700960899806,175.07271295100372,109.19422459444594
yellow,22,0.0,0.02704003079291763,19.685082872928177,41.91135734072022,31.190309597523218,26.423189633051063,10.484972528070825,11.588059814685542,0.0,0.0,8.030386740331492,21.590027700831026,20.949432404540765,13.446240697972799,,,22,Bensonhurst West,Brooklyn,OUTER,8.216547244792872,168.85414611973962,112.90922477323493
yellow,25,0.0,0.21367586356723875,180.20994475138122,229.207756232687,25.25275970862525,26.126285466000432,11.628850320242142,12.408994846908628,0.0,0.0,59.53867403314917,127.50692520775624,25.666960515937458,27.799261351292635,,,25,Boerum Hill,Brooklyn,OUTER,1.7617386729427986,114.15815397024897,27.189293881036058
yellow,26,0.0,0.02862700228832952,32.8646408839779,59.46814404432133,27.94305808080808,23.98422700228833,8.99656892343362,9.656483940717916,0.0,0.0,10.939226519337016,30.263157894736842,13.358585858585858,8.540045766590389,,,26,Borough Park,Brooklyn,OUTER,6.449421987071922,176.64805954279643,80.94871096952443
yellow,29,0.0,0.014615519662921348,16.944751381215468,29.94736842105263,38.80236754353464,32.427566713483145,11.526165712368513,12.254976512422308,0.0,0.0,7.455801104972376,15.778393351800554,24.97221193034457,12.780898876404494,,,29,Brighton Beach,Brooklyn,OUTER,12.698268307768757,111.62572780110413,76.73536629313749
yellow,33,0.0,0.3297982487279612,275.12983425414365,322.43490304709144,26.40843924593591,26.687338776476157,12.822855780990063,13.047473950100674,0.0,0.0,76.63812154696133,140.45983379501385,43.232527123959194,42.04236185066856,,,33,Brooklyn Heights,Brooklyn,OUTER,0.4314931127489007,83.27671785241326,17.193725617284763
yellow,34,0.0,0.3087842846553002,13.839779005524862,22.39612188365651,26.664150464919693,28.27471015567087,13.846881958693832,15.180107604486972,0.0,0.0,6.535911602209945,18.68421052631579,39.433643279797124,38.146775389177165,,,34,Brooklyn Navy Yard,Brooklyn,OUTER,0.41867163229055926,185.87000044489926,61.824273889893334
yellow,35,0.0,0.01560882170221578,37.472375690607734,90.19390581717451,28.231308079865645,26.804888520742733,9.499597568091305,10.857057878284605,0.0,0.0,29.607734806629836,80.26038781163435,9.983205821981713,7.196106854421205,,,35,Brownsville,Brooklyn,OUTER,6.635006190380821,171.07912285698478,140.6943892798907
yellow,36,0.0,0.14461287510194898,72.32596685082873,149.5180055401662,27.296957550105812,26.054801867424136,13.260075597927962,13.638576525316292,0.0,0.0,22.19060773480663,98.49584487534626,21.137806547989545,18.497061056894562,,,36,Bushwick North,Brooklyn,OUTER,3.557750674766099,343.86276415878683,106.72797343801146
yellow,37,0.0,0.1643850191516527,116.07182320441989,243.4709141274238,27.514590438247012,26.7986021066818,11.34106616337137,12.53378190516391,0.0,0.0,34.668508287292816,156.21052631578948,21.01195219123506,21.442757837991206,,,37,Bushwick South,Brooklyn,OUTER,2.6523004700727992,350.5833508072971,109.7588436244643
yellow,39,0.0,0.01167576466510701,59.41436464088398,118.24376731301939,30.823456816108887,27.69577101926465,10.607233549499483,11.380564635597231,0.0,0.0,39.37292817679558,95.90858725761773,12.088683084262962,8.341276030384426,,,39,Canarsie,Brooklyn,OUTER,8.746344234623637,143.5901816267285,99.01545363266236
yellow,40,0.0,0.2883145828911059,92.98618784530387,107.02493074792244,24.581124475524476,25.595780089153045,12.886752147671928,13.60365576534701,0.0,0.0,19.751381215469614,39.149584487534625,40.39160839160839,38.39241491544612,,,40,Carroll Gardens,Brooklyn,OUTER,1.8276156909042112,98.21188230052496,15.097664747773143
yellow,49,0.0,0.2043364480454196,148.1353591160221,202.13296398891967,27.1773103955541,26.177613105446802,10.532520476145052,11.321115016335202,0.0,0.0,33.80110497237569,93.6786703601108,28.955541026479242,28.248270151990063,,,49,Clinton Hill,Brooklyn,OUTER,1.7647321480255678,177.14676912683976,36.45153000277654
yellow,52,0.0,0.2998645268862026,69.20441988950276,83.19667590027701,24.75016529867761,25.37397526747256,12.306453534986002,12.804788945734291,0.0,0.0,24.23204419889503,39.87257617728532,39.968080255357954,38.37015423092955,,,52,Cobble Hill,Brooklyn,OUTER,1.3808103857516836,64.54483100977298,20.218731741578644
yellow,54,0.0,0.3331578947368421,24.049723756906076,28.63157894736842,28.46341811414392,27.3856,14.476001127795902,14.876179050187218,0.0,0.0,4.45303867403315,10.526315789473685,36.72456575682382,43.60526315789474,,,54,Columbia Street,Brooklyn,OUTER,0.8424794565285791,136.38500718296984,19.051591763695953
yellow,55,0.0,0.01608698890295673,24.988950276243095,56.988919667590025,41.441795813441054,37.5997966783347,12.033224971082191,12.965540624429895,0.0,0.0,15.044198895027625,37.19390581717452,17.645978699963276,12.236538318313846,,,55,Coney Island,Brooklyn,OUTER,12.971820437191223,147.23088332385558,128.0564771132831
yellow,61,0.0,0.09438197532936142,170.58011049723757,303.8476454293629,27.627512468318205,26.723688708008165,9.926478415305809,11.060306443148756,0.0,0.0,67.57458563535911,198.06648199445982,15.939007440111192,15.578585214399597,,,61,Crown Heights North,Brooklyn,OUTER,3.6262358772061045,193.10794899024793,78.12606906142408
yellow,62,0.0,0.0816452032990884,52.41988950276243,86.83102493074792,27.327830707676917,26.421683306805576,9.513450937535044,10.497286486929838,0.0,0.0,22.093922651933703,57.43213296398892,15.303825956489122,15.916654608594994,,,62,Crown Heights South,Brooklyn,OUTER,4.5052546807019835,159.94538800905212,65.6451887907396
yellow,63,0.0,0.022935941803799702,23.790055248618785,53.664819944598335,30.75377548246806,26.679153895049087,11.671899466138122,13.178365102631227,0.0,0.0,10.162983425414364,39.22160664819945,12.231584669747214,7.062645667066883,,,63,Cypress Hills,Brooklyn,OUTER,7.11264774666736,285.9261105367818,125.57669321812116
yellow,65,0.0,0.28966304305775853,160.13812154696132,204.2382271468144,26.01437581600884,26.271347247475727,13.067293956234522,13.266298193285031,0.0,0.0,82.51657458563535,143.207756232687,40.30330420809481,36.274130527293124,,,65,Downtown Brooklyn/MetroTech,Brooklyn,OUTER,0.9351695578569514,73.55029211018275,27.53879287070351
yellow,66,0.0,0.38761936554179816,144.12983425414365,196.0415512465374,26.21838155933597,25.912715869547625,13.436928034121904,13.861138500113364,0.0,0.0,53.748618784530386,136.9196675900277,51.20522177108496,49.04507566561463,,,66,DUMBO/Vinegar Hill,Brooklyn,OUTER,0.43439953283560584,154.74081136655204,36.01732927886256
yellow,67,0.0,0.12739234449760767,15.67403314917127,28.202216066481995,31.195312705727453,28.75471291866029,12.1965894117321,13.742681335539846,0.0,0.0,4.196132596685083,12.736842105263158,25.082290980908493,21.705089169204,,,67,Dyker Heights,Brooklyn,OUTER,7.392441614265568,203.5376459582135,79.92954205263452
yellow,71,0.0,0.044285893889866736,35.29834254143646,74.24376731301939,26.721026945761537,26.500064956835136,9.121718708769656,10.585582683950294,0.0,0.0,23.886740331491712,66.09972299168975,9.76061061639875,10.19612773447322,,,71,East Flatbush/Farragut,Brooklyn,OUTER,6.637180810407458,176.72140306455057,110.33216283700908
yellow,72,0.0,0.026205776041476506,38.29281767955801,78.98337950138504,27.83597825022044,25.522491146080544,9.593097547642321,10.585529256638402,0.0,0.0,28.196132596685082,75.86980609418282,13.069462133829724,8.536273686516484,,,72,East Flatbush/Remsen Village,Brooklyn,OUTER,6.568529725750905,169.07876757219734,106.26160279542192
yellow,76,0.0,0.011172623486891171,77.29558011049724,179.8808864265928,30.561226336534723,27.326067351270726,10.598064800887895,11.737213040652406,0.0,0.0,49.75966850828729,144.85595567867037,10.664520068839172,6.849865182720441,,,76,East New York,Brooklyn,OUTER,7.535415926204967,191.11117501625867,132.71820480478397
yellow,77,0.0,0.017044208987943003,19.0414364640884,47.12742382271468,29.956101099929793,27.267658019729634,10.464912767707451,11.65891208489327,0.0,0.0,11.803867403314918,37.908587257617725,11.303533816990404,8.8637194008038,,,77,East New York/Pennsylvania Avenue,Brooklyn,OUTER,7.370730382095312,221.15395710876706,147.4993097899712
yellow,80,0.0,0.2175548866855524,136.71270718232043,204.7950138504155,27.928424062465634,25.983527502360722,14.800546132991562,14.293729856529591,0.0,0.0,50.23756906077348,140.80886426592798,31.881667216540198,27.433506452628265,,,80,East Williamsburg,Brooklyn,OUTER,1.769116300757561,180.28598297737778,49.79954539068583
yellow,85,0.0,0.07078103207810321,25.522099447513813,58.30193905817175,28.302199402539205,27.410745583449557,9.716897846507425,11.224649055316805,0.0,0.0,14.795580110497237,47.66759002770083,13.797610156833457,13.749418874941888,,,85,Erasmus,Brooklyn,OUTER,6.561960886393095,222.17452557930736,128.4370812756594
yellow,89,0.0,0.08816732288278595,98.45580110497238,173.52354570637118,29.068389200667376,28.06142354063241,9.778590383682188,11.363147454565205,0.0,0.0,36.425414364640886,113.27146814404432,14.985590778097983,15.903254994986671,,,89,Flatbush/Ditmas Park,Brooklyn,OUTER,6.282985390682821,210.9682350079178,76.24512091609765
yellow,91,0.0,0.019101709045435598,38.64364640883978,76.202216066482,28.812751685148946,26.407355981659023,9.50076238452632,10.530166580643703,0.0,0.0,25.408839779005525,66.45429362880887,10.730593607305936,8.282617757398917,,,91,Flatlands,Brooklyn,OUTER,8.780479586417835,161.54005537756916,97.19209533252186
yellow,97,0.0,0.21911007249141548,142.15745856353593,201.9667590027701,24.670017711803652,25.47186570011446,11.682597725459692,12.328880109143984,0.0,0.0,65.50552486187846,145.207756232687,28.701556108463713,28.51583365127814,,,97,Fort Greene,Brooklyn,OUTER,1.2827728155052491,121.67253302506089,42.072572936792454
yellow,106,0.0,0.16477012021657336,36.33977900552486,55.75623268698061,27.27973858173077,26.653678994218595,11.987506732171974,13.092328184634031,0.0,0.0,9.193370165745856,30.185595567867036,20.01201923076923,20.987427732403415,,,106,Gowanus,Brooklyn,OUTER,2.813466725550922,228.3409133283614,53.43030203486874
yellow,108,0.0,0.012434417628541448,10.42817679558011,19.650969529085874,37.59704816404387,32.93960965372508,11.538650320498451,12.087924416708079,0.0,0.0,5.792817679558011,13.199445983379501,15.975202670481641,13.263378803777545,,,108,Gravesend,Brooklyn,OUTER,11.83017755428549,127.85881955094797,88.44108528553872
yellow,111,0.0,0.111328125,0.8839779005524862,1.1772853185595569,32.49603174603175,26.525546875,11.265221666201958,13.253905404300154,0.0,0.0,0.17403314917127072,0.3545706371191136,19.047619047619047,14.84375,,,111,Green-Wood Cemetery,Brooklyn,OUTER,4.680171975635799,103.7374137097129,33.180401662049874
yellow,112,0.0,0.25492596971232334,236.3314917127072,335.34072022160666,24.371878098763798,24.21488956445045,13.37768006717838,13.029916459903385,0.0,0.0,41.78729281767956,147.61495844875347,29.86051431215707,31.753269905609038,,,112,Greenpoint,Brooklyn,OUTER,0.7314321442995272,253.25322243966917,41.894217224870964
yellow,123,0.0,0.0163448275862069,20.60220994475138,35.75623268698061,29.634912904372555,25.653016551724136,10.013253721058684,10.279889899353286,0.0,0.0,7.7707182320441985,20.083102493074794,11.660149306789904,9.972413793103449,,,123,Homecrest,Brooklyn,OUTER,10.474788800845836,158.44589770682816,73.55532626289867
yellow,133,0.0,0.15158806544754572,28.93646408839779,44.70083102493075,28.87204732879168,28.408924179232166,11.193312663081203,13.176367655944974,0.0,0.0,7.704419889502763,25.90304709141274,16.52922194334887,21.91209496310555,,,133,Kensington,Brooklyn,OUTER,6.3510777253337665,236.2102204048552,54.47924421026187
yellow,149,0.0,0.013755094479436828,17.734806629834253,29.177285318559555,29.67147135416667,25.94351055946647,9.82602164018424,10.428241128753148,0.0,0.0,6.3646408839779,14.952908587257618,16.44965277777778,11.337532419414599,,,149,Madison,Brooklyn,OUTER,10.811791998178442,134.93719221298863,64.5198954099464
yellow,150,0.0,0.015306122448979591,10.165745856353592,17.141274238227147,34.101748031496065,30.782083460249773,12.014064795399937,13.389271229097913,0.0,0.0,3.5082872928176796,9.094182825484765,11.417322834645669,9.412123058178496,,,150,Manhattan Beach,Brooklyn,OUTER,13.464932464525674,159.22001439570747,68.61796940864747
yellow,154,0.0,0.052003081664098616,8.251381215469614,13.307479224376731,31.680904522613066,33.95745762711864,19.879881970387917,19.855242247136367,0.0,0.0,1.649171270718232,1.7977839335180055,5.360134003350084,7.704160246533128,,,154,Marine Park/Floyd Bennett Field,Brooklyn,OUTER,11.767331688586678,9.011354092716584,61.27577767741468
yellow,155,0.0,0.009307211256595662,30.12154696132597,54.56509695290859,31.395552289982856,27.94083349618917,10.564464413880058,11.13450076537111,0.0,0.0,11.279005524861878,28.349030470914126,12.564290962527553,7.602110611686535,,,155,Marine Park/Mill Basin,Brooklyn,OUTER,10.056909560386446,151.34335122387742,81.14971658981023
yellow,165,0.0,0.02600502512562814,30.604972375690608,49.43490304709141,27.503356481481482,25.89181608040201,8.722207227098833,9.729319418969599,0.0,0.0,11.933701657458563,27.562326869806093,9.51388888888889,10.492462311557789,,,165,Midwood,Brooklyn,OUTER,8.55467889105911,130.962090899764,61.52572346824705
yellow,177,0.0,0.057961676378305696,35.767955801104975,81.05817174515235,28.839402120315583,27.54630733602271,10.202945305739263,11.968353826774718,0.0,0.0,22.408839779005525,74.1606648199446,12.1301775147929,10.589421783953384,,,177,Ocean Hill,Brooklyn,OUTER,5.644746285773593,230.94379517776065,126.6223213758507
yellow,178,0.0,0.03603515625,9.477900552486188,15.168975069252078,28.4386529006883,25.1360703125,10.13189633188828,10.409486876956517,0.0,0.0,2.8093922651933703,7.091412742382271,23.59882005899705,14.7265625,,,178,Ocean Parkway South,Brooklyn,OUTER,8.708703085995149,152.41803468460003,60.045729381208155
yellow,181,0.0,0.16201138896859205,278.8563535911602,346.4903047091413,26.425773681515615,26.573780210563488,11.489428997421749,11.97364342781887,0.0,0.0,53.950276243093924,125.50415512465374,21.09062980030722,20.963648001412587,,,181,Park Slope,Brooklyn,OUTER,2.7844647874635746,132.62930955004944,24.254047019900902
yellow,188,0.0,0.07740108413639733,93.95580110497238,170.29362880886427,27.870773042616452,26.8125,9.443803431888961,10.552299641777905,0.0,0.0,41.80939226519337,119.57894736842105,15.156921043937892,14.779466271312083,,,188,Prospect-Lefferts Gardens,Brooklyn,OUTER,5.368679414229982,186.00977170378874,81.24865820536536
yellow,189,0.0,0.18321532928748033,96.51104972375691,123.74792243767313,26.564041018387552,27.015072488199593,11.08814187884814,11.756146938582079,0.0,0.0,19.53038674033149,49.29639889196676,23.47949080622348,24.685322544391997,,,189,Prospect Heights,Brooklyn,OUTER,3.0413502388719955,152.40871851332346,28.221507062534478
yellow,190,0.0,0.14196735395189003,13.933701657458563,19.23268698060942,26.898315132605305,26.61864261168385,10.80481032505223,11.36610922635907,0.0,0.0,3.541436464088398,9.673130193905816,18.876755070202808,19.558991981672396,,,190,Prospect Park,Brooklyn,OUTER,4.222615889874451,173.1414298123171,38.02998982911598
yellow,195,0.0,0.22802250190694126,45.20441988950276,66.93351800554017,44.40390780784669,37.95781973048564,17.29949553001364,16.51177440592254,0.0,0.0,21.334254143646408,43.578947368421055,31.710475203936294,29.93262140859395,,,195,Red Hook,Brooklyn,OUTER,1.5589721367957745,104.26749899480026,48.06852553168872
yellow,210,0.0,0.009320832879101711,22.022099447513813,40.686980609418285,35.81937419520989,30.988280824157854,10.824719398036757,11.675032320529057,0.0,0.0,10.726519337016574,25.409972299168974,18.31058459953644,13.605145535811621,,,210,Sheepshead Bay,Brooklyn,OUTER,12.342593935562283,136.8892601673749,84.7552305645938
yellow,217,0.0,0.12833725273205146,38.25966850828729,47.37673130193906,26.639584949573315,26.135744916309307,11.011265311228211,11.900866923338834,0.0,0.0,7.121546961325967,20.024930747922436,22.924747866563226,19.477106100428827,,,217,South Williamsburg,Brooklyn,OUTER,0.8759287733335366,181.18793369852298,23.829434883046495
yellow,222,0.0,0.004817495921696574,16.386740331491712,32.64542936288089,33.87938608730317,31.4223174959217,10.66391169288464,11.060859841769538,0.0,0.0,13.859116022099448,27.168975069252078,14.430934821606538,11.643556280587276,,,222,Starrett City,Brooklyn,OUTER,9.9308843165694,96.03685419711485,99.2185675887202
yellow,225,0.0,0.13561729250381044,100.59668508287292,192.7146814404432,27.781796918655704,27.449543670038334,9.716136798230046,10.865147212503041,0.0,0.0,34.60497237569061,119.95013850415512,19.35020356030973,19.86744261235047,,,225,Stuyvesant Heights,Brooklyn,OUTER,3.1372132692195307,246.626887032044,91.57160226669716
yellow,227,0.0,0.0841326105087573,21.57734806629834,42.15512465373961,31.588445356593123,28.475806227411734,10.577810775538726,11.978422571057516,0.0,0.0,5.383977900552487,19.92797783933518,14.571575166752181,14.831804281345565,,,227,Sunset Park East,Brooklyn,OUTER,5.280116429723159,270.13483724162825,95.3674961548296
yellow,228,0.0,0.14080961164564534,55.09668508287293,102.50692520775624,32.10752891287587,29.986465925519717,12.651791147324055,14.305902874516427,0.0,0.0,14.331491712707182,55.56509695290859,19.371626831148806,19.696894162221447,,,228,Sunset Park West,Brooklyn,OUTER,3.299657045647769,287.71328251644,86.04916984310734
yellow,255,0.0,0.28328772953909764,265.54696132596683,349.37673130193906,24.26981492266874,24.19386282378694,13.18336889696274,13.295998037938691,0.0,0.0,85.37569060773481,227.78393351800554,36.339222157509866,34.10798978475009,,,255,Williamsburg (North Side),Brooklyn,OUTER,0.5226323195916436,166.80186350067302,31.568717471810448
yellow,256,0.0,0.31795095465588363,224.91160220994476,302.25207756232686,25.47154604494697,25.01820074676754,12.682336793631448,13.13691339741814,0.0,0.0,59.1243093922652,169.89196675900277,39.200112133813015,35.77962205083889,,,256,Williamsburg (South Side),Brooklyn,OUTER,0.551333398809128,187.3470633404616,34.387054554966134
yellow,257,0.0,0.18857142857142858,45.84530386740332,57.36842105263158,30.351260894828584,30.000167741935485,12.394648546365763,14.068530392214806,0.0,0.0,4.754143646408839,15.02770083102493,22.661243463102846,27.078341013824886,,,257,Windsor Terrace,Brooklyn,OUTER,4.813051837274152,216.0969030116807,25.134782002004297
yellow,1,0.0,0.3469055374592834,280.8425414364641,227.78670360110803,79.76515267175573,84.38771986970684,23.593532397025847,23.919313444539355,0.0,0.0,0.7237569060773481,0.850415512465374,24.045801526717558,32.899022801302934,,,1,Newark Airport,EWR,AIRPORT,11.301395138102,17.500158592544036,-18.891667040179904
yellow,4,0.0,0.7294312933025404,431.646408839779,545.1357340720222,17.730575386335143,18.4526189064353,11.309130538971255,11.874170327001403,0.0,0.0,182.87016574585635,355.0360110803324,77.5842535385731,73.51679046251795,,,4,Alphabet City,Manhattan,CRZ,0.0,94.14649165558441,26.292197249431727
yellow,12,0.0,0.745791359610574,66.79834254143647,65.88919667590028,25.065314142678346,24.575606111824758,11.983451331443655,12.25630006607742,0.0,0.0,44.14364640883978,40.97229916897507,84.86232790988736,84.53789466567507,,,12,Battery Park,Manhattan,CRZ,0.0,-7.1841533218462095,-1.3610305749311435
yellow,13,0.0,0.7313492515801201,819.0828729281768,909.8587257617728,23.161931601756642,22.840489975107822,13.884593082356094,14.032864269091766,0.0,0.0,668.6546961325967,753.3878116343491,80.50840105266202,79.43031109705743,,,13,Battery Park City,Manhattan,CRZ,0.0,12.67217832938834,11.08262128703501
yellow,24,0.0,0.19565414860761465,349.1381215469613,382.8753462603878,16.393059245245443,17.295290285743945,11.444459985238245,11.81044727744063,0.0,0.0,277.43093922651934,320.202216066482,21.176939161605098,24.587994082686667,,,24,Bloomingdale,Manhattan,MN_NORTH,3.8063658163180722,15.416909505194143,9.663002299474943
yellow,41,0.0,0.17351642625222616,646.7044198895028,757.437673130194,17.5218106433388,19.09113703909431,11.408373233441171,12.052093090443243,0.0,0.0,303.1491712707182,483.7368421052632,19.6601057043922,23.256160202486413,,,41,Central Harlem,Manhattan,MN_NORTH,4.126082591284102,59.570563916625915,17.12269930977297
yellow,42,0.0,0.191303967254933,437.7596685082873,596.8642659279778,21.096144036988015,22.524729194628076,11.67625585528761,13.318214575143443,0.0,0.0,148.17403314917127,332.2908587257618,21.30912209399877,27.73743924906425,,,42,Central Harlem North,Manhattan,MN_NORTH,5.431837317802808,124.2571465887242,36.34519323396246
yellow,43,0.0,0.4677356746922252,1236.110497237569,1192.2853185595568,15.518666101643323,15.43225662987696,9.045530455322337,9.059679478925501,0.0,0.0,1724.207182320442,1630.639889196676,47.42911707358495,47.45073989953471,,,43,Central Park,Manhattan,CRZ_PARTIAL,0.0,-5.4266850343264945,-3.5454094739872932
yellow,45,0.0,0.721014533227583,304.4171270718232,374.5761772853186,21.100454350267558,21.383564159563893,10.846205834613892,11.361890415516784,0.0,0.0,167.2596685082873,247.97506925207756,74.61187817929577,71.57474949452072,,,45,Chinatown,Manhattan,CRZ,0.0,48.25753958719046,23.047011476769597
yellow,48,0.0,0.7455573521352307,2626.8204419889503,2782.4487534626037,16.02883823415977,16.159633034565584,10.588888728883623,10.798760133567818,0.0,0.0,2721.756906077348,2850.7368421052633,62.34588074813555,62.40705615304786,,,48,Clinton East,Manhattan,CRZ,0.0,4.738848489367986,5.92458886743763
yellow,50,0.0,0.7279746612704557,1143.7762430939226,1246.5041551246538,16.418587186314515,16.97063184937533,11.028640398870154,11.33241194972799,0.0,0.0,654.6436464088398,787.1191135734072,64.3925040404083,63.81171916241422,,,50,Clinton West,Manhattan,CRZ,0.0,20.236271732152943,8.981469290956024
yellow,68,0.0,0.7452843454730959,2837.9447513812156,3094.7091412742384,17.629148848362647,17.50288467373464,8.837425524908918,9.17217301255677,0.0,0.0,2931.8093922651933,3122.2991689750693,76.36375628347851,75.45579559064898,,,68,East Chelsea,Manhattan,CRZ,0.0,6.4973451961929385,9.04754716482965
yellow,74,0.0,0.1751099016118903,732.3342541436464,865.213296398892,17.568200191609932,19.799987249509964,11.845795837379265,12.908650098691265,0.0,0.0,271.03867403314916,436.6786703601108,17.0808023156264,23.471685665531176,,,74,East Harlem North,Manhattan,MN_NORTH,4.055627288576242,61.11304850417885,18.144589236867994
yellow,75,0.0,0.194458493820436,1247.707182320442,1378.3739612188365,16.198580801510786,17.66898069615739,11.32105772039425,11.715511497415529,0.0,0.0,681.6546961325967,854.393351800554,21.711467464205967,24.52761675031449,,,75,East Harlem South,Manhattan,MN_NORTH,2.9988292376919716,25.34107909004355,10.472551633099126
yellow,79,0.0,0.7472411407011313,2245.9585635359117,2597.95567867036,15.496646607601823,15.970706286457592,10.656524588739822,10.86843859186494,0.0,0.0,2499.983425414365,2998.398891966759,78.63554896496551,77.65243130682857,,,79,East Village,Manhattan,CRZ,0.0,19.93675083944939,15.672467019172597
yellow,87,0.0,0.7380544602210225,889.1408839779006,1136.4626038781164,23.244029300225733,22.71853566653692,13.471645822973654,13.474812087362926,0.0,0.0,611.878453038674,818.4072022160665,75.89164785553048,75.73287752373538,,,87,Financial District North,Manhattan,CRZ,0.0,33.75323124253546,27.815807860924213
yellow,88,0.0,0.7175329728705514,432.5497237569061,538.4127423822715,24.631087483631145,24.19127425172393,13.546831511361995,13.630074771921176,0.0,0.0,326.97513812154693,409.3434903047091,75.23761246990242,74.21518139308263,,,88,Financial District South,Manhattan,CRZ,0.0,25.191013805013917,24.474184772537445
yellow,90,0.0,0.7448862192236949,1595.5331491712707,1725.8947368421052,15.094569023984711,15.182355941099592,9.20404402580588,9.441849030774765,0.0,0.0,1722.8977900552486,1841.8808864265927,81.23327491746687,80.54590107968038,,,90,Flatiron,Manhattan,CRZ,0.0,6.905986940033659,8.170409228949271
yellow,100,0.0,0.7438005165141697,1421.5082872928176,1488.6509695290858,16.8747611964158,16.82837508188539,9.255282966249156,9.335071105211446,0.0,0.0,1641.6436464088397,1687.2105263157894,72.89588153632577,72.14928014736908,,,100,Garment District,Manhattan,CRZ,0.0,2.7756864290632732,4.7233408933645915
yellow,105,0.0,0.6428571428571429,0.016574585635359115,0.01662049861495845,20.674999999999997,39.471428571428575,13.961977186311787,30.86928876373876,0.0,0.0,0.011049723756906077,0.019390581717451522,100.0,71.42857142857143,,,105,Governor's Island/Ellis Island/Liberty Island,Manhattan,MN_NORTH,0.7432900259635016,75.48476454293629,0.27700831024932704
yellow,107,0.0,0.7435732524257262,2109.1243093922653,2249.916897506925,14.858261866226597,15.205280495058428,9.747162014630927,9.875033171301999,0.0,0.0,2172.759668508287,2305.332409972299,77.09802056859228,76.1995854486467,,,107,Gramercy,Manhattan,CRZ,0.0,6.101583317543358,6.675404929320106
yellow,113,0.0,0.7474910683829734,1413.121546961326,1518.6509695290858,15.101645785306205,15.261019387606881,8.92975111162713,9.13496108669465,0.0,0.0,1543.403314917127,1697.2603878116342,81.69915806354615,81.00148357055774,,,113,Greenwich Village North,Manhattan,CRZ,0.0,9.968688767703494,7.467823471709334
yellow,114,0.0,0.7481283660514576,1110.5690607734807,1253.8975069252078,15.451240506550374,15.802174562959998,9.765442100681783,9.946038321337547,0.0,0.0,1580.4005524861877,1773.4515235457063,81.25851023850517,80.35381808639585,,,114,Greenwich Village South,Manhattan,CRZ,0.0,12.215319132597301,12.90585621500231
yellow,116,0.0,0.221898847923177,256.5966850828729,357.86703601108036,21.528637401031247,22.703668405734902,13.354668476963141,14.344411192410181,0.0,0.0,98.04143646408839,206.54016620498615,25.43743484263616,29.57176003540725,,,116,Hamilton Heights,Manhattan,MN_NORTH,6.328003802520556,110.66619753234619,39.466741706152675
yellow,120,0.0,0.2117414248021108,6.176795580110498,8.836565096952908,31.933551401869156,27.33584432717678,18.153890059890983,18.145563051375195,0.0,0.0,0.5911602209944752,2.0997229916897506,20.093457943925234,27.83641160949868,,,120,Highbridge Park,Manhattan,MN_NORTH,7.767141004438537,255.1867864447148,43.06066927982792
yellow,125,0.0,0.7439101488323762,574.9530386740331,652.7063711911358,16.762090772014474,17.286249534467775,10.246713601424055,10.240422081638346,0.0,0.0,549.6132596685082,602.4736842105264,82.45878568556493,81.22698201781206,,,125,Hudson Sq,Manhattan,CRZ,0.0,9.617749137620901,13.523423181903471
yellow,127,0.0,0.18881640260950605,88.51657458563535,148.1274238227147,30.267810473815462,27.240552345448897,13.750430391932463,17.012187824076648,0.0,0.0,11.077348066298342,44.58448753462604,19.925187032418954,26.84063373718546,,,127,Inwood,Manhattan,MN_NORTH,10.952612943373117,302.48340367916774,67.34427932410424
yellow,128,0.0,0.23007246376811594,9.62707182320442,15.808864265927978,30.35565459610028,29.751537842190018,15.970061469756985,16.822002176597188,0.0,0.0,0.9917127071823204,3.440443213296399,17.827298050139277,28.904991948470208,,,128,Inwood Hill Park,Manhattan,MN_NORTH,11.777043342932085,246.91934351345304,64.21259294880713
yellow,137,0.0,0.7287199164452495,1364.3922651933701,1535.792243767313,15.136198888586454,15.903505027808867,10.16107690603086,10.629744070565172,0.0,0.0,1146.8149171270718,1296.9418282548477,73.09507234786714,70.76822527317618,,,137,Kips Bay,Manhattan,CRZ,0.0,13.090770697669708,12.562368092115438
yellow,140,0.0,0.3468648010470824,2183.4475138121547,2342.5207756232685,15.534148317164634,15.917952806292172,10.328743732710956,10.327918756508861,0.0,0.0,2125.950276243094,2289.9667590027702,39.725881438784604,40.26053675070584,,,140,Lenox Hill East,Manhattan,CRZ_PARTIAL,0.0,7.714972668576259,7.285417249777737
yellow,141,0.0,0.3807472461501649,2824.491712707182,2948.074792243767,13.637201467734977,13.891202304346331,9.772592851482361,9.822693753698214,0.0,0.0,2460.2872928176794,2593.196675900277,40.82194057200345,41.973777538498354,,,141,Lenox Hill West,Manhattan,CRZ_PARTIAL,0.0,5.402189552033221,4.375409528751439
yellow,142,0.0,0.4557396746406051,3029.7983425414363,3101.97783933518,14.567021122934946,14.665140312618751,10.00345638717979,10.088472184090962,0.0,0.0,3488.3922651933703,3513.5235457063714,44.34185039887615,43.892770474510044,,,142,Lincoln Square East,Manhattan,CRZ_PARTIAL,0.0,0.7204258753740866,2.3823201623774937
yellow,143,0.0,0.40334588853745496,1593.124309392265,1690.5650969529086,14.472792257197758,15.107570997688082,10.353525636546268,10.525563710453333,0.0,0.0,1209.03591160221,1321.5872576177285,42.569647063661975,43.53386027462151,,,143,Lincoln Square West,Manhattan,CRZ_PARTIAL,0.0,9.309181384560027,6.116332980808914
yellow,144,0.0,0.7473847446194845,1059.8038674033148,1235.4127423822715,17.029393260762514,17.35412693092333,9.565404987108723,9.790151033289545,0.0,0.0,1116.328729281768,1338.8310249307478,81.06931016478146,80.09405815632772,,,144,Little Italy/NoLiTa,Manhattan,CRZ,0.0,19.93161062800337,16.56994094664195
yellow,148,0.0,0.746452592057053,1171.8867403314916,1420.5567867036011,17.84346530553034,18.391920366661445,11.653840189385726,11.89608890304231,0.0,0.0,1180.6298342541436,1467.4598337950138,74.35211096240418,72.70312768403387,,,148,Lower East Side,Manhattan,CRZ,0.0,24.294659614634707,21.21963136998788
yellow,151,0.0,0.1749755885863079,953.4723756906077,1002.6952908587258,15.143366833847114,15.792393132255613,11.243753030103994,11.481467447481625,0.0,0.0,857.5773480662983,919.1468144044321,19.75177407768898,21.722843055706242,,,151,Manhattan Valley,Manhattan,MN_NORTH,3.085800995570948,7.179465091628545,5.162489907740175
yellow,152,0.0,0.2213301129817895,151.68232044198896,203.1939058171745,18.942807336880424,20.703219879944218,12.845907648981536,13.806734449850095,0.0,0.0,78.9171270718232,137.05540166204986,23.018762251470175,28.985185035471027,,,152,Manhattanville,Manhattan,MN_NORTH,5.435832885186418,73.67003430993438,33.960177577113335
yellow,153,0.0,0.046756208819057274,4.475138121546961,8.13573407202216,29.51607784431138,27.128844399391788,12.682224571431608,14.243958607906093,0.0,0.0,1.8453038674033149,5.465373961218837,16.167664670658684,12.569690826153066,,,153,Marble Hill,Manhattan,MN_NORTH,13.097474457859457,196.17745119179926,81.79850210321122
yellow,158,0.0,0.743616192542336,1132.0,1259.2548476454294,17.19609643824308,17.298227525329157,9.937383922564722,10.036187674162003,0.0,0.0,1097.6022099447514,1223.2299168975069,81.92896620458458,81.69892161436277,,,158,Meatpacking/West Village West,Manhattan,CRZ,0.0,11.445649964487515,11.241594314967273
yellow,161,0.0,0.7473734949547979,4072.5303867403313,4355.85595567867,16.62947108421059,16.690162402697442,9.198236757903883,8.931926542484188,0.0,0.0,5067.439226519337,5318.675900277009,59.817336663008824,60.46341694608764,,,161,Midtown Center,Manhattan,CRZ,0.0,4.957862591481699,6.9569909130896335
yellow,162,0.0,0.7467716294908392,3136.060773480663,3260.465373961219,16.11739609301205,16.03988532822215,9.264920215831966,9.203301916612668,0.0,0.0,3760.9337016574586,3863.1274238227147,60.35382655946786,60.71774551498685,,,162,Midtown East,Manhattan,CRZ,0.0,2.717243383477319,3.966906557824168
yellow,163,0.0,0.747427125336945,2693.596685082873,2847.257617728532,16.719584671011518,16.6400675077283,9.61295627421974,9.450529180972184,0.0,0.0,3094.1988950276245,3149.7368421052633,54.40326756539595,54.85284352999635,,,163,Midtown North,Manhattan,CRZ,0.0,1.7949055300513495,5.704674849677094
yellow,164,0.0,0.746749174970829,2361.259668508287,2493.7174515235456,16.48536683648021,16.365258627655688,9.705997535263512,9.794654109513777,0.0,0.0,2464.516574585635,2571.0498614958447,73.64684387802568,73.24071889319495,,,164,Midtown South,Manhattan,CRZ,0.0,4.322684943927446,5.609623743708703
yellow,166,0.0,0.1927233490306817,762.0303867403314,891.5373961218836,17.638988418462585,18.51830481319592,11.56392688863534,11.914812082083255,0.0,0.0,520.9281767955802,655.2853185595568,19.742703207194978,24.033852163105877,,,166,Morningside Heights,Manhattan,MN_NORTH,4.122225892602416,25.791874532580785,16.994992802784758
yellow,170,0.0,0.7431530958874148,3211.8563535911603,3386.249307479224,16.076766237581456,15.91783816734674,9.389360841734774,9.450549458221142,0.0,0.0,3103.0939226519336,3242.2603878116342,70.6666844710323,70.7589178918302,,,170,Murray Hill,Manhattan,CRZ,0.0,4.4847648388537165,5.4296623101800945
yellow,186,0.0,0.7468272450500589,2388.185082872928,2619.617728531856,17.253860671135783,16.95020970127931,8.066481572861855,8.29845740668358,0.0,0.0,3595.3729281767955,3936.083102493075,76.0354199880909,75.81147786724995,,,186,Penn Station/Madison Sq West,Manhattan,CRZ,0.0,9.476351441769705,9.690733240010019
yellow,194,0.0,0.15114503816793892,14.212707182320441,18.3601108033241,47.102496962332935,41.75845801526717,17.460142645236015,17.436751893484345,0.0,0.0,4.54696132596685,5.443213296398892,21.32442284325638,17.96437659033079,,,194,Randalls Island,Manhattan,MN_NORTH,3.4010467337184376,19.71100931326848,29.18095453456413
yellow,202,0.0,0.17949101796407185,53.58011049723757,61.880886426592795,29.42257775434897,31.207560878243513,11.747222001175798,11.80881162166463,0.0,0.0,5.240331491712707,13.878116343490305,21.349499209277806,27.48502994011976,,,202,Roosevelt Island,Manhattan,MN_NORTH,0.27661789471054415,164.83279474662575,15.492271016841563
yellow,209,0.0,0.7243438299812449,317.2513812154696,355.0775623268698,22.22516279296637,22.00832530282777,13.282529761171416,13.333873620126125,0.0,0.0,226.53591160220995,267.33240997229916,73.68241348194034,72.85378262716694,,,209,Seaport,Manhattan,CRZ,0.0,18.008843755301186,11.923094224673992
yellow,211,0.0,0.7482288252799707,950.1546961325967,1082.174515235457,16.93762803035659,17.24288990060434,9.23674982288703,9.27398117748593,0.0,0.0,898.7099447513813,1029.4903047091414,82.95162187666176,82.05039203973674,,,211,SoHo,Manhattan,CRZ,0.0,14.55200988055596,13.894560500539432
yellow,224,0.0,0.7394701006512729,432.42541436464086,484.4681440443213,16.8082052473918,17.340907045589105,10.7524005157748,11.276465647588545,0.0,0.0,160.4585635359116,233.93351800554018,78.65062149227008,76.10420367081113,,,224,Stuy Town/Peter Cooper Village,Manhattan,CRZ,0.0,45.79060964433004,12.035076559074675
yellow,229,0.0,0.7467382726239348,2242.6629834254145,2337.4127423822715,14.720550786566738,15.126483763765503,9.22110224563559,9.224917382566124,0.0,0.0,1891.5690607734807,1912.97783933518,52.96751505663397,53.168111094217224,,,229,Sutton Place/Turtle Bay North,Manhattan,CRZ,0.0,1.1317999963979641,4.224877284599282
yellow,230,0.0,0.7462768119990231,3423.779005524862,3558.7451523545706,19.52346974566393,19.15020871204421,10.909218929775578,10.626299940179056,0.0,0.0,3630.729281767956,3788.304709141274,61.099165806909106,62.153017963143604,,,230,Times Sq/Theatre District,Manhattan,CRZ,0.0,4.3400489307918955,3.942022736044515
yellow,231,0.0,0.7361606200653767,1752.6906077348067,1995.7229916897506,18.87035694863765,19.13599446939973,10.996589362718273,11.10299697129124,0.0,0.0,1473.121546961326,1666.8781163434903,81.04168620023628,79.75398135084247,,,231,TriBeCa/Civic Center,Manhattan,CRZ,0.0,13.152789040512957,13.866245581645531
yellow,232,0.0,0.7010724621233615,515.2983425414365,635.0720221606648,21.09215315346162,21.486027539768106,11.813660713288282,12.546992715230095,0.0,0.0,161.35911602209944,292.90304709141276,70.68239402862426,66.00749021165522,,,232,Two Bridges/Seward Park,Manhattan,CRZ,0.0,81.5224663546727,23.24356003718313
yellow,233,0.0,0.7422705615099109,1627.0165745856355,1716.5429362880886,17.21390588032959,16.985413357862363,10.692809876302995,10.795479717721324,0.0,0.0,1252.842541436464,1288.9168975069251,64.50414416718667,65.03044279054973,,,233,UN/Turtle Bay South,Manhattan,CRZ,0.0,2.8794006331473776,5.502486151700925
yellow,234,0.0,0.7473538259231375,2590.718232044199,2896.831024930748,14.967593613698222,15.139865996450194,8.726820684926748,8.987888199271957,0.0,0.0,2934.2845303867402,3252.4875346260387,79.58974252761458,78.77729213012329,,,234,Union Sq,Manhattan,CRZ,0.0,10.844313185857235,11.815750130611914
yellow,236,0.0,0.2577716048237907,4794.093922651934,4996.16620498615,13.673668153558426,13.877170172616047,9.608823995172305,9.567875330943668,0.0,0.0,4611.1988950276245,4779.634349030471,30.460193595462403,31.44053022751193,,,236,Upper East Side North,Manhattan,MN_NORTH,1.4464198032718019,3.6527475356674444,4.215025520869142
yellow,237,0.0,0.40248219770518956,4598.265193370165,4949.036011080332,13.22222788572765,13.350646450575733,8.743266316015669,8.710238621326134,0.0,0.0,5105.762430939227,5472.542936288089,40.12084709833868,40.60158292113538,,,237,Upper East Side South,Manhattan,CRZ_PARTIAL,0.0,7.183657882832417,7.628329445111448
yellow,238,0.0,0.19768546876125964,2383.8618784530386,2452.8476454293627,14.520759941823895,14.92116386055034,10.916463634012297,11.048962513011034,0.0,0.0,2094.991712707182,2152.6648199445985,23.677489197467782,24.272563028237887,,,238,Upper West Side North,Manhattan,MN_NORTH,2.1882921517520453,2.7529038366882252,2.893865940802365
yellow,239,0.0,0.27340687356474586,3009.732044198895,3085.4764542936286,14.467116330003968,14.747112707784748,10.473829629666344,10.543471089853997,0.0,0.0,3027.085635359116,3043.415512465374,33.031424386638136,33.17483910135227,,,239,Upper West Side South,Manhattan,MN_NORTH,1.053500264468313,0.5394587095756354,2.516649621375011
yellow,243,0.0,0.23545647558386412,214.75138121546962,319.3074792243767,27.2385792,26.93858627034678,15.143411176527499,16.777709727916843,0.0,0.0,25.89779005524862,97.85318559556787,25.568,31.872611464968152,,,243,Washington Heights North,Manhattan,MN_NORTH,9.482361477194551,277.8437673130194,48.687043322902454
yellow,244,0.0,0.22622157060838283,348.7790055248619,524.185595567867,24.539740841777082,25.02576103294483,14.283849380930365,15.865168800148812,0.0,0.0,85.06077348066299,224.8365650969529,21.596518576253573,29.413793953133084,,,244,Washington Heights South,Manhattan,MN_NORTH,7.757100819379136,164.32461861878718,50.29161367641486
yellow,246,0.0,0.7364621042275699,2151.975138121547,2396.639889196676,16.762771246733877,16.93403023393208,8.924164722740306,9.303550658291622,0.0,0.0,1899.8370165745857,2170.8836565096954,77.34495980318172,76.57323249401229,,,246,West Chelsea/Hudson Yards,Manhattan,CRZ,0.0,14.26683644809743,11.369311231387936
yellow,249,0.0,0.7478633276978115,1917.2348066298343,2123.6315789473683,15.311298888257141,15.527814818620262,9.590994594990377,9.689306758056363,0.0,0.0,2511.8591160220994,2669.0609418282547,81.95037243220833,81.90291749824344,,,249,West Village,Manhattan,CRZ,0.0,6.258385464512339,10.765336181244468
yellow,261,0.0,0.7286291444814009,550.7817679558011,632.4265927977839,23.895617741416466,23.35227774812138,12.026093453547558,12.14436115436511,0.0,0.0,566.5801104972376,607.1385041551247,79.724234770992,78.99277752683903,,,261,World Trade Center,Manhattan,CRZ,0.0,7.158457013659114,14.823443619966481
yellow,262,0.0,0.28405221888907667,1634.2375690607735,1717.1440443213296,15.046815996723206,15.463906329220887,11.835227815656003,11.856962808698455,0.0,0.0,1483.7292817679559,1573.4958448753462,34.32295060602112,35.78513182355923,,,262,Yorkville East,Manhattan,MN_NORTH,1.6153140925887197,6.050063459044752,5.073098111935104
yellow,263,0.0,0.2612133159831797,2217.767955801105,2340.349030470914,13.983489284014846,14.476219263865179,11.439648805377763,11.495190856892206,0.0,0.0,2026.0690607734807,2133.0249307479226,30.409564829699075,32.12375750303238,,,263,Yorkville West,Manhattan,MN_NORTH,1.6153135157261183,5.278984415941368,5.527227244363808
yellow,2,0.0,0.24568965517241378,0.19337016574585636,0.27977839335180055,53.90314814814815,56.26862068965517,23.007316532407064,23.37254591889178,0.0,0.0,0.14917127071823205,0.16066481994459833,25.925925925925927,25.862068965517242,,,2,Jamaica Bay,Queens,OUTER,13.012192054988589,7.704934851749257,44.68539770478828
yellow,7,0.0,0.21128966984765213,250.0745856353591,331.70637119113576,22.42920091232844,24.531491103249305,12.900862969305201,14.574125193843658,0.0,0.0,69.03591160220995,212.19113573407202,19.122884238325796,21.487970130938237,,,7,Astoria,Queens,OUTER,1.865197811821603,207.36341537247034,32.64297543405961
yellow,8,0.0,0.11276849642004773,1.4723756906077348,2.0083102493074794,49.168486486486486,36.5190214797136,17.325647148802524,16.040396465777924,0.0,0.0,0.511049723756906,1.1606648199445984,16.216216216216218,13.365155131264917,,,8,Astoria Park,Queens,OUTER,3.3031196438951453,127.11387287564575,36.39930773908209
yellow,9,0.0,0.026063511084481725,10.975138121546962,15.939058171745152,31.810336749633965,26.897974835230677,14.74397737732923,15.65636614804729,0.0,0.0,1.8867403314917126,4.623268698060942,13.177159590043924,10.54523666866387,,,9,Auburndale,Queens,OUTER,13.671967616898442,145.0400100582813,45.228770656223126
yellow,10,0.0,0.16790823877651703,97.22099447513813,125.67313019390582,56.721738830561726,45.4640838677849,17.88938663716111,16.720953975214346,0.0,0.0,36.04696132596685,56.149584487534625,41.55107671085907,27.414898865318204,,,10,Baisley Park,Queens,OUTER,14.723504655236605,55.76787174869749,29.265423453412232
yellow,15,0.0,0.03573825503355705,12.30110497237569,16.74792243767313,37.674943457189016,32.29679865771812,17.08090514167153,17.63197432877105,0.0,0.0,1.7099447513812154,4.127423822714682,19.547657512116317,13.825503355704697,,,15,Bay Terrace/Fort Totten,Queens,OUTER,13.22656513412801,141.3776128954305,36.14974000533737
yellow,16,0.0,0.027601204416192706,19.38950276243094,30.346260387811633,34.57602510460251,28.52854131816661,14.940540843583758,16.976171626198713,0.0,0.0,2.6408839779005526,8.279778393351801,7.426778242677824,8.430913348946136,,,16,Bayside,Queens,OUTER,13.869873468582744,213.52298937168953,56.508708653480696
yellow,19,0.0,0.01763352926143624,14.511049723756907,21.50415512465374,36.39307582260372,32.06849220546895,18.36973040238675,19.13534489697158,0.0,0.0,3.861878453038674,10.839335180055402,8.44062947067239,7.411193457705085,,,19,Bellerose,Queens,OUTER,18.137400083424964,180.6752028025791,48.19158871358562
yellow,27,0.0,0.047038327526132406,2.453038674033149,2.886426592797784,40.83567901234568,40.83996515679443,18.401639047031946,19.380328272610523,0.0,0.0,0.44751381215469616,0.7950138504155124,11.11111111111111,14.982578397212544,,,27,Breezy Point/Fort Tilden/Riis Beach,Queens,OUTER,16.938897375695422,77.65124311754042,17.667390382071837
yellow,28,0.0,0.07377862279904109,36.947513812154696,63.99722991689751,41.88258894472362,31.55932131933537,17.739753389545523,16.866897098232542,0.0,0.0,13.743093922651934,33.50969529085872,23.91959798994975,13.234686285855997,,,28,Briarwood/Jamaica Hills,Queens,OUTER,12.164922223675745,143.82934060886146,73.21119424236933
yellow,30,0.0,0.025139664804469275,1.1546961325966851,1.5041551246537397,28.832375000000003,34.495810055865924,17.974452257043573,17.545846733077102,0.0,0.0,0.22099447513812154,0.49584487534626037,2.5,4.4692737430167595,,,30,Broad Channel,Queens,OUTER,16.941728854053622,124.36980609418282,30.264151943697073
yellow,38,0.0,0.025272727272727273,22.074585635359117,31.775623268698062,45.56562145435792,40.24580363636364,14.7681856587619,15.255469821621542,0.0,0.0,5.356353591160221,11.426592797783934,17.637957710159878,14.157575757575758,,,38,Cambria Heights,Queens,OUTER,18.983948428762954,113.32782840628077,43.94663525552118
yellow,53,0.0,0.06171158256880734,16.33977900552486,29.770083102493075,33.49546690843155,28.902548738532108,16.294336852264642,17.1776365204815,0.0,0.0,3.046961325966851,9.662049861495845,19.31097008159565,11.06651376146789,,,53,College Point,Queens,OUTER,8.161390862182063,217.1044469502716,82.19391518347412
yellow,56,0.0,0.09524810765349033,29.9585635359116,69.65650969529086,38.05704100652377,30.13653574432296,14.243835146163615,14.625265365561141,0.0,0.0,11.856353591160222,32.93628808864266,29.822926374650514,18.847771236333053,,,56,Corona,Queens,OUTER,7.815425066552785,177.79441491352853,132.50951138492667
yellow,57,0.0,0.07596982758620689,2.1988950276243093,3.9085872576177287,33.521394422310756,30.017359913793104,18.01967707482566,18.147151160983494,0.0,0.0,0.6933701657458563,2.5706371191135733,10.756972111553784,10.452586206896552,,,57,Corona,Queens,OUTER,8.706485217427486,270.7452737526349,77.7523350826153
yellow,64,0.0,0.0639622641509434,13.11049723756906,17.440443213296398,36.274169435215946,33.863509433962264,19.838224681696698,21.790168938765873,0.0,0.0,1.6629834254143647,3.670360110803324,10.631229235880399,13.88679245283019,,,64,Douglaston,Queens,OUTER,16.863832439991235,120.70936214465169,33.02655801123675
yellow,70,0.0,0.4045809597253663,49.53591160220994,62.146814404432135,42.45596517446578,42.48011152847915,18.327436594221922,18.309252426782628,0.0,0.0,408.50828729281767,334.06371191135736,50.56599945902083,49.69775367546456,,,70,East Elmhurst,Queens,OUTER,6.997427219343396,-18.223516559432397,25.458101797927913
yellow,73,0.0,0.025749063670411985,7.571823204419889,14.357340720221607,31.42922431865828,25.306454431960052,12.594465210233006,13.62340246737723,0.0,0.0,1.3176795580110496,4.437673130193906,11.740041928721174,11.298377028714107,,,73,East Flushing,Queens,OUTER,11.665028772082074,236.77938640045997,89.6153717884065
yellow,82,0.0,0.06915951972555746,63.07734806629834,131.92520775623268,31.021358997115602,24.59658113207547,14.050730371585171,14.184676615189169,0.0,0.0,24.900552486187845,80.74792243767313,19.78034169070335,9.979416809605489,,,82,Elmhurst,Queens,OUTER,5.801648201921937,224.2816499050108,109.14831044826236
yellow,83,0.0,0.09045716409589295,25.104972375690608,43.80886426592798,31.711155555555553,27.698748373908195,14.951898997822793,15.606432172760643,0.0,0.0,9.323204419889503,29.81163434903047,11.733333333333333,11.113175989593012,,,83,Elmhurst/Maspeth,Queens,OUTER,4.750258438986182,219.75738175848977,74.50273838320784
yellow,86,0.0,0.005317324185248714,22.964088397790054,39.73684210526316,50.129809949692564,45.085392795883365,13.558982451171522,13.700637069540472,0.0,0.0,9.883977900552486,24.224376731301938,15.902738960313025,13.642081189251,,,86,Far Rockaway,Queens,OUTER,20.336786667405597,145.08732187622422,73.03905740533219
yellow,92,0.0,0.05224051211705533,72.37016574585635,109.7590027700831,31.94760010607266,27.703549001676578,14.576489759167734,15.972281633095049,0.0,0.0,10.417127071823204,36.34903047091413,18.05887032617343,11.873190062490474,,,92,Flushing,Queens,OUTER,10.10643220528474,248.93526996740692,51.66332927234936
yellow,93,0.0,0.2663572933122696,43.42265193370166,99.78116343490305,50.649155946738894,47.28612734772686,22.553298760594473,22.02509917740312,0.0,0.0,48.96132596685083,63.124653739612185,38.23064770932069,32.337195014920134,,,93,Flushing Meadows-Corona Park,Queens,OUTER,8.269668863339461,28.927582113177674,129.7905793207895
yellow,95,0.0,0.061179054856328664,130.08011049723757,183.86703601108033,29.907387319387535,27.445780495527586,13.748236278328958,14.600964011618954,0.0,0.0,25.61878453038674,69.98891966759003,15.03127021781324,12.502968416053195,,,95,Forest Hills,Queens,OUTER,8.813685881520554,173.19375587306004,41.349077355669216
yellow,96,0.0,0.0534375,3.5580110497237567,5.847645429362881,30.708174273858923,28.5159375,16.121526077145198,16.52075345338936,0.0,0.0,0.6657458563535912,2.21606648199446,7.468879668049793,7.125,,,96,Forest Park/Highland Park,Queens,OUTER,6.726999297504747,232.86973712945831,64.3515252662549
yellow,98,0.0,0.019975786924939468,16.599447513812155,22.742382271468145,32.540431372549016,28.473599677159,14.166315645076477,16.071470503700592,0.0,0.0,2.81767955801105,6.864265927977839,16.470588235294116,8.474576271186441,,,98,Fresh Meadows,Queens,OUTER,13.888320978079562,143.6141437184292,37.00686274374219
yellow,101,0.0,0.015568862275449102,9.980662983425415,16.390581717451525,39.00184056271981,35.415357285429145,18.62021759508393,20.15317835900322,0.0,0.0,2.356353591160221,6.9390581717451525,11.840562719812427,9.10179640718563,,,101,Glen Oaks,Queens,OUTER,19.443381296282006,194.482890758704,64.22337618924583
yellow,102,0.0,0.04485645933014354,20.875690607734807,38.60387811634349,27.50001594048884,24.28197966507177,12.864906120907168,13.506876099216635,0.0,0.0,5.198895027624309,18.526315789473685,9.458023379383635,8.492822966507177,,,102,Glendale,Queens,OUTER,6.767538700440351,256.3510263437553,84.92263964690146
yellow,117,0.0,0.008753459270845866,14.665745856353592,28.457063711911356,46.86274728336584,44.94066418000241,13.102740550150838,13.764357771473165,0.0,0.0,9.914364640883978,23.022160664819946,15.213151295625522,10.937311996149681,,,117,Hammels/Arverne,Queens,OUTER,19.106735900865726,132.21014657745388,94.03761657019987
yellow,121,0.0,0.03223647125140924,22.939226519337016,42.24653739612188,30.39548010222709,28.252674746335966,12.8675939172576,14.507679575504818,0.0,0.0,7.566298342541437,19.656509695290858,12.121212121212121,10.414317925591883,,,121,Hillcrest/Pomonok,Queens,OUTER,12.326632901565315,159.79030703524245,84.16722708810357
yellow,122,0.0,0.01435108153078203,9.624309392265193,18.670360110803323,35.63865325077399,29.166757487520798,13.362825453263348,15.409182272592844,0.0,0.0,3.569060773480663,13.318559556786704,16.563467492260063,8.777038269550749,,,122,Hollis,Queens,OUTER,16.47671324538532,273.1670711731259,93.99168657034451
yellow,124,0.0,0.032138998919697515,25.569060773480665,39.03601108033241,38.36186137071651,31.2510893050054,16.526611424419983,15.610088397074776,0.0,0.0,7.093922651933702,15.385041551246537,12.188473520249222,10.064818149081743,,,124,Howard Beach,Queens,OUTER,10.556551894809825,116.87636454638812,52.668928382458205
yellow,129,0.0,0.09395177153965426,132.24861878453038,184.01385041551248,28.613306201829577,26.36908518664229,14.226928768859779,15.252636148043306,0.0,0.0,38.350828729281766,119.69806094182826,14.528560109486422,12.85320867371734,,,129,Jackson Heights,Queens,OUTER,4.976180698841843,212.1133621043134,39.14236088569061
yellow,130,0.0,0.04628552617140349,67.58839779005525,142.56786703601108,37.02397454391175,28.06996115439482,17.174418541651107,16.950829752504113,0.0,0.0,32.55524861878453,126.21883656509695,16.478574459058123,7.712059694941293,,,130,Jamaica,Queens,OUTER,13.382066429330907,287.70656628396347,110.93541450539912
yellow,131,0.0,0.030233380480905233,22.124309392265193,36.62049861495845,33.26261632653061,29.01181612446959,14.044452645518577,15.950473267838746,0.0,0.0,6.767955801104972,19.58448753462604,16.612244897959183,10.452616690240452,,,131,Jamaica Estates,Queens,OUTER,14.561764597388757,189.3707954095766,65.52154449512997
yellow,132,0.0,0.3204955014258746,1074.2513812154696,990.3518005540167,62.38525200824621,61.32124772896128,21.561860498896117,20.923791340322175,0.0,0.0,4818.530386740332,4839.329639889197,41.319938909871425,38.946238060947984,,,132,JFK Airport,Queens,AIRPORT,13.200839873568206,0.43165138495548927,-7.810050992582774
yellow,134,0.0,0.03879310344827586,34.81491712707182,52.717451523545705,45.3681113490364,36.95124499904744,15.972585286907554,16.122448454097906,0.0,0.0,12.900552486187845,29.0803324099723,9.057815845824411,6.887026100209564,,,134,Kew Gardens,Queens,OUTER,11.023010993707102,125.41927906659471,51.42202214967504
yellow,135,0.0,0.028779534553206608,27.566298342541437,42.26315789473684,32.429676294820716,28.247893053828392,13.517448760887191,14.5670095799681,0.0,0.0,5.54696132596685,15.592797783933518,14.890438247011952,10.836738319417304,,,135,Kew Gardens Hills,Queens,OUTER,10.440866657995246,181.10521901314414,53.314592222614856
yellow,138,0.0,0.40227022489211,1259.6077348066299,1186.0997229916898,43.00193480908234,43.592822360122675,18.117153696259383,18.263062109134815,0.0,0.0,3375.3812154696134,3283.1994459833795,49.64014705112089,50.17705349572026,,,138,LaGuardia Airport,Queens,AIRPORT,5.945584961254584,-2.7310032142075724,-5.835785997791188
yellow,139,0.0,0.01096657804785416,21.654696132596683,35.038781163434905,42.968180508881424,36.34012533232055,14.075983688346648,14.440126488583632,0.0,0.0,5.754143646408839,14.587257617728532,10.945751320211233,9.115077857956704,,,139,Laurelton,Queens,OUTER,18.659607885591452,153.5087497656135,61.806847571928
yellow,145,0.0,0.22897180073442805,236.29558011049724,317.58171745152356,33.718913420596124,29.94044384396868,14.450908047086912,14.755861815842708,0.0,0.0,70.06629834254143,199.90304709141273,26.66377542974294,25.785353010462135,,,145,Long Island City/Hunters Point,Queens,OUTER,0.4067540385757408,185.3055631883434,34.400193733211196
yellow,146,0.0,0.32243207151227754,78.29834254143647,108.24376731301939,21.5087706155007,24.114209249720655,12.093144516450904,13.01687130723317,0.0,0.0,51.25414364640884,101.6426592797784,29.152743343753368,28.27514784836345,,,146,Long Island City/Queens Plaza,Queens,OUTER,1.4085214586434618,98.31110628047742,38.24528565944474
yellow,157,0.0,0.1717387794639974,37.20441988950276,73.00554016620498,35.486908929101155,30.05531751157034,16.578001746073138,16.485856797509093,0.0,0.0,18.624309392265193,51.473684210526315,33.22456244437852,22.995371865245936,,,157,Maspeth,Queens,OUTER,4.172355436858705,176.37902231104312,96.22813736387144
yellow,160,0.0,0.07361609431060995,33.149171270718234,50.78670360110803,32.73943296703297,26.966618400820092,14.057189677505207,14.031755837939485,0.0,0.0,6.2845303867403315,21.617728531855956,12.659340659340659,11.378780112762685,,,160,Middle Village,Queens,OUTER,5.82620940010335,243.98319685854312,53.20655586334255
yellow,171,0.0,0.02696879643387816,18.519337016574585,28.1606648199446,32.758609904430934,27.111625557206537,13.867810697205261,14.695183099422001,0.0,0.0,3.179558011049724,9.321329639889196,15.20417028670721,10.936106983655275,,,171,Murray Hill-Queens,Queens,OUTER,11.241293099772644,193.1643205595038,52.06086910530945
yellow,173,0.0,0.04124321314214117,19.837016574585636,37.48199445983379,26.909323394495413,24.155983572323542,14.294410544083487,15.053917577030216,0.0,0.0,4.81767955801105,19.897506925207757,12.213302752293577,7.420297925657803,,,173,North Corona,Queens,OUTER,7.189629778657365,313.01017814938115,88.94975622420043
yellow,175,0.0,0.041399704287826515,11.574585635359115,17.393351800554015,35.35174269005848,30.714519467718087,16.289742188336817,17.921903043130644,0.0,0.0,2.361878453038674,5.620498614958449,11.228070175438596,12.272055199605717,,,175,Oakland Gardens,Queens,OUTER,16.193409223599982,137.9673097795273,50.27191770407049
yellow,179,0.0,0.21463890243053138,90.35911602209944,129.79778393351802,23.511337883219586,25.76644055992757,12.381247621154468,13.648336798326662,0.0,0.0,25.5,79.55124653739612,18.697865886686166,23.567100773034333,,,179,Old Astoria,Queens,OUTER,2.1757672781616733,211.9656726956711,43.64658448160661
yellow,180,0.0,0.0223267750213858,14.82596685082873,29.1994459833795,33.28989795918367,26.852372968349016,13.404282624194893,14.600564107281562,0.0,0.0,4.87292817679558,16.191135734072024,10.487528344671201,6.056458511548332,,,180,Ozone Park,Queens,OUTER,10.216162368213864,232.2670711867388,96.94800532855187
yellow,191,0.0,0.014043559672809697,28.314917127071823,48.13850415512465,39.56637106762447,31.59394205183798,15.053584502578769,16.56118414730582,0.0,0.0,11.151933701657459,28.10803324099723,10.131285608124845,6.9183009756578295,,,191,Queens Village,Queens,OUTER,17.43497409509283,152.04627280755503,70.01110735761095
yellow,192,0.0,0.0460999281092739,10.44475138121547,18.81994459833795,29.854780388151173,26.16172178289001,14.89233096494874,16.35941794159801,0.0,0.0,2.7044198895027622,7.706371191135734,10.316649642492338,7.656362329259525,,,192,Queensboro Hill,Queens,OUTER,10.497744662723473,184.95468551492706,80.18566370268019
yellow,193,0.0,0.24926183565208687,39.74033149171271,72.94736842105263,23.502514532717246,25.49546742067861,11.442132651865672,12.640987731546474,0.0,0.0,18.53314917127072,55.35180055401662,22.59651214786108,28.760884796316684,,,193,Queensbridge/Ravenswood,Queens,OUTER,0.7513315217603999,198.66376211885552,83.56004009746316
yellow,196,0.0,0.0876890421862563,35.69889502762431,60.096952908587255,34.63372549019608,29.402054479525955,14.282380435060299,14.31255393983,0.0,0.0,11.129834254143647,31.321329639889196,18.317200297840657,13.699478199345538,,,196,Rego Park,Queens,OUTER,7.703951917821712,181.41775452072199,68.34401418330562
yellow,197,0.0,0.020583144956202316,46.58011049723757,86.31024930747922,33.98997405966278,28.88264587454083,14.166098113423422,14.338090097787994,0.0,0.0,23.42817679558011,78.42659279778394,8.336281098927014,5.467646227747951,,,197,Richmond Hill,Queens,OUTER,10.726400772479302,234.75329080058702,85.29421331578388
yellow,198,0.0,0.09339637067998777,61.812154696132595,120.58725761772853,26.98305575326216,24.47637934549903,12.015663064699343,12.664733923942775,0.0,0.0,11.643646408839778,54.34349030470914,18.86120996441281,13.508002854521358,,,198,Ridgewood,Queens,OUTER,4.201563419640774,366.7222654876563,95.08664308910318
yellow,201,0.0,0.01797945205479452,11.812154696132596,17.24376731301939,42.36107679465776,42.26770167427702,14.302616999999156,14.877736783607094,0.0,0.0,3.3093922651933703,7.2797783933518,15.191986644407345,12.024353120243532,,,201,Rockaway Park,Queens,OUTER,17.820394059293758,119.97327031664038,45.98324993716134
yellow,203,0.0,0.013401403956604978,22.066298342541437,33.45983379501385,43.40911708253359,38.170997660072324,14.676128213457329,15.668502576217744,0.0,0.0,5.7569060773480665,13.022160664819944,19.24184261036468,13.231227398425867,,,203,Rosedale,Queens,OUTER,19.052159822542016,126.20067949447314,51.6331977190162
yellow,205,0.0,0.009568204121687929,38.69889502762431,69.57063711911357,38.33714957090315,31.7792492639843,13.052208479638152,13.886043185941446,0.0,0.0,13.519337016574585,39.51800554016621,12.505108295872496,8.36954997897098,,,205,Saint Albans,Queens,OUTER,16.389363951437485,192.3072743265257,79.77422112298602
yellow,207,0.0,0.33615728900255754,1.7265193370165746,2.587257617728532,46.61756302521009,51.591457800511506,15.144459845192205,15.702088012352611,0.0,0.0,1.643646408839779,4.332409972299169,46.38655462184874,48.91304347826087,,,207,Saint Michaels Cemetery/Woodside,Queens,OUTER,4.7356665762098515,163.58527898694106,49.85396121883659
yellow,215,0.0,0.07239696312364426,32.39779005524862,58.00554016620499,46.83486717636387,34.75523499638467,16.385567816558588,15.080845031056551,0.0,0.0,21.31767955801105,45.97229916897507,28.17156926266684,14.08170643528561,,,215,South Jamaica,Queens,OUTER,14.0818922487478,115.65339249927402,79.04165706144444
yellow,216,0.0,0.02562284788332996,107.40883977900552,156.50969529085873,43.61168699376222,33.32059854162447,16.199839869822696,15.740422657682577,0.0,0.0,29.671270718232044,82.05540166204986,10.520435713620707,5.489163459590845,,,216,South Ozone Park,Queens,OUTER,11.998333639203942,176.54832326284375,45.71397997862987
yellow,218,0.0,0.009260204081632653,28.814917127071823,49.988919667590025,37.57449427703808,33.02619591836734,12.851254025880177,13.583509376103784,0.0,0.0,11.82596685082873,27.14681440443213,13.104414856341975,9.887755102040817,,,218,Springfield Gardens North,Queens,OUTER,16.464520064630165,129.55260019631933,73.48278132171018
yellow,219,0.0,0.11708957505350046,45.91436464088398,59.40997229916898,53.81283663833805,45.378437786609595,17.949129713836722,17.13167443088649,0.0,0.0,14.62707182320442,27.182825484764543,29.59395656279509,20.146744114949556,,,219,Springfield Gardens South,Queens,OUTER,15.603779145062823,85.83914684579348,29.392996644601222
yellow,223,0.0,0.14869214471968709,126.68508287292818,171.3573407202216,33.39569831795985,30.88572196870926,15.920361465874766,16.175940957141464,0.0,0.0,25.455801104972377,67.98891966759003,18.437330439500816,19.69931551499348,,,223,Steinway,Queens,OUTER,3.453330176517406,167.0861521396374,35.2624451389451
yellow,226,0.0,0.20119234706382733,158.51657458563537,214.86703601108033,31.172383596617202,31.599988609985726,13.947568446737096,14.556346939258749,0.0,0.0,86.56077348066299,192.13019390581718,21.069092069570768,19.76672097348578,,,226,Sunnyside,Queens,OUTER,1.7357384137660874,121.95988573130947,35.54862421973595
yellow,252,0.0,0.04182742897229042,20.75414364640884,29.229916897506925,32.21142071494042,28.4500771659067,16.96553870702843,18.020170065635362,0.0,0.0,3.0138121546961325,7.8975069252077565,12.740604949587535,11.294282707821816,,,252,Whitestone,Queens,OUTER,10.465721747262899,162.04376782082565,40.83894472111682
yellow,253,0.0,0.11637931034482758,1.4640883977900552,2.3213296398891967,38.172081447963805,38.26591954022989,21.527179229199856,20.484089276195334,0.0,0.0,0.6104972375690608,0.96398891966759,13.574660633484163,15.229885057471265,,,253,Willets Point,Queens,OUTER,9.469156125796072,57.90225742971382,58.55119427167721
yellow,258,0.0,0.033265665696338285,27.975138121546962,57.42659279778393,30.303325942350334,26.216427914815384,12.633683155542245,14.209797015367092,0.0,0.0,8.720994475138122,36.1606648199446,15.869496357301236,8.840202236862265,,,258,Woodhaven,Queens,OUTER,9.269445462658037,314.6392355026907,105.27724491752525
yellow,260,0.0,0.1401067179846046,71.41436464088397,103.91412742382272,29.065250403877222,25.632654653603918,14.14209783546166,14.959988782811424,0.0,0.0,29.069060773480665,79.16897506925208,19.376603630143496,15.899230230930721,,,260,Woodside,Queens,OUTER,4.1040885445865145,172.34789485003566,45.50871935410732
yellow,5,0.0,0.16666666666666666,0.46685082872928174,0.39058171745152354,37.7,57.07,16.276705522644754,31.557668010348355,0.0,0.0,0.0055248618784530384,0.024930747922437674,0.0,22.22222222222222,,,5,Arden Heights,Staten Island,OUTER,20.334445303611048,351.2465373961219,-16.336933894999095
yellow,6,0.0,0.056211498973305955,2.6878453038674035,3.542936288088643,9.420972762645915,16.068439425051334,24.475521663081146,21.62727145544139,0.0,0.0,1.419889502762431,2.698060941828255,9.53307392996109,13.141683778234086,,,6,Arrochar/Fort Wadsworth,Staten Island,OUTER,10.836132807992751,90.01907800424674,31.813251417069743
yellow,23,0.0,0.07664233576642336,2.287292817679558,2.7174515235457064,51.49125,38.29824817518248,23.28544025740981,22.65866644059175,0.0,0.0,0.35359116022099446,0.7590027700831025,16.40625,10.94890510948905,,,23,Bloomfield/Emerson Hill,Staten Island,OUTER,13.30826666852513,114.65547091412742,18.806455498012763
yellow,44,0.0,0.1,0.43922651933701656,0.6731301939058172,60.865,62.391333333333336,38.52831898504758,24.266532489936743,0.0,0.0,0.016574585635359115,0.04155124653739612,0.0,13.333333333333334,,,44,Charleston/Tottenville,Staten Island,OUTER,22.53983423858139,150.69252077562325,53.253541002456494
yellow,84,0.0,0.21428571428571427,0.9060773480662984,0.9279778393351801,48.822,55.815,30.011957419919312,20.515825188636246,0.0,0.0,0.027624309392265192,0.038781163434903045,0.0,28.571428571428573,,,84,Eltingville/Annadale/Prince's Bay,Staten Island,OUTER,20.259574228224576,40.387811634349035,2.417066414431468
yellow,99,0.0,0.25,0.03038674033149171,0.04155124653739612,43.695,29.13333333333333,24.770921386306004,39.51757188498404,0.0,0.0,0.0055248618784530384,0.008310249307479225,50.0,33.333333333333336,,,99,Freshkills Park,Staten Island,OUTER,16.86832528149133,50.415512465373965,36.74137496852179
yellow,109,0.0,0.109375,0.9723756906077348,1.0498614958448753,47.616400000000006,53.425625,19.846198830409357,20.990093279771227,0.0,0.0,0.06906077348066299,0.1329639889196676,24.0,14.583333333333334,,,109,Great Kills,Staten Island,OUTER,18.01980614698726,92.53185595567868,7.968710652228661
yellow,110,0.0,,0.0055248618784530384,0.002770083102493075,10.0,,17.608695652173914,,0.0,,0.0027624309392265192,,0.0,,,,110,Great Kills Park,Staten Island,OUTER,18.504322440936505,,-49.86149584487535
yellow,115,0.0,0.13220338983050847,1.3121546961325967,1.6509695290858726,37.693246753246754,38.079491525423734,22.942124542124542,19.87007925796576,0.0,0.0,0.212707182320442,0.817174515235457,10.38961038961039,13.559322033898304,,,115,Grymes Hill/Clifton,Staten Island,OUTER,9.471091747200067,284.17814872108494,25.82125674296545
yellow,118,0.0,0.1330049261083744,2.1243093922651934,2.6842105263157894,46.65945205479452,42.926354679802955,21.163756960655757,20.871499746622046,0.0,0.0,0.20165745856353592,0.5623268698060941,19.17808219178082,17.24137931034483,,,118,Heartland Village/Todt Hill,Staten Island,OUTER,11.969483670717874,178.85250256137817,26.356854424748466
yellow,156,0.0,0.09375,1.1685082872928176,1.2880886426592797,64.51235294117647,44.86,26.249420664304928,23.065557665858925,0.0,0.0,0.09392265193370165,0.33240997229916897,14.705882352941176,10.833333333333334,,,156,Mariners Harbor,Staten Island,OUTER,12.74374845188468,253.91885285970343,10.23359069566412
yellow,172,0.0,0.09,1.1519337016574585,2.0083102493074794,35.90529411764706,35.285314285714286,22.0102374263929,21.336785106204818,0.0,0.0,0.1878453038674033,0.48476454293628807,10.294117647058824,12.0,,,172,New Dorp/Midland Beach,Staten Island,OUTER,14.818125308929092,158.06583021020043,74.34252044347905
yellow,176,0.0,0.14,0.7596685082872928,0.9418282548476454,33.92793103448276,41.083466666666666,18.021523009121655,18.460396136335508,0.0,0.0,0.08011049723756906,0.2077562326869806,10.344827586206897,14.666666666666666,,,176,Oakwood,Staten Island,OUTER,16.56222354093356,159.3370904575413,23.978846638126416
yellow,187,0.0,0.16666666666666666,0.8149171270718232,0.9058171745152355,38.98347826086957,50.132444444444445,20.208050116127932,22.877489187501443,0.0,0.0,0.06353591160220995,0.12465373961218837,21.73913043478261,17.77777777777778,,,187,Port Richmond,Staten Island,OUTER,11.08260384959398,96.19414669396602,11.15451429644585
yellow,204,0.0,0.2,0.48066298342541436,0.5096952908587258,53.7275,70.39066666666666,18.299754299754298,34.328580036151834,0.0,0.0,0.011049723756906077,0.04155124653739612,0.0,26.666666666666668,,,204,Rossville/Woodrow,Staten Island,OUTER,22.57888909036443,276.0387811634349,6.040054764861336
yellow,206,0.0,0.11170212765957446,2.088397790055249,2.781163434903047,41.61277777777778,40.49567375886525,21.100223125592198,21.357247345596488,0.0,0.0,0.09944751381215469,0.39058171745152354,30.555555555555557,15.602836879432624,,,206,Saint George/New Brighton,Staten Island,OUTER,7.7833408720215305,292.7516158818098,33.17211156546336
yellow,214,0.0,0.058383233532934134,1.9226519337016574,3.1662049861495847,28.77813559322034,29.393083832335325,21.93927408493445,21.387729355085433,0.0,0.0,0.3259668508287293,0.925207756232687,10.169491525423728,9.880239520958083,,,214,South Beach/Dongan Hills,Staten Island,OUTER,12.311384637679794,183.83492182731587,64.67905244053875
yellow,221,0.0,0.1367056856187291,2.31767955801105,3.1689750692520775,32.48926829268292,34.06822742474916,19.092707733259175,19.666696757899746,0.0,0.0,0.3397790055248619,1.6565096952908587,17.073170731707318,16.722408026755854,,,221,Stapleton,Staten Island,OUTER,8.408660456988903,387.5256176384478,36.73050954341501
yellow,245,0.0,0.11029411764705882,1.1022099447513811,1.4238227146814404,43.461388888888884,41.105490196078435,20.685827444491164,19.531506720113182,0.0,0.0,0.09944751381215469,0.28254847645429365,16.666666666666668,13.72549019607843,,,245,West Brighton,Staten Island,OUTER,9.227012020334387,184.11819021237307,29.1789029360104
yellow,251,0.0,0.18085106382978725,1.3453038674033149,1.6703601108033241,41.95367346938775,43.913546099290784,20.52476074094687,22.50064633178365,0.0,0.0,0.13535911602209943,0.39058171745152354,4.081632653061225,25.53191489361702,,,251,Westerleigh,Staten Island,OUTER,11.86664571566473,188.5522075866358,24.162291603861053
