service,pu_grp,do_grp,hr,yr,n,miles,time_s,fare,pay,mph,fare_pt,per_day
hvfhv,AIRPORT,AIRPORT,0,2024,5616.0,45222.232,6604409.0,180501.9,139795.30000000002,24.650204916140115,32.14065170940171,15.513812154696133
hvfhv,AIRPORT,AIRPORT,0,2025,3594.0,36833.544,4811942.0,153865.91,117015.09,27.556599476884802,42.8118836950473,9.955678670360111
hvfhv,AIRPORT,AIRPORT,1,2024,3289.0,24963.514,3231061.0,95946.0,73311.96,27.813975161719323,29.171784737002127,9.085635359116022
hvfhv,AIRPORT,AIRPORT,1,2025,2538.0,22305.132,2768660.0,94897.13,69567.09,29.002649368286466,37.39051615445233,7.030470914127424
hvfhv,AIRPORT,AIRPORT,2,2024,3608.0,23137.759,2700586.0,85036.09,62692.26,30.843651118683127,23.5687610864745,9.966850828729282
hvfhv,AIRPORT,AIRPORT,2,2025,3313.0,23787.366,2815765.0,93056.03,69262.51,30.41252292005903,28.088146694838514,9.177285318559557
hvfhv,AIRPORT,AIRPORT,3,2024,8706.0,42732.345,5174250.0,163544.86,115256.64,29.73115755906653,18.78530438777854,24.049723756906076
hvfhv,AIRPORT,AIRPORT,3,2025,8820.0,43851.216,5481564.0,174325.04,123083.15,28.79914885605641,19.764743764172337,24.43213296398892
hvfhv,AIRPORT,AIRPORT,4,2024,6433.0,41391.695,4970434.0,156719.81,111985.1,29.979293961050484,24.36185450023317,17.7707182320442
hvfhv,AIRPORT,AIRPORT,4,2025,6414.0,42040.815,5160821.0,162801.99,116826.69,29.326135124624553,25.382287184284376,17.76731301939058
hvfhv,AIRPORT,AIRPORT,5,2024,8259.0,56733.399,7458692.0,224804.79,159700.26,27.382848949923122,27.219371594624047,22.814917127071823
hvfhv,AIRPORT,AIRPORT,5,2025,8024.0,53923.843,7437855.0,224860.91,159066.68,26.099706810632906,28.023543120638085,22.22714681440443
hvfhv,AIRPORT,AIRPORT,6,2024,8315.0,68292.09,9891042.0,281656.48,202344.08000000002,24.855978166911026,33.87329885748647,22.96961325966851
hvfhv,AIRPORT,AIRPORT,6,2025,7554.0,61297.495,9216903.0,263651.38,189507.13999999998,23.941988105983103,34.902221339687586,20.925207756232687
hvfhv,AIRPORT,AIRPORT,7,2024,8360.0,77406.74,11963499.0,326767.35,237002.87,23.292873096742017,39.087003588516744,23.093922651933703
hvfhv,AIRPORT,AIRPORT,7,2025,7380.0,68555.743,10641049.0,299432.76,216230.25,23.193265513578595,40.573544715447156,20.44321329639889
hvfhv,AIRPORT,AIRPORT,8,2024,10389.0,92897.21399999999,13940749.0,384441.77999999997,277249.82,23.989383239021084,37.00469535085186,28.69889502762431
hvfhv,AIRPORT,AIRPORT,8,2025,9009.0,80318.629,12132609.0,347663.76,249430.99,23.83222474242762,38.59071595071595,24.95567867036011
hvfhv,AIRPORT,AIRPORT,9,2024,10845.0,103879.662,14782163.0,420214.15,302719.88,25.298515731425773,38.74727063162748,29.9585635359116
hvfhv,AIRPORT,AIRPORT,9,2025,9450.0,90676.029,13682603.0,389510.97,281787.29,23.857573328700685,41.21809206349206,26.177285318559555
hvfhv,AIRPORT,AIRPORT,10,2024,12019.0,117694.563,17589158.0,484953.51,353072.49,24.088727089721974,40.34890673100924,33.20165745856354
hvfhv,AIRPORT,AIRPORT,10,2025,10576.0,103772.66,16083621.0,449946.27,327977.22000000003,23.227454563869667,42.54408755673222,29.29639889196676
hvfhv,AIRPORT,AIRPORT,11,2024,17357.0,139222.627,20726014.0,580067.47,414881.35,24.182240598698815,33.4198000806591,47.947513812154696
hvfhv,AIRPORT,AIRPORT,11,2025,13361.0,120274.242,18520986.0,527878.73,380188.32,23.378197640233626,39.508923733253496,37.011080332409975
hvfhv,AIRPORT,AIRPORT,12,2024,13949.0,133028.37,21065198.0,569552.23,410761.84,22.734281063961514,40.83104380242311,38.533149171270715
hvfhv,AIRPORT,AIRPORT,12,2025,11944.0,120671.824,19844588.0,546589.84,396901.77,21.891034794977852,45.76271265907568,33.08587257617729
hvfhv,AIRPORT,AIRPORT,13,2024,16002.0,146487.94,25065793.0,651278.64,473102.54000000004,21.038894879567547,40.699827521559804,44.20441988950276
hvfhv,AIRPORT,AIRPORT,13,2025,13027.0,128258.104,22411847.0,605997.88,437253.24,20.602013497593486,46.51860597221156,36.08587257617729
hvfhv,AIRPORT,AIRPORT,14,2024,16804.0,157385.113,29046698.0,731236.9,530679.68,19.506052178461044,43.51564508450369,46.41988950276243
hvfhv,AIRPORT,AIRPORT,14,2025,13665.0,139015.912,26888439.0,696637.73,505508.91,18.612359133231944,50.97970947676546,37.853185595567865
hvfhv,AIRPORT,AIRPORT,15,2024,18021.0,163182.586,32025483.0,785360.86,571260.18,18.343433246580542,43.58031518783641,49.78176795580111
hvfhv,AIRPORT,AIRPORT,15,2025,14283.0,148353.583,30261094.0,766830.28,556353.22,17.648829840718914,53.68832038087237,39.56509695290859
hvfhv,AIRPORT,AIRPORT,16,2024,18154.0,166980.116,32593180.0,801761.03,581556.99,18.44338041271211,44.16442822518454,50.149171270718234
hvfhv,AIRPORT,AIRPORT,16,2025,14084.0,143138.201,28843224.0,731181.8,533086.99,17.86546204404889,51.91577676796365,39.013850415512465
hvfhv,AIRPORT,AIRPORT,17,2024,15858.0,144613.066,27181504.0,679630.18,493728.34,19.15298864992901,42.857244293101274,43.806629834254146
hvfhv,AIRPORT,AIRPORT,17,2025,12201.0,129135.78,24837386.0,636627.8,469998.28,18.71730012167947,52.17832964511106,33.797783933518005
hvfhv,AIRPORT,AIRPORT,18,2024,14142.0,123869.855,21340384.0,553594.71,404653.5,20.896131859670376,39.14543275350021,39.06629834254144
hvfhv,AIRPORT,AIRPORT,18,2025,9982.0,106073.029,18106639.0,494634.56,362031.06,21.089662438180824,49.5526507713885,27.650969529085874
hvfhv,AIRPORT,AIRPORT,19,2024,13731.0,108922.037,17262610.0,463789.08999999997,341961.53,22.714950589742802,33.77678901755152,37.930939226519335
hvfhv,AIRPORT,AIRPORT,19,2025,8624.0,90216.476,13648009.0,391497.02,291344.85,23.7968273321039,45.39622217068646,23.889196675900276
hvfhv,AIRPORT,AIRPORT,20,2024,11443.0,87156.284,13181744.0,362616.43,269745.41000000003,23.80281565170739,31.688930350432578,31.61049723756906
hvfhv,AIRPORT,AIRPORT,20,2025,6498.0,67041.283,9367801.0,284001.42,210409.11,25.763636396631394,43.70597414589104,18.0
hvfhv,AIRPORT,AIRPORT,21,2024,10025.0,70325.06,11150220.0,290768.35,222069.58000000002,22.705400969666965,29.004324189526184,27.693370165745858
hvfhv,AIRPORT,AIRPORT,21,2025,5235.0,52607.387,7151913.0,220647.46,164700.13,26.48055047649489,42.14851193887297,14.501385041551247
hvfhv,AIRPORT,AIRPORT,22,2024,8117.0,55598.143,9376465.0,229906.45,181436.11000000002,21.34635118885422,28.324066773438464,22.42265193370166
hvfhv,AIRPORT,AIRPORT,22,2025,4532.0,42656.498999999996,6134010.0,181175.24,138740.65,25.034748296791168,39.97688437775816,12.554016620498615
hvfhv,AIRPORT,AIRPORT,23,2024,7374.0,56075.965,9172455.0,231418.04,182794.23,22.008663329501207,31.382972606455112,20.370165745856355
hvfhv,AIRPORT,AIRPORT,23,2025,4354.0,43747.352,6187298.0,183163.72,142232.93,25.453835777749834,42.06791915480019,12.060941828254848
hvfhv,AIRPORT,CRZ,0,2024,105313.0,1596221.777,204811309.0,6374051.149999999,4674686.62,28.05703662193771,60.524827419217,290.91988950276243
hvfhv,AIRPORT,CRZ,0,2025,122059.0,1690214.533,231392660.0,7789311.36,5610086.34,26.29630654144345,63.81595261308056,338.11357340720224
hvfhv,AIRPORT,CRZ,1,2024,37554.0,617836.533,75181828.0,2352966.2600000002,1760143.7999999998,29.584429881114357,62.655542951483206,103.74033149171271
hvfhv,AIRPORT,CRZ,1,2025,44887.0,669925.244,85710614.0,2962660.0100000002,2141859.3,28.138065588936275,66.00262904627175,124.34072022160665
hvfhv,AIRPORT,CRZ,2,2024,11619.0,186205.234,21540878.0,690625.58,525578.03,31.11938345317215,59.43933040709183,32.09668508287293
hvfhv,AIRPORT,CRZ,2,2025,15378.0,232602.73200000002,27842581.0,1000428.01,727422.82,30.075151265610042,65.05579464169593,42.59833795013851
hvfhv,AIRPORT,CRZ,3,2024,4743.0,77981.925,8786714.0,274058.77,210652.47,31.94993372949205,57.78173518869914,13.102209944751381
hvfhv,AIRPORT,CRZ,3,2025,5437.0,87854.87299999999,10150587.0,331682.18,257248.33000000002,31.15854706727798,61.004631230457974,15.060941828254848
hvfhv,AIRPORT,CRZ,4,2024,3256.0,55241.075,6120720.0,184779.16,143729.04,32.49092753793671,56.75035626535627,8.994475138121548
hvfhv,AIRPORT,CRZ,4,2025,3459.0,59189.279,6461723.0,200565.06,158376.68,32.97594223707826,57.983538594969644,9.581717451523545
hvfhv,AIRPORT,CRZ,5,2024,13750.0,257659.944,32679707.0,895816.71,713738.18,28.38384684415928,65.15030618181818,37.98342541436464
hvfhv,AIRPORT,CRZ,5,2025,14619.0,269083.066,33956232.0,1013890.57,779462.8,28.527871926425757,69.35430398796088,40.49584487534626
hvfhv,AIRPORT,CRZ,6,2024,34373.0,645764.614,106143023.0,2577705.09,2031425.95,21.902076506714906,74.99214761586128,94.95303867403315
hvfhv,AIRPORT,CRZ,6,2025,31509.0,583509.276,97018874.0,2551583.99,1941900.6099999999,21.65180141752624,80.97952934082326,87.2825484764543
hvfhv,AIRPORT,CRZ,7,2024,72351.0,1108543.103,234468269.0,5296877.28,4053730.9299999997,17.02044881305453,73.21083716880209,199.8646408839779
hvfhv,AIRPORT,CRZ,7,2025,74491.0,1087442.642,231720103.0,5855869.09,4211816.140000001,16.894492366076673,78.61176638788578,206.34626038781164
hvfhv,AIRPORT,CRZ,8,2024,94148.0,1263872.189,290134335.0,6609306.97,4866088.05,15.682183497516762,70.20124665420401,260.0773480662983
hvfhv,AIRPORT,CRZ,8,2025,93555.0,1204356.512,284950199.0,7151808.13,5001448.66,15.215583138441676,76.44495890118112,259.1551246537396
hvfhv,AIRPORT,CRZ,9,2024,135047.0,1661622.389,379516881.0,9080246.98,6412569.66,15.7617247081033,67.23768006693966,373.05801104972375
hvfhv,AIRPORT,CRZ,9,2025,136514.0,1609719.155,376202613.0,9960397.3,6714141.41,15.403904060602578,72.96246026048611,378.1551246537396
hvfhv,AIRPORT,CRZ,10,2024,170650.0,2067932.965,466534983.0,11340824.5,7957818.649999999,15.957128501122499,66.45663346029886,471.4088397790055
hvfhv,AIRPORT,CRZ,10,2025,173960.0,2047195.318,467483086.0,12468379.540000001,8460191.52,15.76506908059557,71.67383042078639,481.8836565096953
hvfhv,AIRPORT,CRZ,11,2024,148959.0,1842679.663,409213066.0,10032230.98,7034335.41,16.210740413650427,67.34894152082117,411.4889502762431
hvfhv,AIRPORT,CRZ,11,2025,150905.0,1821513.058,401482639.0,10854188.8,7354037.8100000005,16.333077378222573,71.92729730625229,418.01939058171746
hvfhv,AIRPORT,CRZ,12,2024,152742.0,1885675.806,411489512.0,10218534.02,7108156.86,16.49721974347672,66.900616857184,421.939226519337
hvfhv,AIRPORT,CRZ,12,2025,154331.0,1887517.22,406575208.0,11046041.81,7504951.470000001,16.712927542793018,71.57370722667514,427.5096952908587
hvfhv,AIRPORT,CRZ,13,2024,154562.0,1932114.82,433825536.0,10530766.0,7413675.02,16.03320407584306,68.13295635408444,426.96685082872926
hvfhv,AIRPORT,CRZ,13,2025,149860.0,1814774.783,400195633.0,10834023.83,7342695.88,16.324988780674676,72.29430021353264,415.1246537396122
hvfhv,AIRPORT,CRZ,14,2024,181812.0,2312041.1679999996,564774776.0,13107296.58,9358448.39,14.737464487613728,72.09258233779948,502.24309392265195
hvfhv,AIRPORT,CRZ,14,2025,185146.0,2270662.134,553605177.0,14186699.93,9804175.41,14.765728396358549,76.62439334363151,512.8698060941829
hvfhv,AIRPORT,CRZ,15,2024,192910.0,2566285.522,650038062.0,14697270.72,10594496.66,14.212441423468523,76.18718946659064,532.9005524861878
hvfhv,AIRPORT,CRZ,15,2025,194702.0,2513204.769,631593670.0,15848286.83,11049853.3,14.32493325716833,81.39765811342461,539.3407202216066
hvfhv,AIRPORT,CRZ,16,2024,192907.0,2612576.985,646494804.0,14685493.44,10595115.29,14.54810941682371,76.12732269953915,532.8922651933701
hvfhv,AIRPORT,CRZ,16,2025,189701.0,2492416.299,616138138.0,15417206.270000001,10786536.84,14.562803571169297,81.27108591942057,525.4875346260388
hvfhv,AIRPORT,CRZ,17,2024,159947.0,2101873.492,490881457.0,11560331.69,8225740.43,15.414606649523533,72.27601449230058,441.8425414364641
hvfhv,AIRPORT,CRZ,17,2025,164151.0,2095110.191,488844769.0,12633244.38,8748524.620000001,15.429021983868259,76.9611173858216,454.71191135734074
hvfhv,AIRPORT,CRZ,18,2024,164210.0,2155541.487,438061270.0,11015019.260000002,7762798.25,17.714301365194874,67.0788579258267,453.61878453038673
hvfhv,AIRPORT,CRZ,18,2025,157423.0,2000247.22,406102187.0,11170361.17,7699457.49,17.731719312311903,70.9576184547366,436.0747922437673
hvfhv,AIRPORT,CRZ,19,2024,169914.0,2252822.343,390226614.0,10542468.02,7442360.46,20.783206844010902,62.045905693468455,469.3756906077348
hvfhv,AIRPORT,CRZ,19,2025,163850.0,2142723.367,370335880.0,10949155.74,7595138.09,20.829210826669023,66.82426451022276,453.8781163434903
hvfhv,AIRPORT,CRZ,20,2024,181119.0,2429570.347,379472278.0,10845588.790000001,7650921.66,23.048991339493845,59.881010771923435,500.32872928176795
hvfhv,AIRPORT,CRZ,20,2025,175020.0,2325351.687,369896221.0,11257654.92,7948057.33,22.631391179311343,64.32210558793281,484.81994459833794
hvfhv,AIRPORT,CRZ,21,2024,179713.0,2444841.879,361697181.0,10587635.15,7521656.63,24.33370019657411,58.91413058598989,496.4447513812155
hvfhv,AIRPORT,CRZ,21,2025,179033.0,2359550.454,361428346.0,11268974.56,8002229.659999999,23.502256334925097,62.94356101947686,495.93628808864264
hvfhv,AIRPORT,CRZ,22,2024,173266.0,2432169.667,352660921.0,10194756.31,7437188.5600000005,24.827845331918702,58.838758383064196,478.6353591160221
hvfhv,AIRPORT,CRZ,22,2025,173824.0,2339277.65,355973553.0,10962890.9,7957652.09,23.657374175771984,63.068913958946986,481.50692520775624
hvfhv,AIRPORT,CRZ,23,2024,171238.0,2464039.672,343660961.0,10157763.59,7469882.59,25.81190133842406,59.319564524229435,473.03314917127074
hvfhv,AIRPORT,CRZ,23,2025,164927.0,2223833.745,323216683.0,10248301.81,7453190.99,24.769146838871556,62.13841160028377,456.8614958448753
hvfhv,AIRPORT,CRZ_PARTIAL,0,2024,12817.0,185522.959,25247728.0,759973.57,561777.69,26.453178377080107,59.29418506670827,35.4060773480663
hvfhv,AIRPORT,CRZ_PARTIAL,0,2025,14516.0,192315.187,27924345.0,878653.29,657435.02,24.79322874717384,60.529986910994765,40.21052631578947
hvfhv,AIRPORT,CRZ_PARTIAL,1,2024,4260.0,68113.504,8787797.0,265830.71,201297.87,27.903308918037137,62.401575117370896,11.767955801104973
hvfhv,AIRPORT,CRZ_PARTIAL,1,2025,4876.0,69698.01,9586236.0,307032.56,230591.53,26.174281125563777,62.968121410992616,13.506925207756233
hvfhv,AIRPORT,CRZ_PARTIAL,2,2024,1311.0,20248.605,2515150.0,76088.19,59296.619999999995,28.98235810985428,58.038283752860416,3.6215469613259668
hvfhv,AIRPORT,CRZ_PARTIAL,2,2025,1680.0,23993.975,3113973.0,104898.5,77848.71,27.7389399330052,62.43958333333333,4.653739612188366
hvfhv,AIRPORT,CRZ_PARTIAL,3,2024,546.0,8912.711,1057426.0,30773.82,24422.76,30.343267141152193,56.362307692307695,1.5082872928176796
hvfhv,AIRPORT,CRZ_PARTIAL,3,2025,583.0,9206.216,1135191.0,34663.27,27496.47,29.195419625419866,59.45672384219554,1.6149584487534625
hvfhv,AIRPORT,CRZ_PARTIAL,4,2024,386.0,6501.765,765308.0,22090.96,17384.43,30.584227526695138,57.23046632124352,1.0662983425414365
hvfhv,AIRPORT,CRZ_PARTIAL,4,2025,415.0,7103.897,838654.0,23394.32,19302.49,30.494136079956693,56.371855421686746,1.149584487534626
hvfhv,AIRPORT,CRZ_PARTIAL,5,2024,1798.0,34676.056,4363081.0,119296.57,96434.99,28.611387595142055,66.34959399332593,4.966850828729282
hvfhv,AIRPORT,CRZ_PARTIAL,5,2025,1894.0,35548.676999999996,4587397.0,132560.35,104566.32,27.897135826700843,69.98962513199578,5.246537396121884
hvfhv,AIRPORT,CRZ_PARTIAL,6,2024,3940.0,76081.956,12653800.0,293722.24,241495.62,21.645279805275887,74.54879187817258,10.883977900552486
hvfhv,AIRPORT,CRZ_PARTIAL,6,2025,3424.0,64588.2,11202312.0,280491.42,219773.25,20.756208182739417,81.91922313084112,9.484764542936288
hvfhv,AIRPORT,CRZ_PARTIAL,7,2024,6042.0,98647.81,20675132.0,444771.63,360502.0,17.176776235334312,73.61331181727904,16.69060773480663
hvfhv,AIRPORT,CRZ_PARTIAL,7,2025,6063.0,92734.674,19890106.0,471673.17,359911.91,16.784466930442704,77.79534388916377,16.79501385041551
hvfhv,AIRPORT,CRZ_PARTIAL,8,2024,7029.0,95709.007,20997757.0,469928.71,359018.27,16.40901098150626,66.85569924598094,19.417127071823206
hvfhv,AIRPORT,CRZ_PARTIAL,8,2025,7023.0,89415.057,20640818.0,499565.89,363987.98,15.595031417844002,71.13283354691727,19.454293628808863
hvfhv,AIRPORT,CRZ_PARTIAL,9,2024,9586.0,117751.023,25204459.0,604475.14,438949.73,16.818598756672383,63.05812017525558,26.480662983425415
hvfhv,AIRPORT,CRZ_PARTIAL,9,2025,9676.0,112522.39199999999,25292602.0,650254.12,457707.83,16.015774541504268,67.20278214138074,26.803324099722992
hvfhv,AIRPORT,CRZ_PARTIAL,10,2024,12939.0,151647.817,33174904.0,812285.71,577910.9,16.45617847756244,62.77809026972718,35.74309392265194
hvfhv,AIRPORT,CRZ_PARTIAL,10,2025,13215.0,147548.43,33275770.0,874276.79,609113.19,15.962796593437206,66.15791070752933,36.606648199445985
hvfhv,AIRPORT,CRZ_PARTIAL,11,2024,11178.0,136515.805,29177566.0,729461.61,516701.72,16.843656458527075,65.25868760064412,30.87845303867403
hvfhv,AIRPORT,CRZ_PARTIAL,11,2025,11160.0,130870.345,28514848.0,763386.93,530807.67,16.522383075652378,68.40384677419355,30.914127423822716
hvfhv,AIRPORT,CRZ_PARTIAL,12,2024,13074.0,157242.529,33631476.0,848090.96,594416.29,16.831646175743227,64.86851460914792,36.11602209944751
hvfhv,AIRPORT,CRZ_PARTIAL,12,2025,13088.0,154566.01499999998,33446852.0,902171.44,625586.69,16.63647311262656,68.93119193154034,36.254847645429365
hvfhv,AIRPORT,CRZ_PARTIAL,13,2024,13388.0,165147.689,36789731.0,894707.34,640880.14,16.160261688241214,66.82905138930386,36.98342541436464
hvfhv,AIRPORT,CRZ_PARTIAL,13,2025,13522.0,158351.145,35377894.0,943378.55,655287.41,16.113568603037816,69.76619952669724,37.45706371191136
hvfhv,AIRPORT,CRZ_PARTIAL,14,2024,17099.0,209482.264,50967956.0,1208158.77,861385.16,14.796280047016207,70.65669161939294,47.23480662983425
hvfhv,AIRPORT,CRZ_PARTIAL,14,2025,17481.0,203554.078,50363905.0,1294391.51,903644.98,14.549997280790679,74.04562153194897,48.42382271468144
hvfhv,AIRPORT,CRZ_PARTIAL,15,2024,18067.0,229307.597,56601913.0,1314801.6300000001,944856.91,14.584442564688583,72.77365528311286,49.908839779005525
hvfhv,AIRPORT,CRZ_PARTIAL,15,2025,18553.0,225318.78,56122833.0,1432062.4,1001774.5,14.453076664893235,77.18764620277044,51.393351800554015
hvfhv,AIRPORT,CRZ_PARTIAL,16,2024,18791.0,243681.073,57721248.0,1350703.88,977379.77,15.19807511438422,71.88036187536586,51.908839779005525
hvfhv,AIRPORT,CRZ_PARTIAL,16,2025,18418.0,229704.083,55360405.0,1404464.28,993333.46,14.937294963792263,76.25498316863937,51.01939058171745
hvfhv,AIRPORT,CRZ_PARTIAL,17,2024,16817.0,213799.456,47913196.0,1158681.34,830164.57,16.06400962273525,68.89940774216566,46.45580110497237
hvfhv,AIRPORT,CRZ_PARTIAL,17,2025,17229.0,209305.535,47791915.0,1234952.8800000001,874982.48,15.766263519676915,71.67873236984155,47.72576177285318
hvfhv,AIRPORT,CRZ_PARTIAL,18,2024,19080.0,240209.078,48201720.0,1219361.56,869586.37,17.940286794745084,63.90783857442349,52.70718232044199
hvfhv,AIRPORT,CRZ_PARTIAL,18,2025,18572.0,222951.445,45481477.0,1237950.67,871502.0,17.647298525507427,66.6568312513461,51.445983379501385
hvfhv,AIRPORT,CRZ_PARTIAL,19,2024,20001.0,256284.251,44154455.0,1193855.21,853319.63,20.895361602809952,59.68977601119944,55.251381215469614
hvfhv,AIRPORT,CRZ_PARTIAL,19,2025,19271.0,241571.062,42757315.0,1228843.31,878986.7999999999,20.339345985593344,63.766452700949614,53.38227146814405
hvfhv,AIRPORT,CRZ_PARTIAL,20,2024,21158.0,278889.131,43368406.0,1233535.31,884082.93,23.150513569717088,58.301130069004635,58.447513812154696
hvfhv,AIRPORT,CRZ_PARTIAL,20,2025,20610.0,266146.518,43389694.0,1268002.81,924846.55,22.081913387082192,61.5236686074721,57.091412742382275
hvfhv,AIRPORT,CRZ_PARTIAL,21,2024,21406.0,286263.392,42685891.0,1229313.27,888527.01,24.142595763082465,57.428443894235265,59.13259668508287
hvfhv,AIRPORT,CRZ_PARTIAL,21,2025,21052.0,267100.609,42536101.0,1257023.0,926662.94,22.605790605960806,59.71038381151435,58.31578947368421
hvfhv,AIRPORT,CRZ_PARTIAL,22,2024,20024.0,272522.534,40545201.0,1143006.17,848182.39,24.197219355257356,57.08181032760687,55.31491712707182
hvfhv,AIRPORT,CRZ_PARTIAL,22,2025,20435.0,263765.064,42658062.0,1226445.3800000001,924073.75,22.259666423664537,60.01690139466602,56.606648199445985
hvfhv,AIRPORT,CRZ_PARTIAL,23,2024,20733.0,284107.878,40792881.0,1186025.54,876674.05,25.072716996870117,57.20472387015869,57.273480662983424
hvfhv,AIRPORT,CRZ_PARTIAL,23,2025,20105.0,255819.867,38936003.0,1171527.93,879834.74,23.65295485517607,58.27047649838348,55.692520775623265
hvfhv,AIRPORT,MN_NORTH,0,2024,34728.0,487679.308,61400959.0,1768728.94,1380273.15,28.593128468889226,50.93091856715043,95.93370165745857
hvfhv,AIRPORT,MN_NORTH,0,2025,38267.0,491197.286,66778808.0,1956516.3,1557464.97,26.480110720155412,51.128029372566445,106.00277008310249
hvfhv,AIRPORT,MN_NORTH,1,2024,12253.0,196130.73,23100020.0,662027.1,534955.71,30.565801588050572,54.02979678446095,33.848066298342545
hvfhv,AIRPORT,MN_NORTH,1,2025,14534.0,206087.441,25989229.0,778898.5,619095.64,28.547010286453666,53.59147516168983,40.26038781163435
hvfhv,AIRPORT,MN_NORTH,2,2024,4267.0,69163.30900000001,7720372.0,221496.25,183991.51,32.250766206602485,51.909128193109915,11.787292817679559
hvfhv,AIRPORT,MN_NORTH,2,2025,5611.0,83542.077,9695756.0,300145.48000000004,240849.45,31.018878486628584,53.49233291748352,15.542936288088642
hvfhv,AIRPORT,MN_NORTH,3,2024,1865.0,31428.776,3392224.0,97098.63,80987.6,33.35380965407945,52.06360857908847,5.151933701657459
hvfhv,AIRPORT,MN_NORTH,3,2025,2215.0,35819.501,3960046.0,115356.28,96488.56,32.562804472473296,52.079584650112864,6.135734072022161
hvfhv,AIRPORT,MN_NORTH,4,2024,1329.0,22537.275,2360116.0,64844.58,55293.83,34.37720434080359,48.79200902934537,3.6712707182320443
hvfhv,AIRPORT,MN_NORTH,4,2025,1392.0,24497.689,2548701.0,71931.66,61982.83,34.60259967724735,51.67504310344828,3.85595567867036
hvfhv,AIRPORT,MN_NORTH,5,2024,4725.0,90004.577,10210964.0,270681.18,231071.7,31.73221227692116,57.28702222222222,13.052486187845304
hvfhv,AIRPORT,MN_NORTH,5,2025,4609.0,86743.844,9893656.0,277678.46,231096.53,31.56344210876141,60.247008027771756,12.767313019390581
hvfhv,AIRPORT,MN_NORTH,6,2024,9584.0,184756.54,28091523.0,621569.04,544938.76,23.677019718724402,64.85486644407347,26.475138121546962
hvfhv,AIRPORT,MN_NORTH,6,2025,8523.0,162066.92,25332194.0,596629.4,504896.59,23.03159813161071,70.00227619382846,23.609418282548475
hvfhv,AIRPORT,MN_NORTH,7,2024,14307.0,232529.682,42375276.0,876849.06,757453.98,19.754605378853462,61.288114908785914,39.52209944751381
hvfhv,AIRPORT,MN_NORTH,7,2025,13606.0,213618.23500000002,40063350.0,897572.4,738359.95,19.195240687561075,65.96886667646626,37.689750692520775
hvfhv,AIRPORT,MN_NORTH,8,2024,17111.0,229655.42,42777156.0,919176.94,757352.13,19.327126656105893,53.718481678452456,47.267955801104975
hvfhv,AIRPORT,MN_NORTH,8,2025,15592.0,202451.92799999999,39210792.0,891070.63,712413.16,18.58740677311491,57.14921947152386,43.19113573407202
hvfhv,AIRPORT,MN_NORTH,9,2024,21915.0,256712.685,46400031.0,1066758.79,835004.03,19.917350184528974,48.677106548026465,60.53867403314917
hvfhv,AIRPORT,MN_NORTH,9,2025,20018.0,229807.37,43389194.0,1038187.0700000001,799768.12,19.067109935252542,51.86267709061845,55.45152354570637
hvfhv,AIRPORT,MN_NORTH,10,2024,27427.0,310410.208,56775368.0,1323353.57,1019732.38,19.682421940444314,48.25002989754621,75.76519337016575
hvfhv,AIRPORT,MN_NORTH,10,2025,26653.0,293001.099,55415305.0,1344984.47,1029738.24,19.034524061538594,50.462779799647315,73.83102493074792
hvfhv,AIRPORT,MN_NORTH,11,2024,23001.0,268051.297,48926055.0,1150674.31,880966.63,19.72332879076394,50.02714273292466,63.53867403314917
hvfhv,AIRPORT,MN_NORTH,11,2025,22254.0,254900.272,47087209.0,1158599.21,881991.14,19.48811574710236,52.06251505347353,61.64542936288089
hvfhv,AIRPORT,MN_NORTH,12,2024,25446.0,288547.71,53909705.0,1269416.78,962069.8099999999,19.26873382074712,49.88669260394561,70.29281767955801
hvfhv,AIRPORT,MN_NORTH,12,2025,24725.0,276922.685,52160299.0,1287114.26,974176.1,19.112652440891875,52.05719959555106,68.49030470914127
hvfhv,AIRPORT,MN_NORTH,13,2024,26749.0,310438.822,61252814.0,1379620.38,1066016.51,18.245361906148506,51.57652173913043,73.89226519337016
hvfhv,AIRPORT,MN_NORTH,13,2025,25076.0,280634.928,55556761.0,1346456.44,1020240.3,18.18474876172137,53.69502472483649,69.46260387811634
hvfhv,AIRPORT,MN_NORTH,14,2024,33106.0,386576.759,84454670.0,1820708.84,1414514.42,16.478382218532143,54.9963402404398,91.45303867403315
hvfhv,AIRPORT,MN_NORTH,14,2025,31984.0,359406.686,80400392.0,1836792.65,1412353.7,16.092758224362885,57.428484554777384,88.5983379501385
hvfhv,AIRPORT,MN_NORTH,15,2024,35827.0,437875.14499999996,96625549.0,2069791.31,1612749.8499999999,16.31401361559146,57.77182878834399,98.9696132596685
hvfhv,AIRPORT,MN_NORTH,15,2025,35429.0,420505.035,94961793.0,2174816.88,1664995.8599999999,15.94133891300894,61.385217759462584,98.14127423822714
hvfhv,AIRPORT,MN_NORTH,16,2024,39592.0,490447.951,105553750.0,2288287.02,1780536.07,16.72714255628057,57.796701858961406,109.37016574585635
hvfhv,AIRPORT,MN_NORTH,16,2025,37344.0,451562.212,99193136.0,2277949.33,1757218.72,16.388472315261815,60.99907160454156,103.44598337950139
hvfhv,AIRPORT,MN_NORTH,17,2024,36168.0,437426.716,88938768.0,1998156.89,1538850.18,17.705846539272954,55.2465408648529,99.91160220994475
hvfhv,AIRPORT,MN_NORTH,17,2025,35982.0,421999.301,87554847.0,2077825.58,1589417.43,17.351380713394427,57.74625034739592,99.67313019390582
hvfhv,AIRPORT,MN_NORTH,18,2024,40936.0,488705.301,89002667.0,2123030.25,1615332.25,19.76726252034672,51.862181209693176,113.0828729281768
hvfhv,AIRPORT,MN_NORTH,18,2025,38143.0,446121.243,82868574.0,2063950.94,1577699.43,19.380525056458676,54.11087067089636,105.65927977839335
hvfhv,AIRPORT,MN_NORTH,19,2024,44130.0,537380.03,85593597.0,2171002.79,1653193.92,22.601785364856205,49.19562179922955,121.9060773480663
hvfhv,AIRPORT,MN_NORTH,19,2025,40445.0,490527.143,79903234.0,2113290.12,1627231.38,22.10045359115252,52.250961058227226,112.03601108033241
hvfhv,AIRPORT,MN_NORTH,20,2024,46817.0,584652.853,84498037.0,2273703.98,1721423.2,24.90886588051744,48.565776961360186,129.32872928176795
hvfhv,AIRPORT,MN_NORTH,20,2025,43628.0,544184.4469999999,81134647.0,2216058.33,1730975.16,24.145837587732398,50.794405656917576,120.85318559556787
hvfhv,AIRPORT,MN_NORTH,21,2024,47637.0,606025.189,83442414.0,2292767.93,1747199.81,26.146063803954664,48.129981526964336,131.5939226519337
hvfhv,AIRPORT,MN_NORTH,21,2025,45469.0,558909.115,81851151.0,2261082.4899999998,1782671.56,24.58209554072123,49.72800127559436,125.95290858725762
hvfhv,AIRPORT,MN_NORTH,22,2024,47622.0,624910.599,86058767.0,2311543.63,1811537.81,26.141185085768196,48.53940678677922,131.55248618784532
hvfhv,AIRPORT,MN_NORTH,22,2025,46361.0,586926.996,88548915.0,2351014.23,1913274.25,23.861807743211763,50.711033627402344,128.42382271468145
hvfhv,AIRPORT,MN_NORTH,23,2024,51905.0,685948.83,92167809.0,2537209.63,1988657.32,26.792605952041235,48.88179616607263,143.38397790055248
hvfhv,AIRPORT,MN_NORTH,23,2025,48909.0,606273.326,87259187.0,2439083.49,1950208.75,25.01265538492812,49.869829479236955,135.4819944598338
hvfhv,AIRPORT,OUTER,0,2024,200739.0,2193850.108,294509173.0,8021671.500000001,6357951.02,26.817026812268423,39.960702703510535,554.5276243093923
hvfhv,AIRPORT,OUTER,0,2025,213942.0,2229121.402,317086570.0,8810645.559999999,7141282.140000001,25.30803195859099,41.18240252030924,592.6371191135734
hvfhv,AIRPORT,OUTER,1,2024,92747.0,1003405.373,130284721.0,3518969.47,2856545.24,27.72588615974394,37.94159886573151,256.207182320442
hvfhv,AIRPORT,OUTER,1,2025,103953.0,1070790.594,146381269.0,4110532.85,3309092.04,26.33428555944545,39.542224370629036,287.9584487534626
hvfhv,AIRPORT,OUTER,2,2024,40255.0,411281.565,51623155.0,1388304.8599999999,1153314.04,28.68119226730718,34.487762017140724,111.20165745856353
hvfhv,AIRPORT,OUTER,2,2025,48551.0,486680.083,62891059.0,1792542.6600000001,1457935.78,27.858463932051134,36.92081852073078,134.49030470914127
hvfhv,AIRPORT,OUTER,3,2024,18490.0,192593.152,23451991.0,628918.26,520356.82,29.564029220376213,34.01396755002704,51.07734806629834
hvfhv,AIRPORT,OUTER,3,2025,22200.0,228516.00400000002,28698701.0,775563.09,649536.9400000001,28.665325806906733,34.935274324324325,61.49584487534626
hvfhv,AIRPORT,OUTER,4,2024,14406.0,141135.904,17326313.0,450246.75,373281.18,29.324718675000273,31.254112869637652,39.79558011049724
hvfhv,AIRPORT,OUTER,4,2025,16702.0,164062.13,20440592.0,534986.73,448347.54,28.894645908494237,32.031297449407255,46.26592797783933
hvfhv,AIRPORT,OUTER,5,2024,33385.0,408466.291,53275304.0,1323482.42,1110826.18,27.601506461605553,39.64302590983974,92.22375690607734
hvfhv,AIRPORT,OUTER,5,2025,35145.0,413444.547,55466472.0,1425836.68,1174232.67,26.834235449480186,40.57011466780481,97.35457063711911
hvfhv,AIRPORT,OUTER,6,2024,66046.0,830126.7050000001,137788934.0,2983605.12,2551056.58,21.688651267161994,45.1746528177331,182.44751381215468
hvfhv,AIRPORT,OUTER,6,2025,61649.0,746556.799,128377797.0,2906437.79,2425171.08,20.9351191499259,47.144930006974974,170.77285318559558
hvfhv,AIRPORT,OUTER,7,2024,90256.0,1046509.2359999999,204080086.0,4129090.04,3517696.17,18.46056282826145,45.74864873249424,249.32596685082873
hvfhv,AIRPORT,OUTER,7,2025,83724.0,938649.941,187122443.0,4034387.72,3326715.7800000003,18.058442020233777,48.18675314127371,231.9224376731302
hvfhv,AIRPORT,OUTER,8,2024,98864.0,1050480.111,197054225.0,4228187.8100000005,3458872.1199999996,19.191308380218697,42.76771939229649,273.10497237569064
hvfhv,AIRPORT,OUTER,8,2025,90088.0,922009.0449999999,177177691.0,4004800.4,3197810.4899999998,18.733919283325573,44.454315780126095,249.5512465373961
hvfhv,AIRPORT,OUTER,9,2024,119030.0,1206965.047,212236793.0,4819936.9,3833530.33,20.472765856389472,40.49346299252289,328.8121546961326
hvfhv,AIRPORT,OUTER,9,2025,107981.0,1062716.778,193871792.0,4558799.7700000005,3582539.45,19.733558767538497,42.218536316574216,299.1163434903047
hvfhv,AIRPORT,OUTER,10,2024,146714.0,1475294.41,261958827.0,5936371.260000001,4716784.4399999995,20.274407000608534,40.462200335346324,405.28729281767954
hvfhv,AIRPORT,OUTER,10,2025,144263.0,1417768.244,260628186.0,6059772.37,4823373.04,19.583321960426794,42.00503504016969,399.6204986149584
hvfhv,AIRPORT,OUTER,11,2024,122378.0,1243819.933,225145669.0,5081670.95,4022019.3999999994,19.88824292596097,41.52438305904656,338.060773480663
hvfhv,AIRPORT,OUTER,11,2025,117399.0,1167886.802,217308159.0,5052337.65,3997310.4499999997,19.347605292629623,43.03561060997113,325.2049861495845
hvfhv,AIRPORT,OUTER,12,2024,130461.0,1283654.562,240201924.0,5384882.55,4221511.8,19.23863200696094,41.27580311357417,360.38950276243094
hvfhv,AIRPORT,OUTER,12,2025,130444.0,1262488.805,242814948.0,5616007.54,4416574.95,18.71779202819095,43.05301539357885,361.34072022160666
hvfhv,AIRPORT,OUTER,13,2024,139368.0,1384491.729,274025092.0,5945625.39,4705739.899999999,18.18873661540455,42.66133825555364,384.9944751381216
hvfhv,AIRPORT,OUTER,13,2025,128563.0,1239183.182,250838876.0,5696683.22,4478196.7700000005,17.784561653034995,44.31044095112902,356.1301939058172
hvfhv,AIRPORT,OUTER,14,2024,168147.0,1671083.378,368720888.0,7585886.65,6069163.83,16.315593600978744,45.11461191695362,464.4944751381216
hvfhv,AIRPORT,OUTER,14,2025,159438.0,1547446.0289999999,355132465.0,7611409.71,6066720.3,15.686557139742208,47.73899390358635,441.6565096952909
hvfhv,AIRPORT,OUTER,15,2024,183672.0,1869767.261,438755974.0,8770328.06,7050642.71,15.341471201483856,47.74994588178928,507.38121546961327
hvfhv,AIRPORT,OUTER,15,2025,182544.0,1816392.1900000002,439695635.0,9210916.61,7374802.100000001,14.87167795968682,50.45861058155842,505.66204986149586
hvfhv,AIRPORT,OUTER,16,2024,194242.0,2005225.833,470067650.0,9419174.760000002,7558909.9799999995,15.356966170294852,48.49195724920461,536.5801104972376
hvfhv,AIRPORT,OUTER,16,2025,188809.0,1901007.991,462879026.0,9653476.82,7760727.57,14.784918700550497,51.1282662373086,523.016620498615
hvfhv,AIRPORT,OUTER,17,2024,182227.0,1848594.392,414195896.0,8495656.42,6784832.75,16.067131218509225,46.62128235662114,503.38950276243094
hvfhv,AIRPORT,OUTER,17,2025,180796.0,1787891.731,415151870.0,8842219.61,7081944.52,15.503748619992967,48.90716393061793,500.81994459833794
hvfhv,AIRPORT,OUTER,18,2024,196359.0,2034383.118,404615929.0,8801444.99,6963306.4799999995,18.100570689099094,44.823231886493616,542.4281767955802
hvfhv,AIRPORT,OUTER,18,2025,188453.0,1896222.098,390470687.0,8761835.91,6998303.4399999995,17.482489160063377,46.493480655654196,522.0304709141275
hvfhv,AIRPORT,OUTER,19,2024,211790.0,2246471.157,393868600.0,9070629.610000001,7176663.62,20.532980199995635,42.82841309787998,585.0552486187845
hvfhv,AIRPORT,OUTER,19,2025,197685.0,2063840.686,373261224.0,8849246.5,7106083.36,19.905165583446728,44.76438020082455,547.6038781163435
hvfhv,AIRPORT,OUTER,20,2024,225414.0,2419874.7,382874182.0,9392088.020000001,7360453.3100000005,22.753033057736967,41.665948077759154,622.6906077348066
hvfhv,AIRPORT,OUTER,20,2025,215789.0,2276837.927,374156705.0,9276264.77,7481809.92,21.906908061957626,42.987662809503725,597.7534626038781
hvfhv,AIRPORT,OUTER,21,2024,234241.0,2531106.9039999996,376754148.0,9527127.22,7481358.369999999,24.185493120038586,40.67232986539504,647.0745856353591
hvfhv,AIRPORT,OUTER,21,2025,228963.0,2388938.367,371354232.0,9548199.6,7713325.17,23.158960852235555,41.701932626668935,634.2465373961219
hvfhv,AIRPORT,OUTER,22,2024,248628.0,2709392.504,400440877.0,10056256.9,8051183.47,24.35768567752887,40.44700074006146,686.817679558011
hvfhv,AIRPORT,OUTER,22,2025,247728.0,2595222.208,406705034.0,10265765.42,8498860.32,22.971930927218374,41.439665358780594,686.2271468144045
hvfhv,AIRPORT,OUTER,23,2024,274690.0,3001279.325,428852843.0,11171361.32,8886974.02,25.194202968126298,40.66897710145983,758.8121546961326
hvfhv,AIRPORT,OUTER,23,2025,259935.0,2686019.332,401314816.0,10633008.21,8680189.95,24.094972848448236,40.906412026083444,720.0415512465374
hvfhv,CRZ,AIRPORT,0,2024,3633.0,62988.742,8631758.0,226742.0,181900.65,26.27036939636167,62.41178089733003,10.035911602209945
hvfhv,CRZ,AIRPORT,0,2025,3343.0,54241.878,7412012.0,205229.2,164370.52,26.345176019682643,61.39072689201316,9.260387811634349
hvfhv,CRZ,AIRPORT,1,2024,3988.0,65439.416,8092659.0,221077.58,179702.19,29.110567688568118,55.435702106318956,11.01657458563536
hvfhv,CRZ,AIRPORT,1,2025,3760.0,59869.594,7339897.0,216973.05,172077.88,29.364245629059916,57.70559840425532,10.415512465373961
hvfhv,CRZ,AIRPORT,2,2024,13709.0,217983.544,25501275.0,798247.96,593202.73,30.772608757797403,58.228022466992485,37.870165745856355
hvfhv,CRZ,AIRPORT,2,2025,13648.0,210414.443,24643160.0,826783.8,594757.76,30.738427815263954,60.57911781946073,37.80609418282548
hvfhv,CRZ,AIRPORT,3,2024,86034.0,1279884.334,150020102.0,5134390.07,3571309.99,30.713108050013194,59.678616244740454,237.66298342541435
hvfhv,CRZ,AIRPORT,3,2025,91489.0,1320211.002,154801968.0,5727588.24,3818784.08,30.70219111943073,62.60411896512149,253.43213296398892
hvfhv,CRZ,AIRPORT,4,2024,264772.0,3938005.6629999997,462964120.0,16648602.069999998,11278807.1,30.62185550534672,62.8790131509374,731.414364640884
hvfhv,CRZ,AIRPORT,4,2025,276941.0,3966872.634,475141796.0,18884083.47,12076443.709999999,30.055746732076585,68.18811035563532,767.1495844875346
hvfhv,CRZ,AIRPORT,5,2024,350423.0,5152000.192,651405475.0,22552776.55,15196629.5,28.47258950533076,64.35872231560143,968.0193370165746
hvfhv,CRZ,AIRPORT,5,2025,357692.0,5116850.888,656947982.0,25000786.5,15977087.41,28.03975916132733,69.89473205998456,990.8365650969529
hvfhv,CRZ,AIRPORT,6,2024,331768.0,4831768.919,652008263.0,21835063.970000003,14610822.040000001,26.67814059344214,65.81425565455379,916.4861878453039
hvfhv,CRZ,AIRPORT,6,2025,335349.0,4741727.115,645409292.0,23335200.9,15020543.01,26.448670364045523,69.58482327366414,928.9445983379501
hvfhv,CRZ,AIRPORT,7,2024,290728.0,4083461.975,602084466.0,19263590.590000004,12857480.629999999,24.415948160336693,66.25983940315348,803.1160220994475
hvfhv,CRZ,AIRPORT,7,2025,300547.0,4158429.1380000003,622072747.0,21118394.959999997,13725185.74,24.06526402096185,70.26653055928024,832.5401662049861
hvfhv,CRZ,AIRPORT,8,2024,262818.0,3712384.435,573909995.0,18140944.5,11997855.53,23.28689878628094,69.02474145606465,726.0165745856353
hvfhv,CRZ,AIRPORT,8,2025,282996.0,3934266.772,621976547.0,20719873.650000002,13459808.950000001,22.771534469450017,73.2161360937964,783.9224376731302
hvfhv,CRZ,AIRPORT,9,2024,249590.0,3522392.587,550010462.0,16764287.610000001,11321102.63,23.055222017213193,67.16730481990464,689.4751381215469
hvfhv,CRZ,AIRPORT,9,2025,255748.0,3552259.579,567520419.0,18128960.12,12028198.2,22.533346918042785,70.88602890345184,708.4432132963989
hvfhv,CRZ,AIRPORT,10,2024,241207.0,3391279.538,549480406.0,16409743.93,11038800.93,22.218456206061695,68.03178983197004,666.317679558011
hvfhv,CRZ,AIRPORT,10,2025,243865.0,3378607.031,548404621.0,17478781.07,11485969.290000001,22.178852704452318,71.67400434666722,675.5263157894736
hvfhv,CRZ,AIRPORT,11,2024,267991.0,3774286.903,626168903.0,18612173.43,12442126.19,21.699309540448386,69.45074062188655,740.3066298342542
hvfhv,CRZ,AIRPORT,11,2025,282154.0,3905656.528,650973082.0,20705789.23,13527364.0,21.598993705856486,73.38470916591649,781.590027700831
hvfhv,CRZ,AIRPORT,12,2024,307068.0,4432539.386999999,784974671.0,22409599.130000003,15121235.21,20.328225078742694,72.9792721156226,848.2541436464088
hvfhv,CRZ,AIRPORT,12,2025,329835.0,4667964.46,828165901.0,25381158.34,16732376.520000001,20.29143198930138,76.95107656858733,913.6703601108034
hvfhv,CRZ,AIRPORT,13,2024,343451.0,5092010.436,956022551.0,26516174.01,17939393.27,19.174482391053974,77.20511516926723,948.7596685082873
hvfhv,CRZ,AIRPORT,13,2025,364824.0,5278575.6729999995,985728662.0,29647814.779999997,19516471.48,19.277995208381185,81.26607564195338,1010.5927977839335
hvfhv,CRZ,AIRPORT,14,2024,375203.0,5572398.936,1147736634.0,30678006.869999997,20720546.72,17.478431528046876,81.7637568729461,1036.4723756906078
hvfhv,CRZ,AIRPORT,14,2025,383385.0,5595806.025,1146688222.0,33137962.79,21849757.580000002,17.567897972183065,86.43520948915581,1062.0083102493074
hvfhv,CRZ,AIRPORT,15,2024,360656.0,5276053.1899999995,1206609752.0,30844550.110000003,20873791.5,15.741453649381741,85.52346310611775,996.2872928176796
hvfhv,CRZ,AIRPORT,15,2025,360269.0,5138023.419,1157008781.0,32275488.48,21333031.54,15.986814112519685,89.58719312513705,997.9750692520776
hvfhv,CRZ,AIRPORT,16,2024,315950.0,4545198.187,1104328205.0,27470616.46,18634572.59,14.816893563992599,86.94608786200348,872.7900552486187
hvfhv,CRZ,AIRPORT,16,2025,314822.0,4456883.532,1053794004.0,28728560.29,19077699.5,15.22572785031713,91.25334408014687,872.0831024930748
hvfhv,CRZ,AIRPORT,17,2024,247562.0,3576184.4669999997,819559527.0,21293564.0,14227758.219999999,15.708760202356844,86.01305531543613,683.8729281767955
hvfhv,CRZ,AIRPORT,17,2025,250679.0,3581428.4790000003,803505053.0,22758339.490000002,14976273.020000001,16.04612500725618,90.78678106263389,694.4016620498614
hvfhv,CRZ,AIRPORT,18,2024,165244.0,2470073.042,471908552.0,13404306.430000002,8881994.09,18.843190939247908,81.11826408220571,456.47513812154693
hvfhv,CRZ,AIRPORT,18,2025,171636.0,2511407.536,470077545.0,14514642.180000002,9488717.41,19.233139778246585,84.56642068097602,475.4459833795014
hvfhv,CRZ,AIRPORT,19,2024,98289.0,1534665.636,249749947.0,7350921.550000001,5017606.65,22.121311159277244,74.78885277091028,271.51657458563534
hvfhv,CRZ,AIRPORT,19,2025,103059.0,1557391.957,249907513.0,7823970.59,5311720.9399999995,22.434743869425006,75.9173928526378,285.4819944598338
hvfhv,CRZ,AIRPORT,20,2024,52883.0,878397.409,131670723.0,3886187.39,2728003.87,24.01620193427509,73.48651532628634,146.08563535911603
hvfhv,CRZ,AIRPORT,20,2025,54691.0,877293.465,130228212.0,4057486.17,2848648.76,24.251707256796244,74.18928470863578,151.49861495844874
hvfhv,CRZ,AIRPORT,21,2024,30436.0,530761.926,77571956.0,2267068.66,1618883.59,24.631877705907016,74.48641937179656,84.07734806629834
hvfhv,CRZ,AIRPORT,21,2025,31971.0,542372.272,78618980.0,2427592.4699999997,1735649.28,24.835480938572342,75.93107722623627,88.5623268698061
hvfhv,CRZ,AIRPORT,22,2024,19341.0,347074.475,52397447.0,1475132.99,1076665.11,23.84597306811532,76.26973734553539,53.42817679558011
hvfhv,CRZ,AIRPORT,22,2025,20035.0,350951.506,53095238.0,1570297.59,1150144.82,23.795456413624137,78.37771849263788,55.498614958448755
hvfhv,CRZ,AIRPORT,23,2024,8822.0,162663.963,24734099.0,645487.18,499909.83999999997,23.67542342253906,73.16789616866924,24.370165745856355
hvfhv,CRZ,AIRPORT,23,2025,8507.0,148769.998,22725887.0,631967.51,487054.58,23.56660458621483,74.28794051957212,23.565096952908586
hvfhv,CRZ,CRZ,0,2024,1343081.0,2750886.2830000003,973734086.0,25830909.049999997,17597407.010000024,10.170323460156657,19.232577223562835,3710.1685082872928
hvfhv,CRZ,CRZ,0,2025,1183820.0,2410390.118,849540948.0,25408562.23999999,16313294.40000001,10.21422739566404,21.463197310401913,3279.279778393352
hvfhv,CRZ,CRZ,1,2024,988133.0,2013130.983,669100422.0,17636912.48,11940471.250000017,10.831365966168827,17.848723279153717,2729.6491712707184
hvfhv,CRZ,CRZ,1,2025,873398.0,1771417.2200000004,592827557.0,17305448.039999988,11246370.170000002,10.757094397351034,19.81393138065348,2419.3850415512466
hvfhv,CRZ,CRZ,2,2024,675601.0,1380610.5159999998,436817565.0,11437120.649999999,7724946.630000013,11.378200548322729,16.9288095340297,1866.3011049723757
hvfhv,CRZ,CRZ,2,2025,598242.0,1216192.987,388094766.0,11250053.52,7332026.970000005,11.281509406390706,18.80518840201791,1657.180055401662
hvfhv,CRZ,CRZ,3,2024,430325.0,889529.024,267638210.0,7031026.879999998,4784289.690000004,11.965049707962102,16.33887615174577,1188.743093922652
hvfhv,CRZ,CRZ,3,2025,375575.0,770043.2570000001,233723561.0,6827910.87,4426550.48,11.86083128863504,18.179886494042467,1040.3739612188365
hvfhv,CRZ,CRZ,4,2024,265498.0,546578.204,157203598.0,4473591.74,3052408.8799999976,12.516771622491746,16.849813331927173,733.4198895027624
hvfhv,CRZ,CRZ,4,2025,235220.0,482468.72099999996,139225469.0,4505133.79,2916120.2899999996,12.475356758180501,19.152851755803077,651.578947368421
hvfhv,CRZ,CRZ,5,2024,256440.0,535922.963,148555393.0,3913607.9399999995,2717060.2,12.987227375851646,15.261300655124003,708.3977900552486
hvfhv,CRZ,CRZ,5,2025,254263.0,525138.691,146587976.0,4246197.3100000005,2774267.8399999994,12.896687294461314,16.700020490594387,704.3296398891966
hvfhv,CRZ,CRZ,6,2024,562026.0,1218170.699,361117833.0,8846733.01,6082127.169999994,12.1439987606483,15.740789589805454,1552.5580110497237
hvfhv,CRZ,CRZ,6,2025,543844.0,1170335.084,350586510.0,9331672.820000002,6109368.820000001,12.0175938954411,17.158730849287668,1506.4930747922438
hvfhv,CRZ,CRZ,7,2024,979397.0,2101204.0140000004,729448435.0,17382620.279999994,11782453.940000016,10.369937184662,17.74828826308432,2705.516574585635
hvfhv,CRZ,CRZ,7,2025,967721.0,2060954.795,718876633.0,18713939.04,12025065.72000001,10.320876936891617,19.338155356760883,2680.667590027701
hvfhv,CRZ,CRZ,8,2024,1559516.0,3273992.6400000006,1361344600.0,31485699.98,21469266.06000001,8.65789125251608,20.189404905111587,4308.055248618784
hvfhv,CRZ,CRZ,8,2025,1532192.0,3181025.2130000005,1321974406.0,34044302.91999998,21954461.97,8.662566169832491,22.219345173450833,4244.299168975069
hvfhv,CRZ,CRZ,9,2024,1600956.0,3337133.3439999996,1473634040.0,31403179.179999996,21673788.96000002,8.152417569290133,19.615266865547834,4422.530386740332
hvfhv,CRZ,CRZ,9,2025,1584391.0,3283369.6739999996,1457669565.0,33998845.89999999,22301875.939999998,8.108923387173826,21.45862094647091,4388.894736842105
hvfhv,CRZ,CRZ,10,2024,1474984.0,3142967.666,1399569557.0,29878720.11999999,20183304.47000003,8.084402480040513,20.256979140112698,4074.5414364640883
hvfhv,CRZ,CRZ,10,2025,1445711.0,3059860.3679999993,1369060526.0,32030837.019999992,20632912.180000007,8.046026538347508,22.155767660341514,4004.7396121883658
hvfhv,CRZ,CRZ,11,2024,1555554.0,3346032.367,1556735512.0,33181954.77,22270635.370000027,7.737805445013835,21.33127796913511,4297.110497237569
hvfhv,CRZ,CRZ,11,2025,1510200.0,3231997.8409999995,1507294997.0,35243907.059999995,22700787.190000005,7.719253530833552,23.33724477552642,4183.379501385041
hvfhv,CRZ,CRZ,12,2024,1578106.0,3336875.7709999997,1597732620.0,33947001.81,22750840.31000003,7.51862522253567,21.511230430655484,4359.408839779006
hvfhv,CRZ,CRZ,12,2025,1511660.0,3185717.306,1515318008.0,35467389.449999996,22853679.020000007,7.568432659714025,23.4625441236786,4187.423822714682
hvfhv,CRZ,CRZ,13,2024,1596100.0,3368654.208,1620253819.0,34748970.88,23172712.180000022,7.484725545214098,21.771174036714495,4409.116022099448
hvfhv,CRZ,CRZ,13,2025,1531525.0,3220772.4300000006,1537101051.0,36303843.50999998,23383864.250000007,7.543278134158275,23.704375384012657,4242.451523545707
hvfhv,CRZ,CRZ,14,2024,1590538.0,3340811.6759999995,1625175738.0,34895619.529999994,23314760.680000026,7.400382464730099,21.93950696556762,4393.751381215469
hvfhv,CRZ,CRZ,14,2025,1509539.0,3157440.1770000006,1512077274.0,35776842.33999999,23079619.60000001,7.517330517858178,23.700508791094492,4181.548476454293
hvfhv,CRZ,CRZ,15,2024,1643821.0,3418636.566,1691272007.0,36311345.080000006,24344644.20000003,7.2768257185492455,22.089598003675587,4540.941988950276
hvfhv,CRZ,CRZ,15,2025,1564994.0,3235401.7049999996,1570117235.0,37268229.04999998,24207745.10000001,7.4182015701521795,23.81365618654128,4335.163434903047
hvfhv,CRZ,CRZ,16,2024,1807481.0,3760323.2630000003,1879166543.0,40734710.47,27392892.770000022,7.203812667497029,22.536729553450353,4993.041436464088
hvfhv,CRZ,CRZ,16,2025,1745327.0,3613174.466,1768269224.0,42105795.77999998,27539677.630000006,7.356022432023055,24.124875040608423,4834.700831024931
hvfhv,CRZ,CRZ,17,2024,2225868.0,4615586.979,2303636886.0,52025312.0,34734665.580000006,7.212991433407704,23.373044583057037,6148.806629834254
hvfhv,CRZ,CRZ,17,2025,2119423.0,4357256.006,2133441820.0,53548013.869999975,34569172.650000006,7.352495612746543,25.265373580450895,5870.97783933518
hvfhv,CRZ,CRZ,18,2024,2567971.0,5228763.693000001,2511108828.0,57935122.940000005,38701244.57,7.496110516959245,22.5606609031021,7093.842541436464
hvfhv,CRZ,CRZ,18,2025,2392879.0,4824302.414000001,2278360957.0,58327437.45999996,37599361.32000001,7.622799467766688,24.37542285255542,6628.473684210527
hvfhv,CRZ,CRZ,19,2024,2571769.0,5211909.241000002,2347877095.0,52757340.49,35920712.610000014,7.991420550742247,20.51402769455577,7104.334254143647
hvfhv,CRZ,CRZ,19,2025,2369463.0,4763785.833000001,2110908592.0,51913917.04999995,33972891.33000001,8.124287836903173,21.90957067065405,6563.609418282548
hvfhv,CRZ,CRZ,20,2024,2416607.0,5029161.609,2121657711.0,47931106.06999999,32551520.98000002,8.533413141305715,19.834050828289413,6675.709944751381
hvfhv,CRZ,CRZ,20,2025,2247641.0,4673444.898000001,1934069634.0,48204565.969999954,31210791.400000002,8.69896374827216,21.446737254748403,6226.152354570637
hvfhv,CRZ,CRZ,21,2024,2324937.0,4913427.007,1979115105.0,47901280.98000001,31954055.090000026,8.937497965890167,20.60325977865207,6422.477900552486
hvfhv,CRZ,CRZ,21,2025,2128065.0,4503275.542000001,1792762357.0,48084262.90999998,30724564.550000004,9.04291184378098,22.595298033659677,5894.916897506925
hvfhv,CRZ,CRZ,22,2024,2172254.0,4571034.636,1802013693.0,45716411.839999996,30688766.220000036,9.131853300295647,21.045610614596633,6000.701657458563
hvfhv,CRZ,CRZ,22,2025,1943032.0,4088859.3860000004,1600979258.0,44626247.76999999,28766148.180000003,9.194306369708134,22.96732517529304,5382.3601108033245
hvfhv,CRZ,CRZ,23,2024,1804025.0,3734583.888,1415329741.0,36262126.129999995,24635589.520000033,9.499201216036624,20.10067827774005,4983.494475138122
hvfhv,CRZ,CRZ,23,2025,1574763.0,3242596.342,1215156234.0,34446810.900000006,22184134.200000014,9.606457593336925,21.87428260633505,4362.224376731302
hvfhv,CRZ,CRZ_PARTIAL,0,2024,109605.0,369266.204,102675192.0,2671169.93,1812913.16,12.94722034120959,24.370876602344786,302.77624309392263
hvfhv,CRZ,CRZ_PARTIAL,0,2025,94805.0,318388.703,89228525.0,2523261.8699999996,1679509.05,12.845660407364123,26.61528263277253,262.61772853185596
hvfhv,CRZ,CRZ_PARTIAL,1,2024,79687.0,277437.959,71885632.0,1835484.3099999998,1253526.8599999999,13.893967745877227,23.03367312108625,220.12983425414365
hvfhv,CRZ,CRZ_PARTIAL,1,2025,68742.0,240722.03300000002,62943977.0,1711426.9000000001,1165818.52,13.767787802794858,24.89637921503593,190.42105263157896
hvfhv,CRZ,CRZ_PARTIAL,2,2024,55507.0,194889.319,48570244.0,1230399.18,841867.3,14.445090051431489,22.166558812402037,153.3342541436464
hvfhv,CRZ,CRZ_PARTIAL,2,2025,46927.0,164411.013,41742347.0,1122949.64,767695.98,14.179357159768712,23.929712958424787,129.99168975069253
hvfhv,CRZ,CRZ_PARTIAL,3,2024,35619.0,123817.296,30114375.0,764226.71,526694.3099999999,14.80164425129195,21.45559139784946,98.39502762430939
hvfhv,CRZ,CRZ_PARTIAL,3,2025,29864.0,104176.705,25714744.0,700086.6,476407.52,14.584478772178327,23.442492633270827,82.72576177285319
hvfhv,CRZ,CRZ_PARTIAL,4,2024,21149.0,69481.258,16455738.0,450313.33,306341.2,15.200322756718661,21.292417135561966,58.42265193370166
hvfhv,CRZ,CRZ_PARTIAL,4,2025,18145.0,60539.075,14430017.0,431683.63999999996,288941.15,15.10328574110481,23.790776522457975,50.26315789473684
hvfhv,CRZ,CRZ_PARTIAL,5,2024,26765.0,82514.753,19284008.0,488029.16,343571.08,15.404116758300452,18.233856155426864,73.93646408839778
hvfhv,CRZ,CRZ_PARTIAL,5,2025,23997.0,77063.752,17913797.0,482597.05,333933.71,15.486918111218966,20.110724257198815,66.47368421052632
hvfhv,CRZ,CRZ_PARTIAL,6,2024,65621.0,199205.377,53452261.0,1209578.8900000001,867707.17,13.416445699088388,18.43280184696972,181.27348066298342
hvfhv,CRZ,CRZ_PARTIAL,6,2025,62202.0,192467.688,50697719.0,1221474.52,863642.8099999999,13.666959588458013,19.637222597344138,172.30470914127423
hvfhv,CRZ,CRZ_PARTIAL,7,2024,100689.0,295703.872,104746909.0,2234660.8,1585373.77,10.162915062247802,22.193693452114925,278.146408839779
hvfhv,CRZ,CRZ_PARTIAL,7,2025,95747.0,284386.967,97603120.0,2243275.56,1555540.48,10.489347893796838,23.42919945272437,265.2271468144044
hvfhv,CRZ,CRZ_PARTIAL,8,2024,122052.0,342312.86699999997,141476443.0,3035866.01,2104963.9899999998,8.71047006178972,24.873545783764296,337.16022099447514
hvfhv,CRZ,CRZ_PARTIAL,8,2025,116318.0,330730.29000000004,130791863.0,3111643.64,2081692.44,9.103234839616897,26.751179009267698,322.2105263157895
hvfhv,CRZ,CRZ_PARTIAL,9,2024,142362.0,406619.404,177360502.0,3608215.07,2530792.04,8.253415151023873,25.345352481701575,393.2651933701657
hvfhv,CRZ,CRZ_PARTIAL,9,2025,135812.0,394735.939,165280207.0,3667642.99,2509337.31,8.59781946183066,27.00529400936589,376.2105263157895
hvfhv,CRZ,CRZ_PARTIAL,10,2024,152562.0,440838.815,194301955.0,3990141.04,2753616.32,8.16780116288588,26.154226085132603,421.44198895027625
hvfhv,CRZ,CRZ_PARTIAL,10,2025,149291.0,437179.409,188505322.0,4217325.91,2832188.0,8.349079249868606,28.24902981425538,413.5484764542936
hvfhv,CRZ,CRZ_PARTIAL,11,2024,155145.0,451643.211,201143988.0,4219575.61,2866047.57,8.08334156922453,27.197625511618167,428.5773480662983
hvfhv,CRZ,CRZ_PARTIAL,11,2025,152333.0,448341.112,194595963.0,4467090.18,2953374.75,8.294252246127018,29.324507362160528,421.97506925207756
hvfhv,CRZ,CRZ_PARTIAL,12,2024,158093.0,463701.21,211574859.0,4395102.13,3004745.23,7.8899939429949,27.800738362862365,436.7209944751381
hvfhv,CRZ,CRZ_PARTIAL,12,2025,155149.0,458725.016,201450510.0,4605848.52,3067644.61,8.197596807275396,29.68661428691129,429.77562326869804
hvfhv,CRZ,CRZ_PARTIAL,13,2024,157429.0,461143.30700000003,211529370.0,4440703.899999999,3015929.3,7.8481579423226195,28.207661231412253,434.8867403314917
hvfhv,CRZ,CRZ_PARTIAL,13,2025,154709.0,457111.214,201314654.0,4637502.05,3088110.06,8.174270167138452,29.97564492046358,428.5567867036011
hvfhv,CRZ,CRZ_PARTIAL,14,2024,158939.0,459938.371,217072693.0,4521164.109999999,3079995.04,7.627758760057397,28.44590761235442,439.05801104972375
hvfhv,CRZ,CRZ_PARTIAL,14,2025,152591.0,446617.75,201251728.0,4621229.850000001,3078964.14,7.989118483494463,30.2850748078196,422.68975069252076
hvfhv,CRZ,CRZ_PARTIAL,15,2024,158828.0,453498.721,212316744.0,4532432.3,3053617.81,7.689433083996428,28.536733447502957,438.7513812154696
hvfhv,CRZ,CRZ_PARTIAL,15,2025,153113.0,438818.96900000004,195886887.0,4615574.5200000005,3052104.17,8.064594381960852,30.144889852592534,424.13573407202216
hvfhv,CRZ,CRZ_PARTIAL,16,2024,171214.0,486020.335,220605894.0,4847038.41,3256472.38,7.931216951075659,28.309825189528894,472.96685082872926
hvfhv,CRZ,CRZ_PARTIAL,16,2025,167670.0,479001.466,205468664.0,4992094.87,3289120.26,8.392546308667292,29.773333750820065,464.4598337950139
hvfhv,CRZ,CRZ_PARTIAL,17,2024,211884.0,589540.0739999999,264273964.0,6026682.35,4034602.3699999996,8.030848874692778,28.443310254667647,585.3149171270718
hvfhv,CRZ,CRZ_PARTIAL,17,2025,208104.0,586237.657,249755857.0,6316642.03,4141646.32,8.450074366824559,30.353294650751547,576.4653739612188
hvfhv,CRZ,CRZ_PARTIAL,18,2024,240017.0,665186.117,278728696.0,6556743.64,4392458.47,8.591401084874303,27.317830153697447,663.0303867403314
hvfhv,CRZ,CRZ_PARTIAL,18,2025,233646.0,655394.0889999999,262755707.0,6863896.36,4484120.77,8.979514650085221,29.37733305941467,647.2188365650969
hvfhv,CRZ,CRZ_PARTIAL,19,2024,216923.0,612264.956,229865003.0,5397682.579999999,3665269.4799999995,9.588905717848663,24.882942703171167,599.2348066298342
hvfhv,CRZ,CRZ_PARTIAL,19,2025,209468.0,600374.156,215591151.0,5548732.24,3664284.91,10.02521184925628,26.489641568163158,580.2437673130194
hvfhv,CRZ,CRZ_PARTIAL,20,2024,196342.0,590641.7629999999,203130010.0,4810181.6,3279750.3599999994,10.46773121706635,24.498994611443297,542.3812154696133
hvfhv,CRZ,CRZ_PARTIAL,20,2025,189611.0,576853.1499999999,192071321.0,5028986.22,3304828.85,10.8119803060031,26.52265016270153,525.2382271468144
hvfhv,CRZ,CRZ_PARTIAL,21,2024,203145.0,642730.399,212133608.0,5358468.21,3581955.9699999997,10.907415652874766,26.37755401314332,561.1740331491712
hvfhv,CRZ,CRZ_PARTIAL,21,2025,187815.0,599604.044,193574582.0,5396526.52,3512918.58,11.151126021287237,28.733202992306257,520.2631578947369
hvfhv,CRZ,CRZ_PARTIAL,22,2024,195195.0,630398.248,203397046.0,5307131.64,3564649.42,11.15765315883693,27.188870821486205,539.2127071823204
hvfhv,CRZ,CRZ_PARTIAL,22,2025,175539.0,569732.479,182538823.0,5169295.44,3398103.8899999997,11.236168233647481,29.448130842718715,486.25761772853184
hvfhv,CRZ,CRZ_PARTIAL,23,2024,152393.0,500549.998,152373556.0,3923159.49,2661158.5,11.8260677252948,25.743698791939263,420.97513812154693
hvfhv,CRZ,CRZ_PARTIAL,23,2025,131892.0,430933.09500000003,131391787.0,3630928.6,2411732.08,11.8071241545714,27.529559033148335,365.3518005540166
hvfhv,CRZ,MN_NORTH,0,2024,261715.0,1625098.133,334205182.0,7659887.7700000005,5864218.91,17.50527398704428,29.268050245496056,722.9696132596686
hvfhv,CRZ,MN_NORTH,0,2025,212208.0,1314305.126,275261282.0,6554215.82,5035584.24,17.18911726059606,30.88580930030913,587.8337950138504
hvfhv,CRZ,MN_NORTH,1,2024,208740.0,1332023.2310000001,257590779.0,5851761.49,4543196.84,18.615897860225814,28.033733304589443,576.6298342541437
hvfhv,CRZ,MN_NORTH,1,2025,167800.0,1074765.962,211298145.0,4962783.29,3885353.21,18.311365029730858,29.575585756853396,464.81994459833794
hvfhv,CRZ,MN_NORTH,2,2024,157733.0,1028516.456,191994812.0,4361178.11,3388044.29,19.28520465230071,27.64911660844592,435.72651933701655
hvfhv,CRZ,MN_NORTH,2,2025,125274.0,818641.857,156407014.0,3633581.54,2874077.3400000003,18.842573678952785,29.005073199546594,347.01939058171746
hvfhv,CRZ,MN_NORTH,3,2024,109178.0,725484.125,131549287.0,3030082.0999999996,2347632.4,19.85372106197733,27.753595962556556,301.5966850828729
hvfhv,CRZ,MN_NORTH,3,2025,85399.0,569440.7579999999,105489373.0,2477445.4,1951856.56,19.433111322028616,29.010238995772784,236.5623268698061
hvfhv,CRZ,MN_NORTH,4,2024,67128.0,452809.779,78734454.0,1912979.77,1471122.4,20.703962770860137,28.497493892265524,185.4364640883978
hvfhv,CRZ,MN_NORTH,4,2025,50914.0,347876.642,61490691.0,1578175.81,1206624.2,20.36659355803954,30.996892996032525,141.0360110803324
hvfhv,CRZ,MN_NORTH,5,2024,41446.0,264294.472,45138474.0,1067647.73,841202.37,21.078694401587434,25.759970322829705,114.49171270718232
hvfhv,CRZ,MN_NORTH,5,2025,34860.0,222289.671,38627272.0,954951.99,744355.0399999999,20.717041980080808,27.393918244406198,96.56509695290859
hvfhv,CRZ,MN_NORTH,6,2024,72521.0,442388.96499999997,82578796.0,1862659.73,1458513.48,19.285825794796036,25.684418720094868,200.3342541436464
hvfhv,CRZ,MN_NORTH,6,2025,62024.0,369858.07,70894376.0,1641871.25,1290189.79,18.781307166029645,26.471547304269315,171.81163434903047
hvfhv,CRZ,MN_NORTH,7,2024,101802.0,567128.62,143868520.0,2986762.27,2294314.4699999997,14.191172829191542,29.338935089683897,281.2209944751381
hvfhv,CRZ,MN_NORTH,7,2025,90800.0,508007.00299999997,129498857.0,2791517.08,2152341.89,14.122327047257258,30.743580176211456,251.52354570637118
hvfhv,CRZ,MN_NORTH,8,2024,107984.0,573607.015,152217564.0,3352487.56,2446657.13,13.56601169888647,31.046150911246112,298.29834254143645
hvfhv,CRZ,MN_NORTH,8,2025,96778.0,518959.968,137464824.0,3184840.11,2315761.37,13.590792396460639,32.908720060344294,268.0831024930748
hvfhv,CRZ,MN_NORTH,9,2024,119818.0,624895.062,175089080.0,3685058.9,2736699.33,12.848443907524102,30.75546996277688,330.9889502762431
hvfhv,CRZ,MN_NORTH,9,2025,110485.0,580354.343,161107197.0,3578479.3000000003,2640598.0,12.9682327897493,32.38882472733856,306.05263157894734
hvfhv,CRZ,MN_NORTH,10,2024,131664.0,675205.685,197525189.0,4113367.55,3026266.17,12.305977168309406,31.24139893972536,363.71270718232046
hvfhv,CRZ,MN_NORTH,10,2025,120050.0,620079.334,180536257.0,3960246.63,2900910.14,12.364749549449229,32.988310120783005,332.5484764542936
hvfhv,CRZ,MN_NORTH,11,2024,133867.0,699054.011,207389615.0,4311355.28,3163460.75,12.134621300107048,32.206259048159744,369.79834254143645
hvfhv,CRZ,MN_NORTH,11,2025,122465.0,645008.61,189212681.0,4167482.72,3045095.29,12.272068572401867,34.02998995631405,339.2382271468144
hvfhv,CRZ,MN_NORTH,12,2024,139536.0,730592.133,224079016.0,4541915.23,3379040.16,11.737518870575547,32.55013208061003,385.4585635359116
hvfhv,CRZ,MN_NORTH,12,2025,127143.0,673521.8099999999,202295295.0,4361250.81,3231197.83,11.98583741653507,34.301934121422335,352.196675900277
hvfhv,CRZ,MN_NORTH,13,2024,142484.0,746388.6900000001,235186042.0,4728174.989999999,3526446.1599999997,11.424994702704339,33.18390128014373,393.6022099447514
hvfhv,CRZ,MN_NORTH,13,2025,129872.0,682409.236,211289519.0,4519664.99,3362515.57,11.627047386103426,34.80091928976223,359.7562326869806
hvfhv,CRZ,MN_NORTH,14,2024,151151.0,783637.923,263091087.0,5135165.44,3874243.14,10.722889000036705,33.97374440129407,417.54419889502765
hvfhv,CRZ,MN_NORTH,14,2025,137826.0,716035.223,235458465.0,4887566.850000001,3680085.0500000003,10.947692208899774,35.46186387183841,381.7894736842105
hvfhv,CRZ,MN_NORTH,15,2024,158343.0,816705.215,286914949.0,5499637.079999999,4175052.4799999995,10.24742274408295,34.73242947272692,437.41160220994476
hvfhv,CRZ,MN_NORTH,15,2025,145748.0,752765.3640000001,256716946.0,5272408.12,3986034.67,10.556199552171364,36.174823119356695,403.73407202216066
hvfhv,CRZ,MN_NORTH,16,2024,171800.0,870198.291,306750842.0,5909608.3,4479336.33,10.212568047653477,34.398185681024444,474.585635359116
hvfhv,CRZ,MN_NORTH,16,2025,159468.0,807162.59,272841729.0,5679274.350000001,4283609.13,10.650076638386937,35.613880841297316,441.73961218836564
hvfhv,CRZ,MN_NORTH,17,2024,210306.0,1045601.391,353134334.0,7150797.46,5320796.56,10.659300569737294,34.00187089288941,580.9558011049724
hvfhv,CRZ,MN_NORTH,17,2025,193296.0,956580.603,312689639.0,6839107.390000001,5066252.380000001,11.013125288746776,35.38152569116795,535.4459833795014
hvfhv,CRZ,MN_NORTH,18,2024,240840.0,1204036.373,365407587.0,7757768.29,5746796.029999999,11.862181019246323,32.211295009134695,665.3038674033149
hvfhv,CRZ,MN_NORTH,18,2025,215627.0,1075097.815,317069933.0,7297429.48,5357296.42,12.206619837397195,33.84283730701628,597.3047091412742
hvfhv,CRZ,MN_NORTH,19,2024,249800.0,1311089.133,350092516.0,7480871.85,5652436.6,13.481924528772275,29.947445356285026,690.0552486187845
hvfhv,CRZ,MN_NORTH,19,2025,223238.0,1167993.338,306522296.0,7007459.7,5244592.83,13.717684069546445,31.39008457341492,618.3878116343491
hvfhv,CRZ,MN_NORTH,20,2024,279984.0,1543869.53,383864852.0,8396097.79,6329160.79,14.478872652815841,29.987777122978454,773.4364640883978
hvfhv,CRZ,MN_NORTH,20,2025,250706.0,1376603.385,339730570.0,7992625.28,5905993.78,14.587360171915057,31.880470670825588,694.4764542936288
hvfhv,CRZ,MN_NORTH,21,2024,319126.0,1807287.839,434911631.0,10099556.110000001,7411956.66,14.959903935979122,31.647550215275476,881.5635359116022
hvfhv,CRZ,MN_NORTH,21,2025,278202.0,1572303.842,378347149.0,9436650.91,6834025.62,14.960582750948653,33.92014043752381,770.6426592797784
hvfhv,CRZ,MN_NORTH,22,2024,338429.0,1962844.9160000002,463938489.0,10960687.299999999,8067459.359999999,15.230988299399321,32.386962405704,934.8867403314918
hvfhv,CRZ,MN_NORTH,22,2025,284260.0,1638856.992,392460793.0,9731011.12,7155762.66,15.033056234995684,34.232783789488494,787.4238227146815
hvfhv,CRZ,MN_NORTH,23,2024,309858.0,1864510.258,419596991.0,9534967.700000001,7231215.29,15.996866213942893,30.77205590948112,855.9613259668508
hvfhv,CRZ,MN_NORTH,23,2025,250766.0,1501865.262,341985935.0,8076960.75,6129827.14,15.809758208915815,32.20915415167926,694.6426592797784
hvfhv,CRZ,OUTER,0,2024,840354.0,6529080.414,1363053494.0,28782574.87,23042377.75,17.244143090395834,34.25053592890615,2321.4198895027625
hvfhv,CRZ,OUTER,0,2025,797584.0,6060560.147,1265399697.0,28355995.799999997,22784323.49,17.241996011952576,35.552362885915464,2209.3739612188365
hvfhv,CRZ,OUTER,1,2024,652016.0,5067442.886,977623980.0,20925572.020000003,16857269.84,18.660338497016,32.09364803931192,1801.1491712707182
hvfhv,CRZ,OUTER,1,2025,619044.0,4731478.118999999,921663144.0,20655744.339999996,16822458.88,18.481070160271045,33.367166695743755,1714.8033240997229
hvfhv,CRZ,OUTER,2,2024,497264.0,3935343.3609999996,727765672.0,15665753.33,12655697.530000003,19.466755089816875,31.50389597879597,1373.657458563536
hvfhv,CRZ,OUTER,2,2025,471641.0,3694429.9140000003,689104397.0,15392070.15,12655782.040000003,19.300337870866905,32.63514018077309,1306.4847645429363
hvfhv,CRZ,OUTER,3,2024,352728.0,2849245.992,512966660.0,11256755.729999999,9018031.620000001,19.9960082614336,31.91341693883105,974.3867403314918
hvfhv,CRZ,OUTER,3,2025,332242.0,2668266.543,482940106.0,10944708.22,8934928.06,19.890167404734033,32.94197669168859,920.3379501385042
hvfhv,CRZ,OUTER,4,2024,231088.0,1915172.055,333887180.0,7707133.54,6083603.32,20.649548143777185,33.351509122066055,638.3646408839779
hvfhv,CRZ,OUTER,4,2025,210677.0,1738685.9400000002,305203007.0,7504018.33,5925722.62,20.508544281806504,35.61859305951765,583.5927977839335
hvfhv,CRZ,OUTER,5,2024,117103.0,982753.731,167735882.0,3704951.1799999997,3061307.78,21.092168171864383,31.63839679598302,323.4889502762431
hvfhv,CRZ,OUTER,5,2025,112224.0,937186.35,160104458.0,3782044.5900000003,3073156.73,21.072935145878326,33.70085356073567,310.8698060941828
hvfhv,CRZ,OUTER,6,2024,118767.0,997548.432,177326036.0,3829319.63,3161634.04,20.2518165758806,32.24228640952453,328.085635359116
hvfhv,CRZ,OUTER,6,2025,116744.0,973790.254,173185167.0,3958227.96,3229492.7,20.242177636379214,33.9051939285959,323.39058171745154
hvfhv,CRZ,OUTER,7,2024,166477.0,1355977.734,270567779.0,5732334.71,4620342.89,18.0417633631091,34.43319323390018,459.88121546961327
hvfhv,CRZ,OUTER,7,2025,163262.0,1322302.077,263889242.0,5885124.97,4687021.35,18.038959986099016,36.04712039543801,452.2493074792244
hvfhv,CRZ,OUTER,8,2024,190494.0,1469027.077,323241917.0,7049786.289999999,5448828.84,16.360803469681194,37.00791778218736,526.2265193370166
hvfhv,CRZ,OUTER,8,2025,189011.0,1437425.3669999999,316953874.0,7365191.8,5605993.33,16.326449195569698,38.96700086238367,523.5761772853185
hvfhv,CRZ,OUTER,9,2024,213336.0,1614594.919,366537548.0,7681259.61,6045952.62,15.85797073210082,36.00545435369558,589.3259668508288
hvfhv,CRZ,OUTER,9,2025,216361.0,1608879.285,368781162.0,8152941.26,6335038.12,15.705697640813876,37.68212043760197,599.3379501385042
hvfhv,CRZ,OUTER,10,2024,235064.0,1804289.223,429387581.0,8730129.89,6909321.44,15.127221862525177,37.139374340605116,649.3480662983426
hvfhv,CRZ,OUTER,10,2025,238005.0,1798928.7310000001,421696648.0,9210656.68,7148287.29,15.357350982785144,38.699425138127346,659.2936288088642
hvfhv,CRZ,OUTER,11,2024,270420.0,2072613.128,503250252.0,10194580.44,8041402.39,14.826435220145703,37.6990623474595,747.0165745856353
hvfhv,CRZ,OUTER,11,2025,268448.0,2032583.652,483161112.0,10459925.11,8157658.6899999995,15.144640090984804,38.96443672517582,743.623268698061
hvfhv,CRZ,OUTER,12,2024,288753.0,2197743.361,547610317.0,10877248.790000001,8659819.42,14.448004089740333,37.66973430579077,797.6602209944751
hvfhv,CRZ,OUTER,12,2025,288792.0,2164925.198,528128353.0,11243355.280000001,8851344.48,14.757266237512528,38.932364054405944,799.9778393351801
hvfhv,CRZ,OUTER,13,2024,301774.0,2243631.437,586773700.0,11392681.02,9111764.65,13.765226991598293,37.75236110466773,833.6298342541437
hvfhv,CRZ,OUTER,13,2025,301780.0,2205888.324,563824255.0,11766562.56,9307586.62,14.084527041852784,38.99053138047584,835.9556786703602
hvfhv,CRZ,OUTER,14,2024,324404.0,2376523.474,674967148.0,12583726.55,10186005.66,12.675408768783514,38.79029404692914,896.1436464088398
hvfhv,CRZ,OUTER,14,2025,328615.0,2359602.338,648337034.0,13053609.700000001,10432961.16,13.102087296157757,39.72310971805913,910.2908587257617
hvfhv,CRZ,OUTER,15,2024,354655.0,2562168.129,800162234.0,14254602.83,11712192.889999999,11.527418906401424,40.19287146663659,979.7099447513813
hvfhv,CRZ,OUTER,15,2025,365137.0,2587122.286,772657343.0,14969021.600000001,12136180.38,12.054037037217414,40.99563068108683,1011.4598337950139
hvfhv,CRZ,OUTER,16,2024,396457.0,2848737.788,930210041.0,16363476.79,13466005.42,11.024882107029416,41.27427890035994,1095.1850828729282
hvfhv,CRZ,OUTER,16,2025,416352.0,2936822.654,914844138.0,17445470.12,14267658.62,11.556680657661929,41.90077175082622,1153.3296398891966
hvfhv,CRZ,OUTER,17,2024,481370.0,3426564.4000000004,1078450141.0,19872843.06,15966228.389999999,11.438295912838127,41.28392517190518,1329.7513812154696
hvfhv,CRZ,OUTER,17,2025,502594.0,3492288.657,1054168897.0,21065111.57,16821311.63,11.92620954856345,41.912779639231665,1392.2271468144045
hvfhv,CRZ,OUTER,18,2024,577013.0,4044885.1440000003,1140897443.0,22207559.08,17572476.07,12.763273866325951,38.48710354879353,1593.9585635359117
hvfhv,CRZ,OUTER,18,2025,591514.0,4053283.2740000007,1104046272.0,23216186.630000003,18274916.8,13.21667411635443,39.24875257390358,1638.5429362880886
hvfhv,CRZ,OUTER,19,2024,668809.0,4804772.332,1223912643.0,24086267.0,19344119.39,14.132691981024008,36.01367056962451,1847.5386740331492
hvfhv,CRZ,OUTER,19,2025,678706.0,4782366.085999999,1183130106.0,24946766.860000003,19896575.92,14.551669188612463,36.756367057312005,1880.0720221606648
hvfhv,CRZ,OUTER,20,2024,786648.0,5844983.197,1393352513.0,28326403.93,22412243.779999997,15.101662582066194,36.00899503971281,2173.060773480663
hvfhv,CRZ,OUTER,20,2025,802548.0,5839875.876,1352762357.0,29739948.76,23133280.09,15.54120207796409,37.05690969262898,2223.1246537396123
hvfhv,CRZ,OUTER,21,2024,899201.0,6760993.352,1545744736.0,33273708.83,25508987.28,15.746180789322773,37.00363859693216,2483.980662983425
hvfhv,CRZ,OUTER,21,2025,909889.0,6701887.173,1498395946.0,34986539.309999995,26434332.829999994,16.101747930650102,38.451436724699384,2520.4681440443214
hvfhv,CRZ,OUTER,22,2024,994950.0,7541399.528999999,1727118776.0,37334477.98,28788910.63,15.719265334650034,37.52397404894718,2748.480662983425
hvfhv,CRZ,OUTER,22,2025,978967.0,7292522.773000001,1645404596.0,37839964.18,29171659.9,15.955396044609081,38.65295171338768,2711.8199445983378
hvfhv,CRZ,OUTER,23,2024,971190.0,7497109.846000001,1696679826.0,35003976.83,27959818.229999997,15.90730026491162,36.04235713917977,2682.8453038674033
hvfhv,CRZ,OUTER,23,2025,926362.0,7013007.6110000005,1560278308.0,34201618.15,27304583.369999997,16.180976989907624,36.92035958944775,2566.0997229916898
hvfhv,CRZ_PARTIAL,AIRPORT,0,2024,276.0,5126.322,686831.0,17884.19,14680.52,26.869432509598433,64.79778985507247,0.7624309392265194
hvfhv,CRZ_PARTIAL,AIRPORT,0,2025,223.0,3777.993,516630.0,13962.51,11181.84,26.325948551187505,62.61215246636771,0.6177285318559557
hvfhv,CRZ_PARTIAL,AIRPORT,1,2024,289.0,4931.446,610148.0,16715.38,13404.66,29.096556245369975,57.83868512110727,0.7983425414364641
hvfhv,CRZ_PARTIAL,AIRPORT,1,2025,258.0,4339.253,547360.0,15809.51,12240.78,28.53937225957322,61.27717054263566,0.7146814404432132
hvfhv,CRZ_PARTIAL,AIRPORT,2,2024,1137.0,19179.069,2321847.0,68660.78,52190.41,29.736950109115718,60.38766930518909,3.1408839779005526
hvfhv,CRZ_PARTIAL,AIRPORT,2,2025,1066.0,17657.726,2196928.0,68750.06999999999,50100.65,28.934864319631778,64.4934990619137,2.9529085872576175
hvfhv,CRZ_PARTIAL,AIRPORT,3,2024,9031.0,136896.841,16805511.0,540231.11,385370.54,29.325417572842618,59.81963348466393,24.947513812154696
hvfhv,CRZ_PARTIAL,AIRPORT,3,2025,9629.0,145171.796,17952011.0,613264.92,424043.22000000003,29.111973338251634,63.68936753556964,26.673130193905816
hvfhv,CRZ_PARTIAL,AIRPORT,4,2024,35770.0,518021.814,63843080.0,2180163.47,1497437.55,29.21034715743664,60.949495946323744,98.8121546961326
hvfhv,CRZ_PARTIAL,AIRPORT,4,2025,37759.0,533314.519,68120460.0,2496145.14,1640524.78,28.184370281703913,66.10728938796049,104.59556786703601
hvfhv,CRZ_PARTIAL,AIRPORT,5,2024,51722.0,749825.18,99435559.0,3292370.47,2247350.15,27.146934910880322,63.65512683190906,142.87845303867402
hvfhv,CRZ_PARTIAL,AIRPORT,5,2025,54443.0,769069.096,105337317.0,3737969.64,2452132.77,26.28364595236463,68.65840677405727,150.81163434903047
hvfhv,CRZ_PARTIAL,AIRPORT,6,2024,45345.0,672543.256,93201278.0,3008938.14,2043665.52,25.97770946445606,66.35655838570956,125.26243093922652
hvfhv,CRZ_PARTIAL,AIRPORT,6,2025,46785.0,661414.311,95486985.0,3223728.0500000003,2135497.42,24.936293879212965,68.90516297958749,129.5983379501385
hvfhv,CRZ_PARTIAL,AIRPORT,7,2024,36813.0,520826.365,78824863.0,2450826.31,1662923.63,23.78659274041491,66.57502268220466,101.69337016574586
hvfhv,CRZ_PARTIAL,AIRPORT,7,2025,37744.0,518553.536,81726074.0,2636080.27,1758400.47,22.84207032384793,69.84104149003815,104.55401662049861
hvfhv,CRZ_PARTIAL,AIRPORT,8,2024,31571.0,448270.207,70399846.0,2188729.5,1464091.86,22.922958456471623,69.32721484907034,87.21270718232044
hvfhv,CRZ_PARTIAL,AIRPORT,8,2025,33930.0,467115.992,76666656.0,2442251.45,1628035.26,21.93414528475065,71.9791173003242,93.98891966759003
hvfhv,CRZ_PARTIAL,AIRPORT,9,2024,28529.0,401685.0,61170357.0,1891756.73,1283714.73,23.639979737244296,66.3099558344141,78.80939226519337
hvfhv,CRZ_PARTIAL,AIRPORT,9,2025,29120.0,400525.861,63820771.0,2033303.73,1365106.8800000001,22.592849898350487,69.82499072802197,80.66481994459834
hvfhv,CRZ_PARTIAL,AIRPORT,10,2024,24199.0,344702.654,53641701.0,1635997.12,1109892.49,23.133672707358777,67.60598041241374,66.84806629834254
hvfhv,CRZ_PARTIAL,AIRPORT,10,2025,24559.0,342179.415,54835926.0,1730487.19,1161390.69,22.46421249456059,70.46244513213078,68.03047091412742
hvfhv,CRZ_PARTIAL,AIRPORT,11,2024,24662.0,352698.034,56417627.0,1690326.69,1145553.7,22.505606667930216,68.53972467764171,68.12707182320442
hvfhv,CRZ_PARTIAL,AIRPORT,11,2025,26541.0,368223.401,60958391.0,1903365.1,1272411.89,21.74605041002477,71.71414415432727,73.5207756232687
hvfhv,CRZ_PARTIAL,AIRPORT,12,2024,29411.0,434337.194,73259148.0,2111928.46,1446051.6,21.34359927855017,71.80743463330046,81.24585635359117
hvfhv,CRZ_PARTIAL,AIRPORT,12,2025,31635.0,451070.46,79220549.0,2376448.57,1607107.9,20.497884406228998,75.12086518097044,87.63157894736842
hvfhv,CRZ_PARTIAL,AIRPORT,13,2024,33907.0,521601.624,93376038.0,2598929.14,1794129.6300000001,20.10971858112035,76.64874922582358,93.6657458563536
hvfhv,CRZ_PARTIAL,AIRPORT,13,2025,36059.0,530671.429,97101990.0,2878537.52,1937847.6,19.67433565882635,79.82854543941873,99.88642659279779
hvfhv,CRZ_PARTIAL,AIRPORT,14,2024,35080.0,547785.442,107381359.0,2877000.9699999997,1981980.27,18.364710686889335,82.0125704104903,96.9060773480663
hvfhv,CRZ_PARTIAL,AIRPORT,14,2025,34884.0,534815.213,106552865.0,3027092.17,2049609.3,18.06929139634115,86.77594799908267,96.63157894736842
hvfhv,CRZ_PARTIAL,AIRPORT,15,2024,33191.0,505277.181,112894869.0,2832577.82,1970795.28,16.11231642068693,85.34174384622337,91.6878453038674
hvfhv,CRZ_PARTIAL,AIRPORT,15,2025,32581.0,476752.86,107464853.0,2881630.39,1970482.05,15.970898838897588,88.44511801356619,90.25207756232687
hvfhv,CRZ_PARTIAL,AIRPORT,16,2024,29403.0,433262.643,101926656.0,2498228.74,1738683.46,15.302626182497344,84.96509675883414,81.22375690607734
hvfhv,CRZ_PARTIAL,AIRPORT,16,2025,29007.0,418788.912,99159797.0,2599262.07,1781975.33,15.20414652724632,89.60809701106629,80.35180055401662
hvfhv,CRZ_PARTIAL,AIRPORT,17,2024,25109.0,367425.88300000003,80416587.0,2078706.8699999999,1416706.63,16.448511782774368,82.78732207574973,69.36187845303867
hvfhv,CRZ_PARTIAL,AIRPORT,17,2025,25059.0,361731.54,79938286.0,2187154.18,1477839.78,16.290486188307813,87.28018596113174,69.41551246537396
hvfhv,CRZ_PARTIAL,AIRPORT,18,2024,18283.0,281454.369,52122188.0,1459856.4,987727.58,19.439623839275512,79.84774927528305,50.505524861878456
hvfhv,CRZ_PARTIAL,AIRPORT,18,2025,18762.0,282896.646,53049044.0,1557041.56,1049459.3,19.19785633837247,82.9891035070888,51.97229916897507
hvfhv,CRZ_PARTIAL,AIRPORT,19,2024,11757.0,191191.959,30918444.0,894137.66,619534.6900000001,22.261503599598996,76.05151484222166,32.47790055248619
hvfhv,CRZ_PARTIAL,AIRPORT,19,2025,12313.0,191375.817,31559815.0,953656.83,659616.36,21.830069067261647,77.4512166003411,34.10803324099723
hvfhv,CRZ_PARTIAL,AIRPORT,20,2024,6332.0,111751.128,16162426.0,478172.88,339730.5,24.89131648924487,75.51687934301958,17.49171270718232
hvfhv,CRZ_PARTIAL,AIRPORT,20,2025,6619.0,112427.743,16777350.0,512283.92,366478.32,24.12418378349382,77.39596917963438,18.33518005540166
hvfhv,CRZ_PARTIAL,AIRPORT,21,2024,3647.0,68686.023,9707756.0,280826.14,205701.45,25.471353297301665,77.00195777351249,10.074585635359115
hvfhv,CRZ_PARTIAL,AIRPORT,21,2025,3755.0,67827.443,9871023.0,292356.8,215247.83,24.73692896876038,77.85800266311584,10.401662049861496
hvfhv,CRZ_PARTIAL,AIRPORT,22,2024,2201.0,42659.567,6245317.0,170640.15,128741.8,24.590335638687357,77.52846433439346,6.080110497237569
hvfhv,CRZ_PARTIAL,AIRPORT,22,2025,2410.0,45301.689,6925619.0,194884.36,147318.39,23.548231630992117,80.86487966804978,6.67590027700831
hvfhv,CRZ_PARTIAL,AIRPORT,23,2024,898.0,17722.657,2610661.0,67362.03,53506.52,24.43885483408225,75.01339643652561,2.4806629834254146
hvfhv,CRZ_PARTIAL,AIRPORT,23,2025,897.0,16414.224,2536515.0,68973.66,53735.85,23.296217999893553,76.89371237458194,2.484764542936288
hvfhv,CRZ_PARTIAL,CRZ,0,2024,64752.0,205782.147,57431175.0,1384937.69,970238.49,12.899191583665145,21.38833842970101,178.87292817679557
hvfhv,CRZ_PARTIAL,CRZ,0,2025,58548.0,187483.331,52642895.0,1355643.1,932109.27,12.821103239098077,23.154387852702058,162.18282548476455
hvfhv,CRZ_PARTIAL,CRZ,1,2024,35857.0,112084.592,29026041.0,710470.06,493167.03,13.901466314334774,19.81398499595616,99.0524861878453
hvfhv,CRZ_PARTIAL,CRZ,1,2025,32866.0,102103.533,27282938.0,700828.6699999999,479505.88,13.472622296029849,21.32382005720197,91.0415512465374
hvfhv,CRZ_PARTIAL,CRZ,2,2024,19838.0,60837.020000000004,14886457.0,373344.82,256566.99,14.712249664241803,18.819680411331788,54.80110497237569
hvfhv,CRZ_PARTIAL,CRZ,2,2025,18256.0,55952.115,13992267.0,367846.06,249524.51,14.395638247897928,20.149324057843998,50.57063711911357
hvfhv,CRZ_PARTIAL,CRZ,3,2024,13808.0,39701.555,9556103.0,247673.87,168303.84,14.95647315647393,17.936983632676707,38.14364640883978
hvfhv,CRZ_PARTIAL,CRZ,3,2025,12220.0,35417.585,8652703.0,234241.15,154805.76,14.735661908192155,19.168670212765957,33.850415512465375
hvfhv,CRZ_PARTIAL,CRZ,4,2024,14455.0,41613.451,9950897.0,272997.25,185776.77,15.054765776391816,18.886008301625736,39.930939226519335
hvfhv,CRZ_PARTIAL,CRZ,4,2025,12720.0,37095.374,8969567.0,262230.44,174508.12,14.888494216053017,20.615600628930817,35.23545706371191
hvfhv,CRZ_PARTIAL,CRZ,5,2024,27698.0,73772.875,18154507.0,482702.56,327566.02,14.629003695886647,17.42734349050473,76.51381215469613
hvfhv,CRZ_PARTIAL,CRZ,5,2025,27942.0,75736.973,18830933.0,536658.8099999999,355946.19,14.479001268816578,19.20617028129697,77.4016620498615
hvfhv,CRZ_PARTIAL,CRZ,6,2024,80796.0,216891.315,57083395.0,1385245.36,956308.68,13.67838640291104,17.144974503688303,223.19337016574585
hvfhv,CRZ_PARTIAL,CRZ,6,2025,76773.0,208816.79499999998,55293979.0,1420249.73,959343.07,13.595340317252262,18.499338699803317,212.66759002770084
hvfhv,CRZ_PARTIAL,CRZ,7,2024,155590.0,420654.31299999997,127406190.0,3109446.9699999997,2102050.36,11.886043580771076,19.984876727296097,429.8066298342541
hvfhv,CRZ_PARTIAL,CRZ,7,2025,147729.0,403055.523,122054889.0,3184977.42,2101496.5,11.888093092280801,21.559595069349957,409.22160664819944
hvfhv,CRZ_PARTIAL,CRZ,8,2024,225779.0,621663.824,229593308.0,5286213.7700000005,3636457.399999999,9.747626295797785,23.413221645945818,623.6988950276243
hvfhv,CRZ_PARTIAL,CRZ,8,2025,213579.0,588524.815,216301428.0,5435794.550000001,3623479.04,9.79507788547748,25.450978560626282,591.6315789473684
hvfhv,CRZ_PARTIAL,CRZ,9,2024,217409.0,597727.601,231021206.0,5039720.77,3474675.5599999996,9.314380272086364,23.180828622550123,600.5773480662983
hvfhv,CRZ_PARTIAL,CRZ,9,2025,208942.0,573404.67,222660003.0,5212563.36,3516468.36,9.270891871855406,24.947417752294896,578.786703601108
hvfhv,CRZ_PARTIAL,CRZ,10,2024,184413.0,520899.957,200888581.0,4393034.67,2978160.96,9.334725925511913,23.82171902197784,509.4281767955801
hvfhv,CRZ_PARTIAL,CRZ,10,2025,174319.0,496535.191,190951589.0,4497014.86,2977483.13,9.36115115334285,25.79761735668516,482.8781163434903
hvfhv,CRZ_PARTIAL,CRZ,11,2024,179790.0,519448.587,211648104.0,4570222.12,3102028.23,8.835490977041779,25.419779298069972,496.6574585635359
hvfhv,CRZ_PARTIAL,CRZ,11,2025,168402.0,488951.317,198977369.0,4622884.330000001,3081852.23,8.846356497959322,27.451481158181025,466.4875346260388
hvfhv,CRZ_PARTIAL,CRZ,12,2024,178596.0,517367.24000000005,214533699.0,4666235.14,3143822.15,8.681722604335462,26.127321664538957,493.35911602209944
hvfhv,CRZ_PARTIAL,CRZ,12,2025,164851.0,479580.712,196285540.0,4621196.42,3061049.48,8.795811261491805,28.03256528622817,456.6509695290859
hvfhv,CRZ_PARTIAL,CRZ,13,2024,171501.0,492354.80100000004,205153548.0,4485259.26,3017117.58,8.63975934552202,26.152962723249427,473.7596685082873
hvfhv,CRZ_PARTIAL,CRZ,13,2025,162071.0,463779.89999999997,192726742.0,4541450.17,3015056.2399999998,8.663082365601344,28.021362057369917,448.9501385041551
hvfhv,CRZ_PARTIAL,CRZ,14,2024,167230.0,479962.42,202589838.0,4403476.09,2970698.3,8.528881453570243,26.331854870537583,461.96132596685084
hvfhv,CRZ_PARTIAL,CRZ,14,2025,156033.0,449420.341,188830613.0,4407878.96,2936853.23,8.568066384447949,28.249658469682696,432.22437673130196
hvfhv,CRZ_PARTIAL,CRZ,15,2024,169970.0,490016.498,212107690.0,4536697.0,3087330.25,8.316810167514436,26.691163146437606,469.5303867403315
hvfhv,CRZ_PARTIAL,CRZ,15,2025,159428.0,460517.517,198991948.0,4583712.09,3088704.85,8.331307260733988,28.750985335072883,441.6288088642659
hvfhv,CRZ_PARTIAL,CRZ,16,2024,185521.0,541119.671,239793635.0,5062878.77,3490606.59,8.12378033136701,27.290057567606897,512.4889502762431
hvfhv,CRZ_PARTIAL,CRZ,16,2025,174157.0,506872.672,222720479.0,5048114.100000001,3450761.8,8.19296737952867,28.98599596915427,482.4293628808864
hvfhv,CRZ_PARTIAL,CRZ,17,2024,217774.0,645403.499,281553719.0,6093191.359999999,4189398.2799999993,8.252253263257375,27.97942527574458,601.585635359116
hvfhv,CRZ_PARTIAL,CRZ,17,2025,201595.0,592181.13,258214287.0,5966399.790000001,4065427.13,8.25613521532215,29.595971080631966,558.4349030470914
hvfhv,CRZ_PARTIAL,CRZ,18,2024,243122.0,724446.515,297839506.0,6656675.210000001,4556328.52,8.75641881436642,27.379978817219342,671.6077348066299
hvfhv,CRZ_PARTIAL,CRZ,18,2025,221403.0,650595.753,270064150.0,6445811.32,4359801.84,8.672549506478369,29.113477775820563,613.3047091412742
hvfhv,CRZ_PARTIAL,CRZ,19,2024,225035.0,689960.036,257889478.0,5728155.2,3992639.2199999993,9.631475269417544,25.454507965427602,621.6436464088398
hvfhv,CRZ_PARTIAL,CRZ,19,2025,202470.0,617765.272,231329155.0,5484715.73,3761972.93,9.613811882899066,27.089029140119525,560.8587257617728
hvfhv,CRZ_PARTIAL,CRZ,20,2024,182352.0,571611.541,195503354.0,4386307.2,3062851.0399999996,10.525658539852978,24.054066859699923,503.7348066298343
hvfhv,CRZ_PARTIAL,CRZ,20,2025,167352.0,525738.797,178122466.0,4304393.72,2936609.5999999996,10.625608951540116,25.720599216023707,463.57894736842104
hvfhv,CRZ_PARTIAL,CRZ,21,2024,169894.0,530810.7899999999,174925333.0,4112638.71,2831694.79,10.924197263068807,24.207086242009723,469.3204419889503
hvfhv,CRZ_PARTIAL,CRZ,21,2025,156073.0,493003.061,161867555.0,4075601.0900000003,2756437.06,10.964587805134883,26.113428267541472,432.3351800554017
hvfhv,CRZ_PARTIAL,CRZ,22,2024,152933.0,479472.421,155824295.0,3719197.9899999998,2576417.6599999997,11.077224611219965,24.3191331498107,422.46685082872926
hvfhv,CRZ_PARTIAL,CRZ,22,2025,135893.0,430682.936,140380396.0,3592443.5500000003,2448000.27,11.0446943717127,26.43582487692523,376.43490304709144
hvfhv,CRZ_PARTIAL,CRZ,23,2024,112008.0,356451.204,108292288.0,2592330.3899999997,1821007.1099999999,11.849637292731318,23.144153899721445,309.414364640884
hvfhv,CRZ_PARTIAL,CRZ,23,2025,99246.0,317774.439,96306509.0,2489836.04,1695700.3199999998,11.878615394521256,25.087520303085263,274.9196675900277
hvfhv,CRZ_PARTIAL,CRZ_PARTIAL,0,2024,15699.0,21780.924,7710420.0,207426.26,144447.35,10.16952726310629,13.212705267851456,43.36740331491713
hvfhv,CRZ_PARTIAL,CRZ_PARTIAL,0,2025,15201.0,20490.874,7343968.0,210584.68,138186.89,10.044589845707389,13.853343858956647,42.10803324099723
hvfhv,CRZ_PARTIAL,CRZ_PARTIAL,1,2024,9641.0,13326.607,4572036.0,122534.16,84686.01,10.493308714104613,12.709694015143658,26.632596685082873
hvfhv,CRZ_PARTIAL,CRZ_PARTIAL,1,2025,9221.0,12092.215,4294875.0,118015.41,77814.27,10.135795337466167,12.798547879839496,25.542936288088644
hvfhv,CRZ_PARTIAL,CRZ_PARTIAL,2,2024,5590.0,7612.442,2555176.0,68051.76,47118.92,10.725206874203577,12.17383899821109,15.441988950276244
hvfhv,CRZ_PARTIAL,CRZ_PARTIAL,2,2025,5494.0,7209.037,2475689.0,68385.53,44829.57,10.482953715107188,12.447311612668365,15.218836565096954
hvfhv,CRZ_PARTIAL,CRZ_PARTIAL,3,2024,3745.0,5135.83,1677497.0,46090.59,31848.57,11.021771126863415,12.307233644859812,10.345303867403315
hvfhv,CRZ_PARTIAL,CRZ_PARTIAL,3,2025,3481.0,4655.408,1579668.0,43991.37,29007.09,10.609488069645014,12.637566791151968,9.642659279778393
hvfhv,CRZ_PARTIAL,CRZ_PARTIAL,4,2024,3257.0,4557.501,1486500.0,42176.85,29444.91,11.037338446014127,12.949600859686829,8.997237569060774
hvfhv,CRZ_PARTIAL,CRZ_PARTIAL,4,2025,3153.0,4399.503,1425539.0,43070.54,28227.0,11.110331460591397,13.660177608626705,8.734072022160666
hvfhv,CRZ_PARTIAL,CRZ_PARTIAL,5,2024,7078.0,10463.6,3311568.0,92275.42,63852.439999999995,11.3749619515589,13.03693416219271,19.552486187845304
hvfhv,CRZ_PARTIAL,CRZ_PARTIAL,5,2025,7401.0,10298.162,3430461.0,97621.76,64084.86,10.807114029280612,13.190347250371572,20.501385041551245
hvfhv,CRZ_PARTIAL,CRZ_PARTIAL,6,2024,18097.0,25762.559,9431345.0,228339.2,159994.87999999998,9.833720683529233,12.617516715477704,49.99171270718232
hvfhv,CRZ_PARTIAL,CRZ_PARTIAL,6,2025,18841.0,26103.475,9546332.0,241365.31,162107.74000000002,9.843834260111631,12.810642216442863,52.19113573407202
hvfhv,CRZ_PARTIAL,CRZ_PARTIAL,7,2024,38799.0,60522.39,27512770.0,630574.01,437170.26000000007,7.919253641127375,16.25232634861723,107.17955801104972
hvfhv,CRZ_PARTIAL,CRZ_PARTIAL,7,2025,38790.0,58527.943999999996,26499299.0,659558.8,440957.14,7.951176308475178,17.00332044341325,107.45152354570637
hvfhv,CRZ_PARTIAL,CRZ_PARTIAL,8,2024,51969.0,71097.61499999999,35700902.0,858658.87,587555.0100000001,7.169326253997727,16.522520541091804,143.560773480663
hvfhv,CRZ_PARTIAL,CRZ_PARTIAL,8,2025,53131.0,71410.63399999999,34936447.0,920797.7200000001,601894.77,7.358455265929015,17.330705614424726,147.17728531855957
hvfhv,CRZ_PARTIAL,CRZ_PARTIAL,9,2024,56725.0,76922.55099999999,39032059.0,872615.79,603167.1700000002,7.094711134762323,15.383266460996035,156.6988950276243
hvfhv,CRZ_PARTIAL,CRZ_PARTIAL,9,2025,57822.0,75361.77,38073565.0,916018.5800000001,607994.71,7.1257412327949865,15.842042475182458,160.17174515235456
hvfhv,CRZ_PARTIAL,CRZ_PARTIAL,10,2024,59858.0,80260.405,41774164.0,913163.1900000001,625286.7900000002,6.916654466143235,15.255491162417723,165.353591160221
hvfhv,CRZ_PARTIAL,CRZ_PARTIAL,10,2025,61247.0,80598.128,42075453.0,980661.5900000001,644847.21,6.896022267425142,16.011585710320507,169.65927977839334
hvfhv,CRZ_PARTIAL,CRZ_PARTIAL,11,2024,59887.0,79677.629,43128845.0,951661.99,643701.3100000002,6.650756921498826,15.8909611434869,165.43370165745856
hvfhv,CRZ_PARTIAL,CRZ_PARTIAL,11,2025,61954.0,79839.843,43763845.0,1022030.38,668767.35,6.567600145736738,16.496600380927784,171.61772853185596
hvfhv,CRZ_PARTIAL,CRZ_PARTIAL,12,2024,64244.0,83837.51000000001,46284956.0,1039662.3,697493.4300000002,6.520802050670634,16.183025652200985,177.4696132596685
hvfhv,CRZ_PARTIAL,CRZ_PARTIAL,12,2025,66517.0,84254.793,46764801.0,1112837.71,727107.99,6.486016155612424,16.730124780131394,184.25761772853187
hvfhv,CRZ_PARTIAL,CRZ_PARTIAL,13,2024,61059.0,80294.641,43307873.0,983380.3,658961.1500000003,6.674553321979124,16.105411159697997,168.67127071823205
hvfhv,CRZ_PARTIAL,CRZ_PARTIAL,13,2025,63418.0,80902.633,43975366.0,1059026.25,694330.05,6.6230143212452175,16.699142987795263,175.67313019390582
hvfhv,CRZ_PARTIAL,CRZ_PARTIAL,14,2024,61214.0,81463.221,45500118.0,1013894.5700000001,683028.3000000002,6.44542494593091,16.563115790505442,169.09944751381215
hvfhv,CRZ_PARTIAL,CRZ_PARTIAL,14,2025,62733.0,82386.271,45684730.0,1072617.67,711245.0,6.492116197250152,17.098140850907814,173.77562326869807
hvfhv,CRZ_PARTIAL,CRZ_PARTIAL,15,2024,62468.0,84073.773,46931539.0,1048295.79,708073.6100000001,6.449087101106998,16.781324678235258,172.5635359116022
hvfhv,CRZ_PARTIAL,CRZ_PARTIAL,15,2025,64340.0,83807.144,47029875.0,1108729.61,740767.14,6.415192861984005,17.23235327945291,178.22714681440442
hvfhv,CRZ_PARTIAL,CRZ_PARTIAL,16,2024,62078.0,81954.319,43724768.0,1027249.99,686843.7800000001,6.747561208329339,16.54773011372789,171.48618784530387
hvfhv,CRZ_PARTIAL,CRZ_PARTIAL,16,2025,63223.0,82069.914,43482788.0,1062996.42,700126.46,6.794681389794969,16.813444790661624,175.13296398891967
hvfhv,CRZ_PARTIAL,CRZ_PARTIAL,17,2024,71060.0,92445.086,47324239.0,1182693.4000000001,787322.8000000002,7.032385868899022,16.643588516746412,196.29834254143645
hvfhv,CRZ_PARTIAL,CRZ_PARTIAL,17,2025,73577.0,93926.772,48504074.0,1247654.73,816755.62,6.971298518140971,16.957129673675198,203.81440443213296
hvfhv,CRZ_PARTIAL,CRZ_PARTIAL,18,2024,79780.0,102861.082,50055279.0,1314451.05,872417.1800000002,7.397819023244281,16.47594697919278,220.38674033149172
hvfhv,CRZ_PARTIAL,CRZ_PARTIAL,18,2025,81053.0,101217.784,50634293.0,1351873.44,881362.21,7.196388076357657,16.67888221287306,224.52354570637118
hvfhv,CRZ_PARTIAL,CRZ_PARTIAL,19,2024,70605.0,89443.274,40802234.0,1076943.22,724359.4100000001,7.891621483274666,15.253073011826357,195.0414364640884
hvfhv,CRZ_PARTIAL,CRZ_PARTIAL,19,2025,73281.0,90925.254,41839137.0,1136019.57,739844.0399999999,7.823557985911612,15.502238915953658,202.99445983379502
hvfhv,CRZ_PARTIAL,CRZ_PARTIAL,20,2024,49628.0,64821.529,27045718.0,722321.6000000001,486267.3300000001,8.628260651094566,14.55471911017974,137.0939226519337
hvfhv,CRZ_PARTIAL,CRZ_PARTIAL,20,2025,51042.0,65367.726,27589733.0,757312.81,488362.25,8.529398004685294,14.837052035578544,141.3905817174515
hvfhv,CRZ_PARTIAL,CRZ_PARTIAL,21,2024,42688.0,57132.248999999996,23066242.0,646826.23,431337.34,8.916757935688006,15.152413558845577,117.92265193370166
hvfhv,CRZ_PARTIAL,CRZ_PARTIAL,21,2025,42997.0,56955.361,23288213.0,664720.05,430220.29,8.804423920375513,15.459684396585809,119.10526315789474
hvfhv,CRZ_PARTIAL,CRZ_PARTIAL,22,2024,36658.0,50933.769,20019585.0,558293.73,381644.34,9.159109362157107,15.229792405477658,101.26519337016575
hvfhv,CRZ_PARTIAL,CRZ_PARTIAL,22,2025,36075.0,48786.067,19465460.0,562754.38,369719.97,9.02264016365398,15.599567013167013,99.93074792243767
hvfhv,CRZ_PARTIAL,CRZ_PARTIAL,23,2024,25938.0,36164.204,13519987.0,372612.58999999997,259397.7,9.629531034312384,14.365509676921889,71.65193370165746
hvfhv,CRZ_PARTIAL,CRZ_PARTIAL,23,2025,24552.0,33437.275,12558646.0,364279.75,239310.29,9.584965608553661,14.837070299771913,68.01108033240997
hvfhv,CRZ_PARTIAL,MN_NORTH,0,2024,42998.0,143714.039,31695165.0,728324.31,549613.0700000001,16.323326930148493,16.938562491278667,118.77900552486187
hvfhv,CRZ_PARTIAL,MN_NORTH,0,2025,38170.0,124402.438,28445987.0,647135.27,495737.72000000003,15.743829764106971,16.954028556457953,105.73407202216066
hvfhv,CRZ_PARTIAL,MN_NORTH,1,2024,26132.0,86649.299,18521115.0,427436.32,320719.66000000003,16.842262272006842,16.356816164090006,72.1878453038674
hvfhv,CRZ_PARTIAL,MN_NORTH,1,2025,23372.0,77122.722,16880687.0,381023.95,292951.66,16.44730449655278,16.302582149580694,64.74238227146814
hvfhv,CRZ_PARTIAL,MN_NORTH,2,2024,15460.0,51984.338,10854534.0,253737.0,187905.39,17.241054917696143,16.41248382923674,42.70718232044199
hvfhv,CRZ_PARTIAL,MN_NORTH,2,2025,13827.0,44365.037000000004,9604507.0,217990.06,166445.53,16.629081867502414,15.765535546394736,38.30193905817175
hvfhv,CRZ_PARTIAL,MN_NORTH,3,2024,9528.0,32326.93,6596943.0,156114.46,115218.66,17.641041918961555,16.38480898404702,26.320441988950275
hvfhv,CRZ_PARTIAL,MN_NORTH,3,2025,8618.0,27929.681,5948525.0,138304.7,104009.86,16.902820716059864,16.048352285913207,23.872576177285318
hvfhv,CRZ_PARTIAL,MN_NORTH,4,2024,8145.0,28699.511,5564450.0,141495.87,103676.68000000001,18.567556470091382,17.37211418047882,22.5
hvfhv,CRZ_PARTIAL,MN_NORTH,4,2025,6904.0,22531.709,4647477.0,118768.13,86539.74,17.45337360464613,17.202799826187718,19.12465373961219
hvfhv,CRZ_PARTIAL,MN_NORTH,5,2024,11698.0,41470.07,7812541.0,203727.23,149777.84,19.10930797035177,17.41556077962045,32.31491712707182
hvfhv,CRZ_PARTIAL,MN_NORTH,5,2025,11166.0,37322.496,7373419.0,191984.0,142127.06,18.22234510204832,17.19362349991044,30.930747922437675
hvfhv,CRZ_PARTIAL,MN_NORTH,6,2024,31128.0,111316.3,22783594.0,543089.09,403051.04000000004,17.588914198523728,17.446963826779747,85.98895027624309
hvfhv,CRZ_PARTIAL,MN_NORTH,6,2025,29563.0,101258.38,21582709.0,510710.63999999996,387974.7,16.88991720177481,17.275332002841388,81.89196675900277
hvfhv,CRZ_PARTIAL,MN_NORTH,7,2024,71406.0,198080.77599999998,61085217.0,1363510.88,982499.15,11.67370484416876,19.09518639890205,197.25414364640883
hvfhv,CRZ_PARTIAL,MN_NORTH,7,2025,66735.0,180304.337,57025780.0,1296513.55,946632.6799999999,11.38249425435303,19.427789765490374,184.86149584487535
hvfhv,CRZ_PARTIAL,MN_NORTH,8,2024,74891.0,197564.63,62198897.0,1483731.58,1032250.27,11.434811585163642,19.81188100038723,206.88121546961327
hvfhv,CRZ_PARTIAL,MN_NORTH,8,2025,72096.0,182062.317,59977528.0,1451017.34,1018257.29,10.927831857291618,20.126183699511763,199.7119113573407
hvfhv,CRZ_PARTIAL,MN_NORTH,9,2024,72566.0,184892.112,58510421.0,1313155.22,929428.06,11.375949648354094,18.096012182013613,200.4585635359116
hvfhv,CRZ_PARTIAL,MN_NORTH,9,2025,71247.0,174223.805,57166089.0,1312906.73,935223.01,10.971639112831385,18.42753701910256,197.3601108033241
hvfhv,CRZ_PARTIAL,MN_NORTH,10,2024,73489.0,183805.675,60952669.0,1332410.09,937506.1500000001,10.855971376741515,18.130741879737105,203.00828729281767
hvfhv,CRZ_PARTIAL,MN_NORTH,10,2025,73987.0,180473.179,61935553.0,1369042.29,975127.9,10.489991821014337,18.503822157946665,204.95013850415512
hvfhv,CRZ_PARTIAL,MN_NORTH,11,2024,73973.0,185460.308,63164342.0,1376995.05,962321.28,10.570158536599653,18.614833114785124,204.34530386740332
hvfhv,CRZ_PARTIAL,MN_NORTH,11,2025,73510.0,182013.185,63680254.0,1397630.87,997199.87,10.289649064527914,19.0127992109917,203.62880886426592
hvfhv,CRZ_PARTIAL,MN_NORTH,12,2024,77898.0,194658.783,66919146.0,1462067.49,1021315.71,10.471915149664342,18.768999075714394,215.1878453038674
hvfhv,CRZ_PARTIAL,MN_NORTH,12,2025,75670.0,185783.705,65795947.0,1450795.86,1037234.0,10.165084150244086,19.172668957314656,209.61218836565098
hvfhv,CRZ_PARTIAL,MN_NORTH,13,2024,77448.0,196671.28100000002,67665056.0,1474475.78,1034573.66,10.463548742204544,19.03826799917364,213.94475138121547
hvfhv,CRZ_PARTIAL,MN_NORTH,13,2025,75686.0,186459.25,66206126.0,1459482.42,1048911.66,10.138839720058535,19.283386887931716,209.65650969529085
hvfhv,CRZ_PARTIAL,MN_NORTH,14,2024,86126.0,216755.318,80551286.0,1683682.71,1199383.35,9.687233854962912,19.549064277918397,237.91712707182322
hvfhv,CRZ_PARTIAL,MN_NORTH,14,2025,83828.0,204605.63,78357335.0,1649897.0,1207776.33,9.400272074082151,19.681932051343228,232.21052631578948
hvfhv,CRZ_PARTIAL,MN_NORTH,15,2024,94004.0,233318.451,91016028.0,1880888.4500000002,1341277.4100000001,9.228555036482145,20.008600165950387,259.6795580110497
hvfhv,CRZ_PARTIAL,MN_NORTH,15,2025,91320.0,221954.536,88486233.0,1846830.67,1361936.67,9.030063802128405,20.223726127901884,252.9639889196676
hvfhv,CRZ_PARTIAL,MN_NORTH,16,2024,95365.0,231214.027,88006430.0,1850249.0999999999,1315272.38,9.458064566418614,19.40176270120065,263.439226519337
hvfhv,CRZ_PARTIAL,MN_NORTH,16,2025,92599.0,221116.14500000002,84655104.0,1781000.56,1310880.25,9.403072991322531,19.233475091523665,256.50692520775624
hvfhv,CRZ_PARTIAL,MN_NORTH,17,2024,104689.0,255424.913,91545331.0,2008742.96,1426002.89,10.044528505773823,19.18771752524143,289.19613259668506
hvfhv,CRZ_PARTIAL,MN_NORTH,17,2025,103458.0,243695.166,89186661.0,1950839.04,1422088.3399999999,9.836701898729004,18.856338224206926,286.58725761772854
hvfhv,CRZ_PARTIAL,MN_NORTH,18,2024,112043.0,272344.672,88441505.0,2047015.97,1448066.5699999998,11.085754580951557,18.269913961604026,309.5110497237569
hvfhv,CRZ_PARTIAL,MN_NORTH,18,2025,107566.0,253200.83700000003,84489858.0,1940911.27,1401936.65,10.78854947537017,18.043910436383243,297.96675900277006
hvfhv,CRZ_PARTIAL,MN_NORTH,19,2024,105054.0,266835.438,78586736.0,1806749.54,1302837.75,12.223533202854997,17.19829363946161,290.2044198895028
hvfhv,CRZ_PARTIAL,MN_NORTH,19,2025,101158.0,248878.447,75731096.0,1726307.12,1265492.03,11.830839067745698,17.065453251349375,280.21606648199446
hvfhv,CRZ_PARTIAL,MN_NORTH,20,2024,89770.0,247359.273,66653865.0,1532106.97,1111981.8,13.359966189507539,17.067026512197838,247.98342541436463
hvfhv,CRZ_PARTIAL,MN_NORTH,20,2025,85748.0,226556.853,63574707.0,1453340.47,1067480.71,12.829074789129582,16.948972220926436,237.5290858725762
hvfhv,CRZ_PARTIAL,MN_NORTH,21,2024,85107.0,249305.843,63712972.0,1530925.6,1097364.74,14.086629561088438,17.988245385220957,235.1022099447514
hvfhv,CRZ_PARTIAL,MN_NORTH,21,2025,78988.0,222141.801,59123523.0,1414551.54,1029301.43,13.526096602869895,17.908435964956702,218.803324099723
hvfhv,CRZ_PARTIAL,MN_NORTH,22,2024,79002.0,245280.389,60697277.0,1448308.1700000002,1060097.45,14.547759702630481,18.332550694919117,218.23756906077347
hvfhv,CRZ_PARTIAL,MN_NORTH,22,2025,72312.0,215995.096,55513554.0,1320541.22,982583.27,14.007071959399319,18.26171617435557,200.3102493074792
hvfhv,CRZ_PARTIAL,MN_NORTH,23,2024,64633.0,213113.997,49696228.0,1150168.69,864288.8800000001,15.43800042932836,17.79537836708802,178.54419889502762
hvfhv,CRZ_PARTIAL,MN_NORTH,23,2025,57686.0,184288.272,44263473.0,1025486.86,777024.4299999999,14.988380581885204,17.777049197378915,159.7950138504155
hvfhv,CRZ_PARTIAL,OUTER,0,2024,61721.0,537281.939,101534811.0,2008813.42,1719873.75,19.04977181077335,32.5466764958442,170.5
hvfhv,CRZ_PARTIAL,OUTER,0,2025,60327.0,514959.506,98135760.0,2004017.89,1728519.38,18.89071039547663,33.21925323652759,167.11080332409972
hvfhv,CRZ_PARTIAL,OUTER,1,2024,35039.0,294782.73099999997,52678233.0,1078879.1400000001,913957.13,20.145281478974436,30.790808527640632,96.79281767955801
hvfhv,CRZ_PARTIAL,OUTER,1,2025,34168.0,284594.235,51962474.0,1082285.85,927169.18,19.716906589166637,31.675422910325455,94.64819944598338
hvfhv,CRZ_PARTIAL,OUTER,2,2024,20498.0,170463.561,29306174.0,615833.29,517258.77,20.939915923518367,30.043579373597424,56.6243093922652
hvfhv,CRZ_PARTIAL,OUTER,2,2025,20504.0,171428.583,29802374.0,633042.62,540126.37,20.70784356977736,30.874103589543502,56.797783933518005
hvfhv,CRZ_PARTIAL,OUTER,3,2024,13080.0,111582.499,18302143.0,400278.51,329593.75,21.948085336236307,30.60233256880734,36.13259668508287
hvfhv,CRZ_PARTIAL,OUTER,3,2025,12529.0,105704.216,17616152.0,388621.71,323776.69,21.601492630172583,31.017775560699178,34.70637119113574
hvfhv,CRZ_PARTIAL,OUTER,4,2024,11028.0,96978.148,15350465.0,350773.64,285513.14,22.743371800137652,31.807548059484947,30.464088397790054
hvfhv,CRZ_PARTIAL,OUTER,4,2025,11180.0,96288.469,15496517.0,365471.94,297013.16,22.368799930978035,32.68979785330948,30.969529085872576
hvfhv,CRZ_PARTIAL,OUTER,5,2024,10735.0,99094.549,15453877.0,354562.91000000003,292221.79,23.08419928539615,33.02868281322776,29.654696132596683
hvfhv,CRZ_PARTIAL,OUTER,5,2025,11053.0,99833.20300000001,15691384.0,380263.91,307400.97,22.904259484058258,34.40368316294219,30.617728531855956
hvfhv,CRZ_PARTIAL,OUTER,6,2024,20363.0,187139.156,30803957.0,680739.18,564176.8,21.87059804037514,33.43020085449099,56.251381215469614
hvfhv,CRZ_PARTIAL,OUTER,6,2025,20735.0,187114.511,30980956.0,707280.59,587782.86,21.742784167150944,34.11046973715939,57.43767313019391
hvfhv,CRZ_PARTIAL,OUTER,7,2024,35303.0,322102.469,60386532.0,1284363.68,1043842.92,19.202442167071293,36.38114834433334,97.52209944751381
hvfhv,CRZ_PARTIAL,OUTER,7,2025,35893.0,318814.018,60087499.0,1301763.22,1073634.72,19.100985794066748,36.26788566015657,99.42659279778394
hvfhv,CRZ_PARTIAL,OUTER,8,2024,35266.0,311712.732,63223302.0,1370690.76,1081849.14,17.749244340322498,38.867202404582315,97.41988950276243
hvfhv,CRZ_PARTIAL,OUTER,8,2025,36096.0,313051.371,64391135.0,1436762.85,1142989.87,17.502175347584725,39.803935339095744,99.98891966759003
hvfhv,CRZ_PARTIAL,OUTER,9,2024,35756.0,312908.813,64182510.0,1383090.37,1091275.92,17.551070015803372,38.681350542566285,98.77348066298343
hvfhv,CRZ_PARTIAL,OUTER,9,2025,36855.0,319090.561,66766604.0,1465006.01,1175219.52,17.20509881856504,39.75053615520282,102.09141274238227
hvfhv,CRZ_PARTIAL,OUTER,10,2024,38483.0,344134.236,72932109.0,1541458.48,1223480.83,16.986801377154745,40.055569472234495,106.30662983425414
hvfhv,CRZ_PARTIAL,OUTER,10,2025,40435.0,355680.204,75506078.0,1656408.3699999999,1319907.26,16.958220693173867,40.96471794237665,112.00831024930748
hvfhv,CRZ_PARTIAL,OUTER,11,2024,43232.0,388421.137,85572136.0,1765414.99,1412547.82,16.340787533923425,40.835838961880086,119.42541436464089
hvfhv,CRZ_PARTIAL,OUTER,11,2025,44962.0,399059.029,87295569.0,1875185.89,1509743.35,16.45687771850138,41.70601596904052,124.54847645429363
hvfhv,CRZ_PARTIAL,OUTER,12,2024,45704.0,409224.923,92139024.0,1875688.6,1509324.09,15.988987714912197,41.03992210747418,126.25414364640883
hvfhv,CRZ_PARTIAL,OUTER,12,2025,47446.0,416486.431,93702695.0,1984211.27,1607300.6600000001,16.001152918814128,41.82041204738018,131.42936288088643
hvfhv,CRZ_PARTIAL,OUTER,13,2024,45346.0,401682.075,93837128.0,1863314.63,1513264.24,15.410269909368923,41.0910472809068,125.26519337016575
hvfhv,CRZ_PARTIAL,OUTER,13,2025,47106.0,410897.288,95418408.0,1985498.8699999999,1618738.34,15.502566724860888,42.14959601749246,130.48753462603878
hvfhv,CRZ_PARTIAL,OUTER,14,2024,50409.0,440551.667,112486500.0,2120567.39,1749572.27,14.099345265431852,42.06723779483823,139.25138121546962
hvfhv,CRZ_PARTIAL,OUTER,14,2025,52631.0,452925.608,114241206.0,2265626.45,1871393.76,14.27271512522373,43.04737607113679,145.792243767313
hvfhv,CRZ_PARTIAL,OUTER,15,2024,56245.0,478645.609,137855747.0,2442899.7,2055109.84,12.499473035389666,43.43318872788693,155.37292817679557
hvfhv,CRZ_PARTIAL,OUTER,15,2025,60412.0,498811.706,141739669.0,2649956.27,2233314.84,12.66915715458599,43.86473333112627,167.34626038781164
hvfhv,CRZ_PARTIAL,OUTER,16,2024,59826.0,496825.206,150801160.0,2613046.33,2209887.0,11.860457450062055,43.67743673319293,165.26519337016575
hvfhv,CRZ_PARTIAL,OUTER,16,2025,64329.0,521547.467,154808547.0,2848708.55,2412549.93,12.128341216199129,44.283426603864505,178.196675900277
hvfhv,CRZ_PARTIAL,OUTER,17,2024,67840.0,554064.446,159575064.0,2870409.5,2386095.13,12.499647223077408,42.31146079009434,187.40331491712706
hvfhv,CRZ_PARTIAL,OUTER,17,2025,71020.0,564012.261,159212529.0,3032285.2800000003,2530169.81,12.753042441779192,42.696216277105044,196.73130193905817
hvfhv,CRZ_PARTIAL,OUTER,18,2024,75187.0,611306.051,155414155.0,2970097.85,2429993.9699999997,14.16024031787838,39.50281099126179,207.6988950276243
hvfhv,CRZ_PARTIAL,OUTER,18,2025,78916.0,620272.433,156311836.0,3106205.22,2575325.44,14.285423394297535,39.3609055197932,218.60387811634348
hvfhv,CRZ_PARTIAL,OUTER,19,2024,82585.0,682308.125,157684146.0,3003715.05,2524633.23,15.577401484610888,36.371193921414296,228.1353591160221
hvfhv,CRZ_PARTIAL,OUTER,19,2025,85145.0,690990.218,157765309.0,3141921.05,2657790.96,15.767501743998737,36.90082858652886,235.85872576177286
hvfhv,CRZ_PARTIAL,OUTER,20,2024,87304.0,754313.367,161651420.0,3164535.51,2647802.54,16.798665432076007,36.24731409786493,241.17127071823205
hvfhv,CRZ_PARTIAL,OUTER,20,2025,90234.0,756944.376,160925612.0,3317996.57,2757313.88,16.93328811823938,36.77102389343263,249.9556786703601
hvfhv,CRZ_PARTIAL,OUTER,21,2024,91939.0,805992.2660000001,166553258.0,3437431.08,2787181.3000000003,17.42128729538272,37.38817128748409,253.97513812154696
hvfhv,CRZ_PARTIAL,OUTER,21,2025,94818.0,805104.68,166573546.0,3611584.12,2917213.7399999998,17.39998287603243,38.08964669155646,262.65373961218836
hvfhv,CRZ_PARTIAL,OUTER,22,2024,99200.0,865869.149,180336264.0,3669509.38,3009897.09,17.285092123234847,36.99102197580645,274.03314917127074
hvfhv,CRZ_PARTIAL,OUTER,22,2025,100640.0,853833.971,178907513.0,3797595.27,3122316.88,17.180957043430592,37.734452205882356,278.781163434903
hvfhv,CRZ_PARTIAL,OUTER,23,2024,93337.0,830281.5989999999,168088759.0,3272516.96,2790721.71,17.78235364567121,35.06130430590227,257.8370165745856
hvfhv,CRZ_PARTIAL,OUTER,23,2025,92783.0,797799.059,161384803.0,3298711.04,2794472.96,17.79645021718681,35.552968108381926,257.01662049861494
hvfhv,MN_NORTH,AIRPORT,0,2024,945.0,16891.86,2028867.0,49369.2,43810.38,29.972736507617306,52.24253968253968,2.610497237569061
hvfhv,MN_NORTH,AIRPORT,0,2025,843.0,14827.363,1793735.0,46909.4,40300.06,29.75830142133593,55.64578884934757,2.335180055401662
hvfhv,MN_NORTH,AIRPORT,1,2024,1680.0,31149.077,3346682.0,89886.75,77911.3,33.506821741653376,53.504017857142856,4.640883977900552
hvfhv,MN_NORTH,AIRPORT,1,2025,1652.0,29949.133,3327266.0,91173.44,77927.34,32.40404548358923,55.18973365617433,4.576177285318559
hvfhv,MN_NORTH,AIRPORT,2,2024,6033.0,104108.186,11198407.0,320061.24,261969.43,33.46810574039682,53.051755345599204,16.665745856353592
hvfhv,MN_NORTH,AIRPORT,2,2025,6231.0,107007.27500000001,11732390.0,350771.14,279624.36,32.834417369351,56.29451773391109,17.26038781163435
hvfhv,MN_NORTH,AIRPORT,3,2024,32646.0,483477.659,53670395.0,1663908.8800000001,1250158.65,32.42978875784313,50.96823133002512,90.18232044198895
hvfhv,MN_NORTH,AIRPORT,3,2025,33946.0,507517.625,56833121.0,1849549.99,1359146.48,32.14786409495266,54.485064219642965,94.03324099722991
hvfhv,MN_NORTH,AIRPORT,4,2024,91555.0,1297000.445,146202630.0,4806400.57,3433816.33,31.93650895336151,52.49741215662717,252.91436464088397
hvfhv,MN_NORTH,AIRPORT,4,2025,93759.0,1315287.679,152490009.0,5315438.41,3683334.47,31.051448389644992,56.692567220213526,259.7202216066482
hvfhv,MN_NORTH,AIRPORT,5,2024,113909.0,1638442.114,199812333.0,6413165.26,4526300.600000001,29.51965737970739,56.30077746271146,314.66574585635357
hvfhv,MN_NORTH,AIRPORT,5,2025,113301.0,1613855.218,201702806.0,6904582.5,4720905.12,28.804154488559767,60.940172637487755,313.8531855955679
hvfhv,MN_NORTH,AIRPORT,6,2024,94004.0,1366768.2040000001,178535793.0,5517917.76,3880131.05,27.55954675374254,58.698754946598015,259.6795580110497
hvfhv,MN_NORTH,AIRPORT,6,2025,94168.0,1342530.336,177327129.0,5786542.97,3987138.75,27.255328819991213,61.44914376433608,260.8531855955679
hvfhv,MN_NORTH,AIRPORT,7,2024,76927.0,1054594.369,148284956.0,4454584.35,3113341.65,25.602999999541424,57.906643311191125,212.50552486187846
hvfhv,MN_NORTH,AIRPORT,7,2025,76410.0,1050820.209,149404350.0,4709793.08,3252042.23,25.3202316559056,61.638438424290015,211.66204986149583
hvfhv,MN_NORTH,AIRPORT,8,2024,67249.0,911700.971,133802974.0,3899849.53,2741991.87,24.529525745817878,57.9911899061696,185.7707182320442
hvfhv,MN_NORTH,AIRPORT,8,2025,68900.0,930233.8099999999,140754062.0,4254141.86,2964246.2399999998,23.79214971430096,61.74371349782294,190.85872576177286
hvfhv,MN_NORTH,AIRPORT,9,2024,59588.0,797749.147,111847174.0,3250041.64,2323144.11,25.67697355679277,54.54188158689669,164.60773480662982
hvfhv,MN_NORTH,AIRPORT,9,2025,59395.0,792835.679,115711557.0,3434091.37,2445916.0,24.666580576735303,57.817852849566464,164.5290858725762
hvfhv,MN_NORTH,AIRPORT,10,2024,50781.0,687866.334,98145976.0,2764668.98,2001354.94,25.23097638154824,54.44298024851815,140.27900552486187
hvfhv,MN_NORTH,AIRPORT,10,2025,49609.0,673007.375,98498299.0,2856830.84,2060459.45,24.597648635536338,57.586946723376805,137.42105263157896
hvfhv,MN_NORTH,AIRPORT,11,2024,50178.0,675399.048,98434771.0,2756944.9899999998,1987871.06,24.700992831079983,54.94330164613974,138.61325966850828
hvfhv,MN_NORTH,AIRPORT,11,2025,50984.0,683834.799,102058949.0,2956117.63,2120085.41,24.12140533016855,57.98128099011454,141.22991689750694
hvfhv,MN_NORTH,AIRPORT,12,2024,56982.0,797027.201,122687092.0,3321092.99,2414847.24,23.38712147158888,58.283194517566955,157.40883977900552
hvfhv,MN_NORTH,AIRPORT,12,2025,58473.0,812782.599,129108201.0,3609735.13,2611903.0100000002,22.663295853684772,61.733366340020176,161.97506925207756
hvfhv,MN_NORTH,AIRPORT,13,2024,63706.0,935344.505,152896078.0,3992719.43,2930169.0500000003,22.02306469888652,62.67415047248297,175.98342541436463
hvfhv,MN_NORTH,AIRPORT,13,2025,65189.0,950585.718,158004928.0,4360272.16,3146640.04,21.658239575920064,66.88662443050208,180.57894736842104
hvfhv,MN_NORTH,AIRPORT,14,2024,65490.0,1000047.954,177086641.0,4440708.42,3274264.98,20.33000690548984,67.80742739349519,180.91160220994476
hvfhv,MN_NORTH,AIRPORT,14,2025,63778.0,976258.347,176233036.0,4667630.91,3389179.45,19.942515483873294,73.18559550315156,176.67036011080333
hvfhv,MN_NORTH,AIRPORT,15,2024,63700.0,960510.247,189384196.0,4497776.87,3348785.35,18.258318076340437,70.6087420722135,175.9668508287293
hvfhv,MN_NORTH,AIRPORT,15,2025,60315.0,896671.869,181519752.0,4548020.98,3337579.7,17.78329186126257,75.40447616679103,167.0775623268698
hvfhv,MN_NORTH,AIRPORT,16,2024,55860.0,832931.4,170949936.0,3960262.63,2963143.25,17.540533270512604,70.89621607590405,154.30939226519337
hvfhv,MN_NORTH,AIRPORT,16,2025,52310.0,775569.977,164166214.0,4025366.82,2968114.81,17.007469741611995,76.95214719938826,144.90304709141273
hvfhv,MN_NORTH,AIRPORT,17,2024,49443.0,726728.331,139949448.0,3407193.99,2505053.84,18.69405009443124,68.91155451732298,136.58287292817678
hvfhv,MN_NORTH,AIRPORT,17,2025,46224.0,687542.6510000001,136094514.0,3482642.36,2540098.08,18.18701923282521,75.34273018345448,128.0443213296399
hvfhv,MN_NORTH,AIRPORT,18,2024,38563.0,582479.39,97806023.0,2523038.67,1858858.42,21.439638783799644,65.42641054897182,106.52762430939227
hvfhv,MN_NORTH,AIRPORT,18,2025,36740.0,551761.28,94942785.0,2561138.72,1875918.69,20.92144872303883,69.70981818181819,101.77285318559557
hvfhv,MN_NORTH,AIRPORT,19,2024,25928.0,410663.098,60559952.0,1612636.17,1220912.46,24.411960445411182,62.196705106448626,71.62430939226519
hvfhv,MN_NORTH,AIRPORT,19,2025,25259.0,396572.007,59423047.0,1649105.33,1247475.0,24.025345337811437,65.28783126806287,69.96952908587258
hvfhv,MN_NORTH,AIRPORT,20,2024,14968.0,256919.989,34179731.0,921475.93,722240.14,27.060246916513183,61.56306320149653,41.348066298342545
hvfhv,MN_NORTH,AIRPORT,20,2025,14533.0,243845.183,33363840.0,926126.5800000001,724971.33,26.31119975398515,63.72576756347623,40.257617728531855
hvfhv,MN_NORTH,AIRPORT,21,2024,9108.0,162901.834,21218851.0,550716.61,448747.03,27.63799992751728,60.4651526130874,25.16022099447514
hvfhv,MN_NORTH,AIRPORT,21,2025,8624.0,154732.673,20519288.0,555693.9,447212.6,27.147024926011078,64.43574907235622,23.889196675900276
hvfhv,MN_NORTH,AIRPORT,22,2024,5411.0,98561.741,13290058.0,325409.92,274340.55,26.698323483614594,60.13859175753095,14.947513812154696
hvfhv,MN_NORTH,AIRPORT,22,2025,5405.0,99750.64199999999,13791597.0,355565.63,294742.29,26.037761341199282,65.78457539315448,14.97229916897507
hvfhv,MN_NORTH,AIRPORT,23,2024,2195.0,40496.328,5500516.0,129416.97,112951.01,26.504200842248256,58.95989521640091,6.06353591160221
hvfhv,MN_NORTH,AIRPORT,23,2025,2061.0,37119.551,5139627.0,128918.39,109572.24,26.000015876638518,62.55137797185832,5.7091412742382275
hvfhv,MN_NORTH,CRZ,0,2024,88232.0,511969.419,104772105.0,2246746.79,1808136.22,17.59141813939884,25.46408094568864,243.73480662983425
hvfhv,MN_NORTH,CRZ,0,2025,68513.0,398976.914,83115027.0,1823698.91,1477370.57,17.281073498297726,26.618290105527418,189.78670360110803
hvfhv,MN_NORTH,CRZ,1,2024,51848.0,302178.012,58143213.0,1289917.16,1021546.15,18.709678861400384,24.878821941058476,143.22651933701658
hvfhv,MN_NORTH,CRZ,1,2025,42609.0,248578.408,48744393.0,1084212.65,876030.09,18.358670889593395,25.445625337370036,118.03047091412742
hvfhv,MN_NORTH,CRZ,2,2024,30352.0,177560.986,32278511.0,748173.83,579133.08,19.803253923329983,24.64990214812862,83.84530386740332
hvfhv,MN_NORTH,CRZ,2,2025,26686.0,157024.315,28780265.0,662250.82,529509.14,19.641498575499565,24.816413849958778,73.92243767313019
hvfhv,MN_NORTH,CRZ,3,2024,28557.0,171894.658,29640036.0,706157.51,542259.3,20.877868326475713,24.728000490247574,78.88674033149171
hvfhv,MN_NORTH,CRZ,3,2025,25193.0,154581.309,26567968.0,642583.95,501322.44,20.94600205781639,25.50644821974358,69.78670360110803
hvfhv,MN_NORTH,CRZ,4,2024,48070.0,298955.814,49264931.0,1244315.54,937864.89,21.845984731004698,25.885490742666946,132.79005524861878
hvfhv,MN_NORTH,CRZ,4,2025,44059.0,278199.048,46149091.0,1194918.23,910917.11,21.7017616403322,27.120865884382305,122.04709141274238
hvfhv,MN_NORTH,CRZ,5,2024,82257.0,500264.593,86191131.0,2097020.02,1596411.29,20.89487066598534,25.493514472932397,227.2292817679558
hvfhv,MN_NORTH,CRZ,5,2025,71879.0,441163.07800000004,75634010.0,1937728.73,1471173.0,20.998319152984223,26.958203786919682,199.11080332409972
hvfhv,MN_NORTH,CRZ,6,2024,158154.0,913691.689,177488792.0,4074664.3999999994,3098542.5399999996,18.532381923023063,25.763903537058813,436.88950276243094
hvfhv,MN_NORTH,CRZ,6,2025,141792.0,830130.598,158756023.0,3822290.87,2917375.7499999995,18.824294639832342,26.95702768844505,392.77562326869804
hvfhv,MN_NORTH,CRZ,7,2024,224745.0,1226140.364,285346047.0,6448479.16,4767601.64,15.469305977103653,28.69242545996574,620.8425414364641
hvfhv,MN_NORTH,CRZ,7,2025,203988.0,1119167.81,255683194.0,6232802.5600000005,4554877.88,15.757797972439285,30.554751063788068,565.0637119113574
hvfhv,MN_NORTH,CRZ,8,2024,300634.0,1585421.446,443479032.0,9298165.639999999,7002729.49,12.869869359685984,30.9285231876634,830.4806629834254
hvfhv,MN_NORTH,CRZ,8,2025,278256.0,1479492.002,406139689.0,9210543.92,6829064.12,13.11413622321457,33.10097147950089,770.792243767313
hvfhv,MN_NORTH,CRZ,9,2024,280025.0,1492687.263,407626950.0,8440478.19,6362403.87,13.182823527247157,30.141873725560217,773.5497237569061
hvfhv,MN_NORTH,CRZ,9,2025,263947.0,1419811.3869999999,384542011.0,8415270.760000002,6331056.33,13.291970310104816,31.88242624466276,731.1551246537396
hvfhv,MN_NORTH,CRZ,10,2024,233315.0,1269906.1360000002,341386206.0,7027583.87,5286467.58,13.39146693466578,30.120583202965946,644.5165745856353
hvfhv,MN_NORTH,CRZ,10,2025,213091.0,1166025.811,310604036.0,6735346.04,5065576.23,13.514611637564169,31.607839092218818,590.2797783933518
hvfhv,MN_NORTH,CRZ,11,2024,214370.0,1175601.061,332037452.0,6732074.74,5080546.62,12.746043538486134,31.403996548024445,592.182320441989
hvfhv,MN_NORTH,CRZ,11,2025,195828.0,1077262.068,300281153.0,6433291.5200000005,4855524.96,12.915041140793807,32.851745000714914,542.4598337950139
hvfhv,MN_NORTH,CRZ,12,2024,203209.0,1104825.411,313967676.0,6505279.38,4832803.67,12.668092238896595,32.01275228951474,561.3508287292817
hvfhv,MN_NORTH,CRZ,12,2025,182146.0,1001716.959,278511136.0,6097878.71,4548301.43,12.948067729686759,33.47797212126536,504.5595567867036
hvfhv,MN_NORTH,CRZ,13,2024,193500.0,1048349.548,300734514.0,6210868.85,4636941.17,12.549468707805183,32.0975134366925,534.5303867403314
hvfhv,MN_NORTH,CRZ,13,2025,172704.0,944413.673,265503784.0,5804283.7700000005,4348135.98,12.805426617949822,33.60827641513804,478.40443213296396
hvfhv,MN_NORTH,CRZ,14,2024,184745.0,999585.481,295031865.0,5979046.74,4507042.08,12.197013809338866,32.36378110368346,510.3453038674033
hvfhv,MN_NORTH,CRZ,14,2025,162053.0,886949.312,256423356.0,5507324.75,4162592.67,12.452132180970285,33.98471333452636,448.90027700831024
hvfhv,MN_NORTH,CRZ,15,2024,185078.0,986103.685,303154929.0,6076665.359999999,4595902.6899999995,11.710095817046735,32.832996682479816,511.2651933701657
hvfhv,MN_NORTH,CRZ,15,2025,161574.0,867873.992,262629830.0,5608840.53,4235318.08,11.89638805005509,34.71375673066211,447.57340720221606
hvfhv,MN_NORTH,CRZ,16,2024,193589.0,1018200.353,325352160.0,6418663.2299999995,4895326.54,11.26631915030163,33.15613609244327,534.7762430939226
hvfhv,MN_NORTH,CRZ,16,2025,169713.0,896873.2829999999,280988056.0,5915788.29,4505118.56,11.490679941214298,34.857602481836985,470.1191135734072
hvfhv,MN_NORTH,CRZ,17,2024,230364.0,1200051.246,386584188.0,7742758.7,5872782.56,11.175274674193348,33.61097523918668,636.3646408839779
hvfhv,MN_NORTH,CRZ,17,2025,198644.0,1037018.966,328625333.0,7051726.850000001,5315144.59,11.360257115661867,35.49931963713981,550.2603878116344
hvfhv,MN_NORTH,CRZ,18,2024,253459.0,1336988.294,405772046.0,8315108.2299999995,6310579.99,11.86172853908226,32.806521883223716,700.1629834254144
hvfhv,MN_NORTH,CRZ,18,2025,214278.0,1129086.158,338842763.0,7445545.4,5595976.53,11.99585947420692,34.74712942999282,593.5678670360111
hvfhv,MN_NORTH,CRZ,19,2024,224183.0,1213881.9239999999,331007137.0,6890079.74,5295365.58,13.202056505506706,30.73417582956781,619.2900552486187
hvfhv,MN_NORTH,CRZ,19,2025,187109.0,1014928.208,273614910.0,6070085.300000001,4629417.64,13.353590814184798,32.441439481799385,518.3074792243767
hvfhv,MN_NORTH,CRZ,20,2024,189521.0,1056644.0829999999,261644801.0,5455968.29,4269793.73,14.538483792766053,28.788199144158167,523.5386740331492
hvfhv,MN_NORTH,CRZ,20,2025,159322.0,893480.496,218947962.0,4844536.7700000005,3755473.14,14.690841404589097,30.407205345150075,441.3351800554017
hvfhv,MN_NORTH,CRZ,21,2024,182059.0,1023761.725,243584018.0,5079957.22,4009985.86,15.130476294220584,27.902807441543676,502.92541436464086
hvfhv,MN_NORTH,CRZ,21,2025,152650.0,863513.628,206007160.0,4506697.13,3548876.4,15.090004933809098,29.52307323943662,422.8531855955679
hvfhv,MN_NORTH,CRZ,22,2024,175906.0,1004303.405,231559406.0,4828607.16,3860883.76,15.613670463466296,27.44992871192569,485.9281767955801
hvfhv,MN_NORTH,CRZ,22,2025,141835.0,818440.7930000001,191328842.0,4172141.56,3323602.92,15.39959592082829,29.415458525751752,392.89473684210526
hvfhv,MN_NORTH,CRZ,23,2024,138947.0,803562.767,175015458.0,3720673.3,2996337.12,16.528974036110572,26.777643993753014,383.8314917127072
hvfhv,MN_NORTH,CRZ,23,2025,105736.0,617475.343,135201414.0,3016747.7800000003,2392338.48,16.441479190446927,28.53094291442839,292.8975069252078
hvfhv,MN_NORTH,CRZ_PARTIAL,0,2024,25401.0,67975.834,16819194.0,389235.54,287390.73000000004,14.549627193788242,15.323630565725757,70.16850828729282
hvfhv,MN_NORTH,CRZ_PARTIAL,0,2025,21819.0,57918.957,14465933.0,332720.46,250369.59,14.413743323710955,15.249115908153446,60.4404432132964
hvfhv,MN_NORTH,CRZ_PARTIAL,1,2024,15642.0,41988.223,10165401.0,236059.65,172990.58,14.869812100870394,15.091398158803221,43.209944751381215
hvfhv,MN_NORTH,CRZ_PARTIAL,1,2025,13640.0,36175.439,8826458.0,201192.46,151486.03,14.754681934701326,14.750180351906158,37.78393351800554
hvfhv,MN_NORTH,CRZ_PARTIAL,2,2024,9796.0,26685.39,6213923.0,148259.29,106958.27,15.46002485064588,15.134676398530013,27.060773480662984
hvfhv,MN_NORTH,CRZ_PARTIAL,2,2025,8902.0,24425.507999999998,5685182.0,133283.87,99036.07,15.46684500162,14.972351157043361,24.65927977839335
hvfhv,MN_NORTH,CRZ_PARTIAL,3,2024,6903.0,21549.799,4541437.0,110578.35,80819.70999999999,17.08253938125752,16.018883094306823,19.069060773480665
hvfhv,MN_NORTH,CRZ_PARTIAL,3,2025,6561.0,20443.927,4425371.0,102501.8,77892.45,16.630953020661995,15.622892851699437,18.174515235457065
hvfhv,MN_NORTH,CRZ_PARTIAL,4,2024,10627.0,41395.011,7758926.0,194167.84,142661.37,19.206529305731234,18.27118095417333,29.35635359116022
hvfhv,MN_NORTH,CRZ_PARTIAL,4,2025,11365.0,44965.642,8468720.0,208814.85,160556.02,19.114613684240357,18.37350197976243,31.481994459833796
hvfhv,MN_NORTH,CRZ_PARTIAL,5,2024,24392.0,92093.05,18417060.0,443223.25,329250.07,18.001514899772275,18.17084494916366,67.38121546961327
hvfhv,MN_NORTH,CRZ_PARTIAL,5,2025,22894.0,89091.439,17367073.0,429232.6,324834.58,18.46765890832612,18.748693980955707,63.418282548476455
hvfhv,MN_NORTH,CRZ_PARTIAL,6,2024,54204.0,189882.438,45100477.0,979897.8200000001,734283.56,15.156752705741892,18.077961405062357,149.73480662983425
hvfhv,MN_NORTH,CRZ_PARTIAL,6,2025,53054.0,186585.98,43799553.0,970150.4,744453.4500000001,15.3359904837385,18.286093414257174,146.9639889196676
hvfhv,MN_NORTH,CRZ_PARTIAL,7,2024,82781.0,259114.71000000002,76430775.0,1681275.63,1219280.52,12.204677448318431,20.3099217211679,228.6767955801105
hvfhv,MN_NORTH,CRZ_PARTIAL,7,2025,82636.0,255676.62500000003,74815601.0,1731261.5,1269938.25,12.30272613862983,20.950451377123773,228.90858725761774
hvfhv,MN_NORTH,CRZ_PARTIAL,8,2024,107582.0,312041.597,105744755.0,2257550.92,1646733.75,10.623219555428541,20.984466918257702,297.1878453038674
hvfhv,MN_NORTH,CRZ_PARTIAL,8,2025,107221.0,307339.691,102977570.0,2324401.65,1701240.3199999998,10.744309538475223,21.67860447113905,297.01108033240996
hvfhv,MN_NORTH,CRZ_PARTIAL,9,2024,111798.0,312409.701,104585427.0,2168986.81,1578606.92,10.753648532696625,19.400944650172633,308.83425414364643
hvfhv,MN_NORTH,CRZ_PARTIAL,9,2025,109764.0,305936.59500000003,102005468.0,2172544.79,1614036.5,10.797183362758554,19.792871888779565,304.05540166204986
hvfhv,MN_NORTH,CRZ_PARTIAL,10,2024,103978.0,283082.983,98328568.0,1987369.23,1445139.33,10.36421824835281,19.113362730577624,287.23204419889504
hvfhv,MN_NORTH,CRZ_PARTIAL,10,2025,103516.0,276920.675,97437642.0,2000145.5699999998,1487488.59,10.231307013771946,19.32209098110437,286.74792243767314
hvfhv,MN_NORTH,CRZ_PARTIAL,11,2024,96949.0,257939.09600000002,95195858.0,1921285.1199999999,1384264.23,9.754423827977895,19.817482593941143,267.81491712707185
hvfhv,MN_NORTH,CRZ_PARTIAL,11,2025,95148.0,250373.095,92958311.0,1908653.48,1412640.17,9.69620824973896,20.059838146886953,263.5678670360111
hvfhv,MN_NORTH,CRZ_PARTIAL,12,2024,98393.0,259526.185,95664711.0,2004008.28,1413598.5999999999,9.766341801837461,20.367386704338724,271.80386740331494
hvfhv,MN_NORTH,CRZ_PARTIAL,12,2025,97014.0,252717.931,93150451.0,1986558.74,1444586.44,9.766829272785808,20.477031562454904,268.7368421052632
hvfhv,MN_NORTH,CRZ_PARTIAL,13,2024,94288.0,249928.74599999998,90570785.0,1894524.09,1349307.55,9.934146928283772,20.092950216358393,260.4640883977901
hvfhv,MN_NORTH,CRZ_PARTIAL,13,2025,92213.0,241037.18600000002,87849019.0,1876131.92,1378413.0,9.877559015200841,20.34563369589971,255.4376731301939
hvfhv,MN_NORTH,CRZ_PARTIAL,14,2024,92250.0,242896.707,91270790.0,1877413.32,1344902.57,9.5805913940265,20.351363902439026,254.8342541436464
hvfhv,MN_NORTH,CRZ_PARTIAL,14,2025,90650.0,238013.435,88812804.0,1855478.54,1375009.31,9.647802202033843,20.46859944842802,251.10803324099723
hvfhv,MN_NORTH,CRZ_PARTIAL,15,2024,98169.0,244487.784,96023603.0,1997046.57,1418818.5599999998,9.166038295813584,20.342945023378054,271.18508287292815
hvfhv,MN_NORTH,CRZ_PARTIAL,15,2025,94260.0,232668.31100000002,91253480.0,1935066.51,1420232.99,9.17889289920779,20.529031508593253,261.1080332409972
hvfhv,MN_NORTH,CRZ_PARTIAL,16,2024,93555.0,230849.826,86406712.0,1856846.4200000002,1309197.71,9.617995574232706,19.847644914756028,258.439226519337
hvfhv,MN_NORTH,CRZ_PARTIAL,16,2025,89884.0,218335.462,81659821.0,1782473.53,1292613.71,9.625390474466018,19.830821169507367,248.98614958448752
hvfhv,MN_NORTH,CRZ_PARTIAL,17,2024,107879.0,263307.778,96976755.0,2151470.29,1512421.25,9.774589805567324,19.94336515911345,298.00828729281767
hvfhv,MN_NORTH,CRZ_PARTIAL,17,2025,102966.0,246914.28,91741371.0,2066615.6400000001,1488076.1,9.689100983677255,20.070854845288736,285.22437673130196
hvfhv,MN_NORTH,CRZ_PARTIAL,18,2024,121408.0,298032.515,105368562.0,2380822.48,1683639.8,10.182515862748513,19.610095545598313,335.38121546961327
hvfhv,MN_NORTH,CRZ_PARTIAL,18,2025,116018.0,277537.741,99256804.0,2274670.4899999998,1634579.2999999998,10.066170049158544,19.60618602285852,321.3795013850416
hvfhv,MN_NORTH,CRZ_PARTIAL,19,2024,101609.0,244478.518,79851575.0,1836450.05,1300221.8,11.021982531966339,18.07369475144918,280.6878453038674
hvfhv,MN_NORTH,CRZ_PARTIAL,19,2025,97619.0,228331.475,74892528.0,1750634.97,1254016.72,10.975638450874566,17.933342586996382,270.41274238227146
hvfhv,MN_NORTH,CRZ_PARTIAL,20,2024,71575.0,179655.407,53371756.0,1219271.79,876853.4,12.118009855250031,17.034883548725116,197.72099447513813
hvfhv,MN_NORTH,CRZ_PARTIAL,20,2025,68624.0,168741.414,50345180.0,1167464.9100000001,848795.31,12.066082401532778,17.012487030776406,190.09418282548475
hvfhv,MN_NORTH,CRZ_PARTIAL,21,2024,62944.0,163854.124,46374458.0,1060478.21,765874.79,12.71982189851146,16.847963427808846,173.87845303867402
hvfhv,MN_NORTH,CRZ_PARTIAL,21,2025,58419.0,148879.86800000002,42767070.0,981116.9500000001,721949.22,12.532247937490224,16.79448381519711,161.82548476454295
hvfhv,MN_NORTH,CRZ_PARTIAL,22,2024,55361.0,150106.379,40635541.0,922520.4400000001,679573.3500000001,13.29828399233075,16.663724282437094,152.93093922651934
hvfhv,MN_NORTH,CRZ_PARTIAL,22,2025,49360.0,132178.21,36120057.0,826127.46,620361.64,13.173887184065073,16.736779983792545,136.73130193905817
hvfhv,MN_NORTH,CRZ_PARTIAL,23,2024,41117.0,112270.047,28233390.0,657529.9,486089.11000000004,14.315396387043851,15.991679840455287,113.5828729281768
hvfhv,MN_NORTH,CRZ_PARTIAL,23,2025,35310.0,97217.588,24576119.0,568217.86,426128.93,14.240788661545787,16.092264514301895,97.81163434903047
hvfhv,MN_NORTH,MN_NORTH,0,2024,270932.0,602901.4890000001,159118155.0,3463740.8099999996,2661615.219999998,13.64046334247654,12.784539330902218,748.4309392265193
hvfhv,MN_NORTH,MN_NORTH,0,2025,256934.0,556215.8539999999,149557378.0,3183690.77,2475736.8699999996,13.388688015110827,12.391083974872924,711.7285318559557
hvfhv,MN_NORTH,MN_NORTH,1,2024,185678.0,401952.51300000004,104790485.0,2328920.1799999997,1752154.8099999998,13.808782799316178,12.54279009898857,512.9226519337017
hvfhv,MN_NORTH,MN_NORTH,1,2025,178544.0,377047.189,100109669.0,2142665.87,1644786.2099999997,13.558828971854858,12.000772190608478,494.58171745152356
hvfhv,MN_NORTH,MN_NORTH,2,2024,125561.0,272281.18,69482895.0,1575481.7799999998,1170889.1700000002,14.107245358731815,12.54754087654606,346.853591160221
hvfhv,MN_NORTH,MN_NORTH,2,2025,123285.0,259855.62000000002,67452076.0,1470763.81,1119907.59,13.868813051802885,11.929787159832909,341.5096952908587
hvfhv,MN_NORTH,MN_NORTH,3,2024,89023.0,193937.242,48538601.0,1126698.42,832029.36,14.38389357781449,12.656262089572357,245.91988950276243
hvfhv,MN_NORTH,MN_NORTH,3,2025,88729.0,189215.259,48042704.0,1080659.53,811666.83,14.178530259246022,12.179327277440295,245.78670360110803
hvfhv,MN_NORTH,MN_NORTH,4,2024,81065.0,184521.504,44026612.0,1094628.14,795327.8400000001,15.088088413435036,13.503091839881575,223.9364640883978
hvfhv,MN_NORTH,MN_NORTH,4,2025,80922.0,182419.044,43756467.0,1093084.37,800660.63,15.008262856322471,13.507876350065496,224.1606648199446
hvfhv,MN_NORTH,MN_NORTH,5,2024,100708.0,245546.052,56323966.0,1380546.5399999998,1012958.0900000001,15.694310077525436,13.708409858203915,278.1988950276243
hvfhv,MN_NORTH,MN_NORTH,5,2025,100391.0,239460.229,55980490.0,1368883.99,1012739.39,15.399236848409151,13.63552499726071,278.09141274238226
hvfhv,MN_NORTH,MN_NORTH,6,2024,201282.0,502928.141,126454987.0,2870810.19,2131870.3100000005,14.317674221895258,14.262627507675798,556.0276243093923
hvfhv,MN_NORTH,MN_NORTH,6,2025,209534.0,513539.275,131224750.0,3000798.9,2261131.15,14.088359017639585,14.321298214132312,580.4265927977839
hvfhv,MN_NORTH,MN_NORTH,7,2024,407144.0,901152.0449999999,288193974.0,6255157.780000001,4609155.639999993,11.256818860480406,15.363502298940919,1124.707182320442
hvfhv,MN_NORTH,MN_NORTH,7,2025,410514.0,902158.798,289659486.0,6495954.079999998,4826484.759999999,11.212378084520939,15.823952605757656,1137.157894736842
hvfhv,MN_NORTH,MN_NORTH,8,2024,519434.0,1055615.604,359527975.0,7622922.950000002,5654865.339999993,10.570015238452585,14.675440864479418,1434.9005524861877
hvfhv,MN_NORTH,MN_NORTH,8,2025,530713.0,1063536.769,366850477.0,7978406.809999998,5900307.489999999,10.43676540837645,15.03337361247981,1470.1191135734073
hvfhv,MN_NORTH,MN_NORTH,9,2024,462968.0,938971.35,304321530.0,6380658.36,4727200.9299999885,11.107649399633342,13.78207210865546,1278.9171270718232
hvfhv,MN_NORTH,MN_NORTH,9,2025,483462.0,965024.926,319356952.0,6687629.689999999,5004538.419999998,10.878390815804128,13.83279283583818,1339.2299168975069
hvfhv,MN_NORTH,MN_NORTH,10,2024,414753.0,843457.48,275579823.0,5719078.91,4211541.209999992,11.018393491021293,13.789120054586705,1145.7265193370165
hvfhv,MN_NORTH,MN_NORTH,10,2025,438134.0,868814.373,291819253.0,5977207.509999999,4476999.569999998,10.718044510928825,13.642418780555717,1213.6675900277007
hvfhv,MN_NORTH,MN_NORTH,11,2024,394342.0,806857.789,269563959.0,5553043.49,4079242.279999993,10.775505936236824,14.081795725537733,1089.342541436464
hvfhv,MN_NORTH,MN_NORTH,11,2025,411792.0,821121.361,281586627.0,5704008.499999999,4305193.119999999,10.497788659544545,13.851673903329834,1140.6980609418283
hvfhv,MN_NORTH,MN_NORTH,12,2024,409536.0,831532.609,280320543.0,5837400.96,4284718.199999992,10.678908368124844,14.25369432723863,1131.3149171270718
hvfhv,MN_NORTH,MN_NORTH,12,2025,421571.0,836983.87,289257841.0,5931293.379999999,4478635.259999999,10.416802951937957,14.069500463741573,1167.786703601108
hvfhv,MN_NORTH,MN_NORTH,13,2024,416806.0,844863.901,289602696.0,5995143.119999999,4437338.209999991,10.502354037477607,14.38353363435267,1151.3977900552486
hvfhv,MN_NORTH,MN_NORTH,13,2025,424760.0,839725.382,295026585.0,6032373.789999999,4605275.159999999,10.24657277987338,14.20184054524908,1176.6204986149585
hvfhv,MN_NORTH,MN_NORTH,14,2024,455086.0,919364.958,332749124.0,6690455.48,5009046.33999999,9.946574190830928,14.701519009593792,1257.1436464088397
hvfhv,MN_NORTH,MN_NORTH,14,2025,464097.0,912988.5510000001,338845787.0,6727953.789999999,5206977.199999998,9.69986616242037,14.496869813853568,1285.5872576177285
hvfhv,MN_NORTH,MN_NORTH,15,2024,480534.0,959773.6109999999,359827274.0,7189699.130000001,5397705.459999989,9.602343260950251,14.961894746261452,1327.4419889502763
hvfhv,MN_NORTH,MN_NORTH,15,2025,485233.0,948982.6950000001,362556577.0,7202356.869999998,5591599.809999999,9.422909191908,14.84308954667139,1344.1357340720222
hvfhv,MN_NORTH,MN_NORTH,16,2024,483888.0,964011.326,358987119.0,7171937.090000001,5424315.689999989,9.667312808513334,14.821481603180903,1336.707182320442
hvfhv,MN_NORTH,MN_NORTH,16,2025,488571.0,951244.6849999999,359976666.0,7110220.089999998,5566816.1499999985,9.513063455062946,14.553094821428202,1353.3822714681442
hvfhv,MN_NORTH,MN_NORTH,17,2024,527943.0,1050899.649,382594836.0,7844806.860000001,5929382.37999999,9.888368530933334,14.859192867411826,1458.4060773480662
hvfhv,MN_NORTH,MN_NORTH,17,2025,523486.0,1015055.535,376140355.0,7654043.439999999,5954762.229999999,9.714990368422448,14.621295392808975,1450.0997229916898
hvfhv,MN_NORTH,MN_NORTH,18,2024,533010.0,1071532.691,364672847.0,7697187.030000001,5814607.249999988,10.578022793125589,14.440980525693703,1472.403314917127
hvfhv,MN_NORTH,MN_NORTH,18,2025,529515.0,1031025.3400000001,357591602.0,7467049.1499999985,5758384.129999998,10.379693491795146,14.101676345334878,1466.8005540166205
hvfhv,MN_NORTH,MN_NORTH,19,2024,495125.0,1020537.106,322543238.0,6862212.66,5207152.979999989,11.390514972135302,13.859555990911387,1367.7486187845304
hvfhv,MN_NORTH,MN_NORTH,19,2025,492998.0,986302.8949999999,316849643.0,6633320.8599999985,5137296.689999999,11.206231411155478,13.45506647085789,1365.6454293628808
hvfhv,MN_NORTH,MN_NORTH,20,2024,443721.0,948503.394,283091593.0,6002138.45,4577859.119999992,12.061863731855858,13.526829809722777,1225.7486187845304
hvfhv,MN_NORTH,MN_NORTH,20,2025,436058.0,903881.377,275523007.0,5719869.169999998,4447790.259999999,11.810167842716671,13.117221034816465,1207.9168975069251
hvfhv,MN_NORTH,MN_NORTH,21,2024,422193.0,913281.423,262623880.0,5633501.149999999,4269855.869999994,12.519094313891028,13.34342622923639,1166.279005524862
hvfhv,MN_NORTH,MN_NORTH,21,2025,410756.0,868197.451,254375595.0,5326680.849999998,4120556.7199999993,12.286991696668071,12.967992798644445,1137.8282548476454
hvfhv,MN_NORTH,MN_NORTH,22,2024,405051.0,904330.114,251566089.0,5423242.129999999,4157607.8799999943,12.941284826350344,13.389035281976835,1118.9254143646408
hvfhv,MN_NORTH,MN_NORTH,22,2025,381158.0,824172.579,234100908.0,4941044.769999998,3857961.9799999995,12.67411267110506,12.963245609432303,1055.8393351800555
hvfhv,MN_NORTH,MN_NORTH,23,2024,363286.0,817844.939,220928413.0,4770959.5,3708289.8299999963,13.326677815768313,13.1327920701596,1003.5524861878453
hvfhv,MN_NORTH,MN_NORTH,23,2025,342500.0,744951.2849999999,205090176.0,4370258.179999999,3411573.3699999996,13.07631929673706,12.759877897810215,948.7534626038781
hvfhv,MN_NORTH,OUTER,0,2024,265882.0,1863094.118,325725752.0,6511251.41,5733702.76,20.591367994754066,24.489252412724444,734.4806629834254
hvfhv,MN_NORTH,OUTER,0,2025,265341.0,1814667.2740000002,326018607.0,6494915.569999999,5861356.87,20.038126800535654,24.477617744713402,735.016620498615
hvfhv,MN_NORTH,OUTER,1,2024,174020.0,1198882.184,200558722.0,4154216.22,3599902.4099999997,21.519761491100844,23.872061946902654,480.7182320441989
hvfhv,MN_NORTH,OUTER,1,2025,175081.0,1177976.961,202981588.0,4151846.31,3705312.8,20.892126726292037,23.713859927690613,484.98891966759004
hvfhv,MN_NORTH,OUTER,2,2024,118933.0,812130.957,132780212.0,2828471.5599999996,2410480.82,22.01887917756902,23.78205846989481,328.54419889502765
hvfhv,MN_NORTH,OUTER,2,2025,121766.0,812836.978,135918877.0,2844815.33,2513481.77,21.52911490579782,23.362969383900268,337.30193905817174
hvfhv,MN_NORTH,OUTER,3,2024,87667.0,592489.383,95038379.0,2106360.94,1750607.04,22.44316244914068,24.026839517720465,242.17403314917127
hvfhv,MN_NORTH,OUTER,3,2025,88695.0,583041.7270000001,95985401.0,2099909.12,1806050.89,21.86739020030765,23.67562004622583,245.69252077562328
hvfhv,MN_NORTH,OUTER,4,2024,78528.0,520763.465,82717364.0,1936128.93,1572389.9600000002,22.66450940095238,24.655268566625917,216.9281767955801
hvfhv,MN_NORTH,OUTER,4,2025,78588.0,512532.604,83237147.0,1976931.32,1639598.0599999998,22.166994435789587,25.155638519875808,217.69529085872577
hvfhv,MN_NORTH,OUTER,5,2024,79346.0,568060.5,87884360.0,2009506.56,1674413.8499999999,23.26941676539489,25.32587099538729,219.1878453038674
hvfhv,MN_NORTH,OUTER,5,2025,80753.0,562854.659,88152458.0,2059696.02,1730885.48,22.986049605105734,25.50612385917551,223.69252077562328
hvfhv,MN_NORTH,OUTER,6,2024,152863.0,1053781.633,184723632.0,3951776.08,3304444.58,20.536700354614073,25.851750129200656,422.27348066298345
hvfhv,MN_NORTH,OUTER,6,2025,153957.0,1037087.177,182497114.0,3988906.76,3392234.25,20.457933582445584,25.909226342420286,426.4736842105263
hvfhv,MN_NORTH,OUTER,7,2024,233717.0,1505204.316,316911174.0,6295502.090000001,5268901.76,17.0985941240431,26.936432052439493,645.6270718232045
hvfhv,MN_NORTH,OUTER,7,2025,234934.0,1494741.6979999999,315673623.0,6452679.26,5475186.07,17.04630897463359,27.46592345084151,650.786703601108
hvfhv,MN_NORTH,OUTER,8,2024,231028.0,1501968.523,328596326.0,6363372.350000001,5390799.6,16.455103891818926,27.543727816541722,638.1988950276243
hvfhv,MN_NORTH,OUTER,8,2025,239548.0,1503310.335,336018206.0,6709341.01,5698719.140000001,16.106023749201256,28.00833657555062,663.5678670360111
hvfhv,MN_NORTH,OUTER,9,2024,197729.0,1302280.749,265242732.0,5258679.5,4455531.34,17.675171195265776,26.595388132241602,546.2127071823204
hvfhv,MN_NORTH,OUTER,9,2025,204183.0,1315371.419,274538321.0,5505156.04,4737725.56,17.24836478620411,26.96187263386276,565.6038781163435
hvfhv,MN_NORTH,OUTER,10,2024,178028.0,1214614.0860000001,245217149.0,4815019.59,4115259.6799999997,17.83158611635274,27.04641736131395,491.7900552486188
hvfhv,MN_NORTH,OUTER,10,2025,183069.0,1217257.7580000001,250513774.0,4991231.57,4330035.95,17.492562819320266,27.2642095057055,507.1163434903047
hvfhv,MN_NORTH,OUTER,11,2024,179046.0,1239721.685,257227421.0,4969842.13,4269223.58,17.350397747835757,27.757347999955318,494.6022099447514
hvfhv,MN_NORTH,OUTER,11,2025,186741.0,1253485.827,264665631.0,5193344.27,4542904.32,17.049999881548654,27.810412657102617,517.2880886426593
hvfhv,MN_NORTH,OUTER,12,2024,189359.0,1292062.759,276372356.0,5299403.89,4553618.239999999,16.830286500868418,27.986015399320866,523.0911602209944
hvfhv,MN_NORTH,OUTER,12,2025,195243.0,1303396.23,283169572.0,5508944.89,4840100.54,16.570376523364594,28.215838160651085,540.8393351800554
hvfhv,MN_NORTH,OUTER,13,2024,197574.0,1320947.456,295999878.0,5549286.97,4801226.64,16.06558378919332,28.087131758227297,545.7845303867404
hvfhv,MN_NORTH,OUTER,13,2025,203762.0,1325708.483,300425622.0,5757373.59,5081518.08,15.885963743798126,28.255384173692836,564.437673130194
hvfhv,MN_NORTH,OUTER,14,2024,218148.0,1415327.643,350630963.0,6262905.42,5472200.87,14.531459147833443,28.709433137136255,602.6187845303867
hvfhv,MN_NORTH,OUTER,14,2025,227514.0,1432059.683,357414902.0,6518347.37,5839048.51,14.424174341784997,28.650313255448015,630.2326869806094
hvfhv,MN_NORTH,OUTER,15,2024,244142.0,1533533.634,425057231.0,7180613.470000001,6377811.72,12.988182954591355,29.411627126836024,674.4254143646409
hvfhv,MN_NORTH,OUTER,15,2025,252262.0,1548046.368,428908880.0,7458064.17,6781276.33,12.993358693809277,29.564754778761763,698.786703601108
hvfhv,MN_NORTH,OUTER,16,2024,258403.0,1599655.934,466968254.0,7673673.760000001,6884130.9399999995,12.33223310807762,29.69653510214665,713.8204419889503
hvfhv,MN_NORTH,OUTER,16,2025,268849.0,1630538.3390000002,476075293.0,8006583.54,7397065.31,12.329852245451436,29.78096827587233,744.7340720221607
hvfhv,MN_NORTH,OUTER,17,2024,284560.0,1770644.575,494836775.0,8379265.9,7434065.3100000005,12.881662786683549,29.44639408209165,786.0773480662983
hvfhv,MN_NORTH,OUTER,17,2025,290811.0,1772256.082,495441956.0,8624004.07,7853128.53,12.877637466779257,29.655013290418864,805.5706371191136
hvfhv,MN_NORTH,OUTER,18,2024,310868.0,1954048.182,483611424.0,8604944.89,7581829.3,14.545920766338226,27.680381673250384,858.7513812154696
hvfhv,MN_NORTH,OUTER,18,2025,314170.0,1928241.0409999997,479011006.0,8742531.82,7884453.55,14.49166649753346,27.827392239870136,870.2770083102494
hvfhv,MN_NORTH,OUTER,19,2024,323385.0,2107569.173,467694048.0,8528618.21,7602294.989999999,16.22267603200287,26.37295548649443,893.328729281768
hvfhv,MN_NORTH,OUTER,19,2025,328827.0,2094577.4980000001,466171627.0,8697344.74,7918511.890000001,16.175328046723873,26.449606449592036,910.8781163434903
hvfhv,MN_NORTH,OUTER,20,2024,335302.0,2277904.605,466758159.0,8740086.82,7772309.44,17.568962469920102,26.066312816505718,926.2486187845304
hvfhv,MN_NORTH,OUTER,20,2025,333561.0,2215104.0870000003,457758425.0,8742475.62,7916767.61,17.420487046633824,26.20952575391008,923.9916897506926
hvfhv,MN_NORTH,OUTER,21,2024,335702.0,2358815.421,456749755.0,8853064.81,7742894.4399999995,18.59165861096083,26.37179644446563,927.353591160221
hvfhv,MN_NORTH,OUTER,21,2025,337316.0,2325106.699,456307852.0,8980712.16,7999157.2,18.343721414638292,26.624032539221382,934.393351800554
hvfhv,MN_NORTH,OUTER,22,2024,350874.0,2504975.397,474393559.0,9278528.280000001,8119581.93,19.00934626559717,26.44404623882078,969.2651933701658
hvfhv,MN_NORTH,OUTER,22,2025,347712.0,2427092.449,470158782.0,9277042.85,8293262.7700000005,18.584216972894914,26.68024931552549,963.1911357340721
hvfhv,MN_NORTH,OUTER,23,2024,344674.0,2429901.427,448333484.0,8798787.41,7762567.579999999,19.51146958543922,25.52785359499121,952.1381215469613
hvfhv,MN_NORTH,OUTER,23,2025,337242.0,2322938.2169999997,437661293.0,8680979.36,7778218.319999999,19.107418716144036,25.741097965259367,934.1883656509696
hvfhv,OUTER,AIRPORT,0,2024,16037.0,132513.457,19517872.0,446846.64,388321.08,24.44162177106193,27.86348070087922,44.30110497237569
hvfhv,OUTER,AIRPORT,0,2025,16048.0,135909.796,19962192.0,474452.83,406897.2,24.510097167685792,29.564608050847458,44.45429362880886
hvfhv,OUTER,AIRPORT,1,2024,20515.0,211424.29,27229115.0,684858.88,575470.15,27.952705917911768,33.38332342188642,56.671270718232044
hvfhv,OUTER,AIRPORT,1,2025,19863.0,208273.8,27195261.0,712087.21,590134.4,27.57045354335816,35.849932537884506,55.02216066481994
hvfhv,OUTER,AIRPORT,2,2024,57174.0,632169.801,77295582.0,2114561.21,1680219.39,29.442967175019138,36.984664532829605,157.939226519337
hvfhv,OUTER,AIRPORT,2,2025,62386.0,682327.701,85442901.0,2406205.06,1882072.52,28.74878655629916,38.56963196871093,172.81440443213296
hvfhv,OUTER,AIRPORT,3,2024,220533.0,2359198.066,286079752.0,8326590.070000001,6278338.71,29.687920862011936,37.75666258564478,609.207182320442
hvfhv,OUTER,AIRPORT,3,2025,232058.0,2457860.048,304019717.0,9221914.22,6795864.98,29.1043497445266,39.739695334786994,642.819944598338
hvfhv,OUTER,AIRPORT,4,2024,457717.0,5000344.917,615988665.0,18658815.29,13598899.63,29.22333270726662,40.76496020466795,1264.4116022099447
hvfhv,OUTER,AIRPORT,4,2025,472085.0,5081703.865,640249343.0,20428871.12,14460493.020000001,28.573452068345194,43.273713674444224,1307.7146814404432
hvfhv,OUTER,AIRPORT,5,2024,524697.0,5810193.46,797872011.0,22843646.36,16624498.83,26.21560371541846,43.53683432533443,1449.4392265193371
hvfhv,OUTER,AIRPORT,5,2025,532588.0,5779840.834,811278497.0,24476582.969999995,17335120.080000002,25.647699377393952,45.95781912097155,1475.3130193905818
hvfhv,OUTER,AIRPORT,6,2024,424368.0,4721135.676,709377618.0,19551264.42,14115535.76,23.95915518383327,46.07148611582401,1172.2872928176796
hvfhv,OUTER,AIRPORT,6,2025,429907.0,4704808.808,705961109.0,20701373.96,14605747.38,23.991848124313602,48.15314465686765,1190.8781163434903
hvfhv,OUTER,AIRPORT,7,2024,345013.0,3699944.46,590656677.0,15901224.940000001,11445569.47,22.55083295367539,46.08877039415906,953.0745856353591
hvfhv,OUTER,AIRPORT,7,2025,345684.0,3672582.5379999997,578045358.0,16772978.19,11767780.97,22.872421608132694,48.52112967334328,957.5734072022161
hvfhv,OUTER,AIRPORT,8,2024,299564.0,3154335.934,513023599.0,13526834.98,9844945.15,22.134672526828535,45.155075309449735,827.5248618784531
hvfhv,OUTER,AIRPORT,8,2025,309350.0,3252389.9930000002,529369240.0,14886332.8,10592102.42,22.118028570757154,48.121327945692585,856.9252077562327
hvfhv,OUTER,AIRPORT,9,2024,272029.0,2814294.497,444050794.0,11562835.030000001,8577424.97,22.815993859477256,42.505891026324406,751.4613259668508
hvfhv,OUTER,AIRPORT,9,2025,275861.0,2851071.046,459291644.0,12371474.05,9092812.34,22.34714238694053,44.84676721247295,764.1578947368421
hvfhv,OUTER,AIRPORT,10,2024,237709.0,2447605.587,392794715.0,9976001.22,7485163.02,22.43253225339348,41.9672844528394,656.6546961325967
hvfhv,OUTER,AIRPORT,10,2025,234072.0,2422808.181,395670849.0,10391770.799999999,7742212.0600000005,22.043851533778266,44.39561673331282,648.398891966759
hvfhv,OUTER,AIRPORT,11,2024,257479.0,2559731.892,422243868.0,10583389.520000001,7931614.55,21.823963613368566,41.103893987470826,711.267955801105
hvfhv,OUTER,AIRPORT,11,2025,256881.0,2548448.156,427706092.0,11113214.819999998,8264923.78,21.450275161383484,43.262112884954504,711.5817174515236
hvfhv,OUTER,AIRPORT,12,2024,268887.0,2731189.247,474888391.0,11590481.170000002,8726629.82,20.704404393831563,43.10539806684593,742.7817679558011
hvfhv,OUTER,AIRPORT,12,2025,275395.0,2811716.2539999997,497457505.0,12613498.26,9422330.71,20.347825518081187,45.80147882132936,762.8670360110804
hvfhv,OUTER,AIRPORT,13,2024,308624.0,3167224.262,591109301.0,13881415.260000002,10534033.07,19.289169234709775,44.978404984706316,852.5524861878453
hvfhv,OUTER,AIRPORT,13,2025,309361.0,3186704.3640000005,599913620.0,14848431.940000001,11094538.03,19.122979255580162,47.997103513371115,856.9556786703602
hvfhv,OUTER,AIRPORT,14,2024,314484.0,3260795.704,671743326.0,15019232.500000002,11482548.14,17.475223169392528,47.758335877182944,868.7403314917127
hvfhv,OUTER,AIRPORT,14,2025,304506.0,3195758.8260000004,666154971.0,15762842.97,11834625.34,17.27035340790094,51.7652951665977,843.5069252077562
hvfhv,OUTER,AIRPORT,15,2024,300175.0,3044435.3300000005,663047180.0,14479902.97,11085073.92,16.529694294152645,48.23820428083618,829.2127071823204
hvfhv,OUTER,AIRPORT,15,2025,286823.0,2922447.663,641612669.0,14871169.96,11172154.760000002,16.397449887012755,51.847899087590605,794.5235457063712
hvfhv,OUTER,AIRPORT,16,2024,270413.0,2739632.4590000003,608377965.0,13061542.07,10090119.549999999,16.211430097406634,48.30219726862244,746.9972375690608
hvfhv,OUTER,AIRPORT,16,2025,254852.0,2583819.532,574736956.0,13089676.729999999,9962742.38,16.184360894307968,51.36187563762497,705.9612188365651
hvfhv,OUTER,AIRPORT,17,2024,248568.0,2438889.925,526002558.0,11391438.780000001,8831408.42,16.691941125503043,45.82825938978469,686.6519337016574
hvfhv,OUTER,AIRPORT,17,2025,228993.0,2305299.034,498493293.0,11414994.22,8749202.760000002,16.648321329370425,49.84866009004642,634.3296398891966
hvfhv,OUTER,AIRPORT,18,2024,203024.0,1956528.644,376006025.0,8561211.19,6641387.089999998,18.732420892457775,42.1684687032075,560.8397790055249
hvfhv,OUTER,AIRPORT,18,2025,191165.0,1896700.2370000002,363918500.0,8760985.18,6703564.880000001,18.762774778418798,45.829441477257866,529.5429362880886
hvfhv,OUTER,AIRPORT,19,2024,151388.0,1450253.0110000002,247783953.0,5857069.64,4615618.009999999,21.07041548247477,38.689127539831425,418.1988950276243
hvfhv,OUTER,AIRPORT,19,2025,142208.0,1396469.205,237934396.0,5877674.29,4604105.680000001,21.128887720798467,41.331530504612964,393.9279778393352
hvfhv,OUTER,AIRPORT,20,2024,102998.0,981587.57,155462744.0,3694607.21,2996057.3,22.730302843490268,35.87066943047438,284.52486187845307
hvfhv,OUTER,AIRPORT,20,2025,94645.0,934963.3620000001,148705780.0,3663519.45,2958083.63,22.634413424952278,38.708008346980826,262.1745152354571
hvfhv,OUTER,AIRPORT,21,2024,76374.0,711823.748,110895555.0,2587005.91,2142517.58,23.10791891343165,33.87286131405976,210.97790055248618
hvfhv,OUTER,AIRPORT,21,2025,71978.0,702217.365,109270126.0,2643377.41,2180799.0,23.135166092880684,36.72479660451805,199.38504155124653
hvfhv,OUTER,AIRPORT,22,2024,52485.0,475904.109,76010854.0,1708259.48,1452459.01,22.539607203992208,32.54757511670001,144.98618784530387
hvfhv,OUTER,AIRPORT,22,2025,51188.0,481960.996,76300045.0,1813016.07,1511119.24,22.7399549449807,35.41877139173244,141.7950138504155
hvfhv,OUTER,AIRPORT,23,2024,28109.0,239385.155,38727653.0,853542.4299999999,737973.01,22.252486046598282,30.36544985591803,77.64917127071823
hvfhv,OUTER,AIRPORT,23,2025,26106.0,230121.65099999998,36694557.0,858349.27,728830.74,22.576589318137835,32.87938673101969,72.3157894736842
hvfhv,OUTER,CRZ,0,2024,303306.0,1977110.217,428479595.0,9271044.309999999,7322476.92,16.611285261320322,30.566636696933127,837.8618784530387
hvfhv,OUTER,CRZ,0,2025,278648.0,1816780.946,392530944.0,8853205.82,7100624.6899999995,16.662154934720256,31.77200561281617,771.8781163434903
hvfhv,OUTER,CRZ,1,2024,225059.0,1438072.711,301384985.0,6633803.3599999985,5144503.05,17.177570274776627,29.475841268289642,621.7099447513813
hvfhv,OUTER,CRZ,1,2025,206608.0,1319772.248,277125258.0,6288436.23,4999115.0600000005,17.144522037034964,30.43655729691009,572.3213296398892
hvfhv,OUTER,CRZ,2,2024,165658.0,1079924.482,216070707.0,5051856.239999999,3813106.0899999994,17.992851456722452,30.495697400668842,457.61878453038673
hvfhv,OUTER,CRZ,2,2025,155594.0,1019840.431,203533726.0,4909139.289999999,3799850.15,18.038413700538257,31.550954985410744,431.0083102493075
hvfhv,OUTER,CRZ,3,2024,155863.0,1136662.183,208502550.0,5162449.38,3865669.4699999997,19.625581839646564,33.12171188800421,430.560773480663
hvfhv,OUTER,CRZ,3,2025,147337.0,1079543.013,196757928.0,4993655.66,3799469.42,19.751960626460754,33.89274696783564,408.13573407202216
hvfhv,OUTER,CRZ,4,2024,196376.0,1641737.403,273204029.0,6750041.17,5217384.79,21.63311673123239,34.373045433250496,542.4751381215469
hvfhv,OUTER,CRZ,4,2025,193591.0,1624686.784,268918683.0,6915243.24,5346793.58,21.74959492271498,35.720892190236114,536.2631578947369
hvfhv,OUTER,CRZ,5,2024,302621.0,2690439.032,456260414.0,10204415.02,8298124.68,21.22818508466965,33.720115325770514,835.9696132596686
hvfhv,OUTER,CRZ,5,2025,305326.0,2700255.856,449991763.0,10642476.309999999,8541149.72,21.602442268704372,34.856108913096165,845.7783933518006
hvfhv,OUTER,CRZ,6,2024,463157.0,3931431.3360000006,779870281.0,16192705.78,13171482.26,18.14808584762573,34.961591382619716,1279.4392265193371
hvfhv,OUTER,CRZ,6,2025,469914.0,3966429.0260000005,761259290.0,16921701.41,13591914.290000001,18.757267965294716,36.01020912337151,1301.7008310249307
hvfhv,OUTER,CRZ,7,2024,489585.0,3933571.347,956108552.0,18604051.009999998,15112169.959999999,14.810930013729237,37.99963440464883,1352.4447513812154
hvfhv,OUTER,CRZ,7,2025,499974.0,3997354.0310000004,934133376.0,19940639.53,15779476.16,15.405160420689219,39.88335299435571,1384.9695290858726
hvfhv,OUTER,CRZ,8,2024,572838.0,4336906.356,1207533473.0,22265261.359999996,18344557.51,12.929548729453728,38.86833862278689,1582.4254143646408
hvfhv,OUTER,CRZ,8,2025,591264.0,4436083.185,1207811455.0,24498626.29,19542645.419999998,13.222179173652563,41.43432762691454,1637.8504155124654
hvfhv,OUTER,CRZ,9,2024,534601.0,3958549.4699999997,1081000531.0,19826013.08,16372875.77,13.182951981362162,37.085626626212814,1476.7983425414366
hvfhv,OUTER,CRZ,9,2025,562301.0,4093592.417,1095702177.0,21779799.19,17547256.189999998,13.449761267746391,38.73334600151876,1557.6204986149585
hvfhv,OUTER,CRZ,10,2024,451353.0,3352996.163,898546061.0,16629835.290000001,13679462.09,13.433686608526573,36.84441067191312,1246.8314917127072
hvfhv,OUTER,CRZ,10,2025,464137.0,3392000.626,885900773.0,17647852.67,14262550.92,13.783939043475698,38.02293863665255,1285.6980609418283
hvfhv,OUTER,CRZ,11,2024,416606.0,3098809.732,839723168.0,15580578.9,12770866.959999999,13.284991364201588,37.39883463032218,1150.8453038674033
hvfhv,OUTER,CRZ,11,2025,427038.0,3136411.335,824012672.0,16425705.96,13298828.61,13.702557241741058,38.46427240667107,1182.9307479224376
hvfhv,OUTER,CRZ,12,2024,387619.0,2874205.7770000002,788916916.0,14595425.709999999,11984377.77,13.115628005116829,37.654051297795,1070.7707182320441
hvfhv,OUTER,CRZ,12,2025,392646.0,2895205.039,760878355.0,15268663.700000001,12330881.4,13.698297595020954,38.88658919230045,1087.662049861496
hvfhv,OUTER,CRZ,13,2024,363038.0,2705137.336,752337094.0,13796561.19,11398653.16,12.944323079728408,38.00307733625681,1002.8674033149172
hvfhv,OUTER,CRZ,13,2025,367068.0,2702413.75,721253077.0,14347567.01,11660783.68,13.488593408108262,39.086945770266,1016.8088642659279
hvfhv,OUTER,CRZ,14,2024,344172.0,2543921.447,739993436.0,13235564.41,11043523.09,12.375943844453237,38.45624981114094,950.7513812154696
hvfhv,OUTER,CRZ,14,2025,349152.0,2549349.114,708465184.0,13825665.85,11319804.99,12.954280630394393,39.59784234373568,967.180055401662
hvfhv,OUTER,CRZ,15,2024,329730.0,2398379.046,722582826.0,12851998.77,10704662.72,11.949030969080907,38.97734137021199,910.8563535911602
hvfhv,OUTER,CRZ,15,2025,336729.0,2408022.026,689811244.0,13457629.09,10979260.28,12.56703100884798,39.96575611248215,932.7673130193906
hvfhv,OUTER,CRZ,16,2024,352448.0,2533171.077,787868868.0,13757068.770000001,11596162.01,11.57478896246983,39.03290349214636,973.6132596685082
hvfhv,OUTER,CRZ,16,2025,359832.0,2547396.356,750391189.0,14443291.62,11878701.889999999,12.221128147601425,40.13898602681251,996.7645429362881
hvfhv,OUTER,CRZ,17,2024,424123.0,2967646.477,921574688.0,16184874.66,13615581.410000002,11.592687447162177,38.16080396488754,1171.610497237569
hvfhv,OUTER,CRZ,17,2025,426258.0,2931697.089,866861676.0,16770257.98,13743150.63,12.175079153458851,39.34297533418728,1180.7700831024931
hvfhv,OUTER,CRZ,18,2024,470664.0,3204492.031,934713595.0,16869539.640000004,14104886.360000001,12.341931660467612,35.84200117281119,1300.1767955801106
hvfhv,OUTER,CRZ,18,2025,473350.0,3175535.3919999995,884359573.0,17558454.380000003,14306686.17,12.926786524648158,37.09402002746383,1311.218836565097
hvfhv,OUTER,CRZ,19,2024,452946.0,3109889.2249999996,803347166.0,15333002.279999997,12651959.610000001,13.936193072970893,33.85172245698162,1251.232044198895
hvfhv,OUTER,CRZ,19,2025,447493.0,3014138.213,754347127.0,15527937.26,12613893.860000001,14.384488491330861,34.699843930519584,1239.5927977839335
hvfhv,OUTER,CRZ,20,2024,420278.0,2934442.0059999996,699871539.0,13604665.48,11299914.480000002,15.094186051191887,32.3706343896183,1160.988950276243
hvfhv,OUTER,CRZ,20,2025,412627.0,2847095.1679999996,664178034.0,13775177.979999999,11312500.74,15.43192047932136,33.38409260663989,1143.01108033241
hvfhv,OUTER,CRZ,21,2024,446075.0,3142993.916,723124599.0,14362782.659999998,11829078.87,15.647065683074628,32.19813408059183,1232.2513812154696
hvfhv,OUTER,CRZ,21,2025,429192.0,3010222.19,685292642.0,14420455.0,11800138.530000001,15.813390104953148,33.599076870025534,1188.8975069252078
hvfhv,OUTER,CRZ,22,2024,484471.0,3425144.9820000003,773472673.0,15809439.43,12848550.05,15.941768036063507,32.63237516796671,1338.3176795580112
hvfhv,OUTER,CRZ,22,2025,460570.0,3232722.697,721407912.0,15832246.18,12744422.679999998,16.132068300908795,34.37533095946327,1275.8171745152354
hvfhv,OUTER,CRZ,23,2024,411264.0,2791420.685,622526074.0,13166278.139999999,10551258.88,16.142479625680707,32.014176149626515,1136.0883977900553
hvfhv,OUTER,CRZ,23,2025,377904.0,2567556.0519999997,563547320.0,12741245.160000002,10154464.28,16.401820147419027,33.71556045979932,1046.825484764543
hvfhv,OUTER,CRZ_PARTIAL,0,2024,30190.0,237094.916,47557379.0,1033941.05,827332.78,17.947618551476523,34.24779894004637,83.39779005524862
hvfhv,OUTER,CRZ_PARTIAL,0,2025,27853.0,217114.252,44150250.0,971603.67,801133.39,17.703440120950617,34.883268229634155,77.1551246537396
hvfhv,OUTER,CRZ_PARTIAL,1,2024,21398.0,167805.376,32792015.0,708154.75,565384.58,18.42214800157904,33.09443639592485,59.110497237569064
hvfhv,OUTER,CRZ_PARTIAL,1,2025,20307.0,158170.25,31192921.0,679012.4,561943.91,18.254555256303185,33.43735657654996,56.25207756232687
hvfhv,OUTER,CRZ_PARTIAL,2,2024,16494.0,133043.56100000002,24933255.0,568651.84,442438.2,19.209558463185015,34.47628470959136,45.56353591160221
hvfhv,OUTER,CRZ_PARTIAL,2,2025,15201.0,119926.814,22879788.0,526028.75,424782.87,18.869778443751315,34.6048779685547,42.10803324099723
hvfhv,OUTER,CRZ_PARTIAL,3,2024,15522.0,127211.193,22317981.0,535438.04,408965.66000000003,20.51979051330853,34.49542842417215,42.87845303867403
hvfhv,OUTER,CRZ_PARTIAL,3,2025,14964.0,121650.256,21802665.0,524421.99,413062.67,20.0865775628805,35.045575380914194,41.45152354570637
hvfhv,OUTER,CRZ_PARTIAL,4,2024,22502.0,207063.139,32813013.0,773943.08,618072.3,22.717429222363698,34.394412941071906,62.16022099447514
hvfhv,OUTER,CRZ_PARTIAL,4,2025,22651.0,209409.75,33390116.0,803768.41,649387.07,22.577792182572832,35.48489735552514,62.745152354570635
hvfhv,OUTER,CRZ_PARTIAL,5,2024,56864.0,518282.064,87147291.0,1841639.85,1540861.18,21.40990739918697,32.386744689082725,157.08287292817678
hvfhv,OUTER,CRZ_PARTIAL,5,2025,57142.0,516088.478,85555514.0,1874312.48,1569859.83,21.715941310340323,32.80096041440621,158.2880886426593
hvfhv,OUTER,CRZ_PARTIAL,6,2024,104595.0,893751.433,182107665.0,3514268.2199999997,2985123.9899999998,17.66814789921116,33.59881657823031,288.93646408839777
hvfhv,OUTER,CRZ_PARTIAL,6,2025,111702.0,934763.999,184142553.0,3769449.63,3180840.38,18.274702623461508,33.745587634957296,309.4238227146814
hvfhv,OUTER,CRZ_PARTIAL,7,2024,91366.0,756042.417,191029319.0,3468374.13,2932424.83,14.24782706365613,37.96132182650001,252.39226519337018
hvfhv,OUTER,CRZ_PARTIAL,7,2025,99024.0,798984.362,193731014.0,3785216.86,3161320.17,14.847099820579064,38.225247010825655,274.30470914127426
hvfhv,OUTER,CRZ_PARTIAL,8,2024,81336.0,674658.046,186624094.0,3244651.64,2790210.7600000002,13.014230443363866,39.89194993606767,224.68508287292818
hvfhv,OUTER,CRZ_PARTIAL,8,2025,85794.0,700153.9450000001,189778715.0,3559559.85,3002049.76,13.281543201512353,41.48961290999371,237.65650969529085
hvfhv,OUTER,CRZ_PARTIAL,9,2024,70034.0,590966.305,159463407.0,2801759.14,2403542.61,13.341485285084874,40.0056992318017,193.46408839779005
hvfhv,OUTER,CRZ_PARTIAL,9,2025,76083.0,623578.915,165728075.0,3099735.29,2632987.31,13.545587215684488,40.74149665496891,210.7562326869806
hvfhv,OUTER,CRZ_PARTIAL,10,2024,60660.0,510713.072,134660824.0,2433158.09,2053587.67,13.653318051878252,40.11140933069568,167.56906077348066
hvfhv,OUTER,CRZ_PARTIAL,10,2025,65239.0,535951.126,138871633.0,2662175.07,2229555.47,13.893579357563976,40.806497187265286,180.71745152354572
hvfhv,OUTER,CRZ_PARTIAL,11,2024,54843.0,467481.27999999997,121150969.0,2238794.06,1867468.04,13.891202207388039,40.82187444158781,151.5
hvfhv,OUTER,CRZ_PARTIAL,11,2025,58893.0,490132.13,124142158.0,2426965.89,2017819.32,14.213347797611187,41.20975141358056,163.13850415512465
hvfhv,OUTER,CRZ_PARTIAL,12,2024,53443.0,456863.03500000003,119179549.0,2205534.77,1838962.06,13.800244587265556,41.26891772542709,147.63259668508286
hvfhv,OUTER,CRZ_PARTIAL,12,2025,56823.0,475305.927,120855145.0,2368462.15,1970762.54,14.158282936154682,41.681399257342974,157.404432132964
hvfhv,OUTER,CRZ_PARTIAL,13,2024,51247.0,433083.58999999997,116758979.0,2115884.83,1781579.28,13.353156539678203,41.2879745155814,141.56629834254144
hvfhv,OUTER,CRZ_PARTIAL,13,2025,54980.0,458591.628,119395779.0,2308271.11,1935062.89,13.827372078203872,41.98383248453983,152.29916897506925
hvfhv,OUTER,CRZ_PARTIAL,14,2024,49580.0,411596.379,116375788.0,2060725.35,1746021.82,12.73243335117095,41.563641589350546,136.96132596685084
hvfhv,OUTER,CRZ_PARTIAL,14,2025,52511.0,427498.31399999995,116899783.0,2209740.76,1866399.68,13.165070891534503,42.08148311782293,145.45983379501385
hvfhv,OUTER,CRZ_PARTIAL,15,2024,42776.0,355245.162,101103165.0,1828638.8,1524260.29,12.649283365164681,42.74917710865906,118.1657458563536
hvfhv,OUTER,CRZ_PARTIAL,15,2025,46441.0,372542.576,101877707.0,1984770.01,1640660.83,13.16434491011856,42.73745203591654,128.6454293628809
hvfhv,OUTER,CRZ_PARTIAL,16,2024,41537.0,343935.95999999996,98581000.0,1780010.06,1490062.12,12.559919822278125,42.85360184895394,114.74309392265194
hvfhv,OUTER,CRZ_PARTIAL,16,2025,44519.0,354426.466,97508831.0,1913519.07,1578506.49,13.085330472272814,42.982076641434,123.3213296398892
hvfhv,OUTER,CRZ_PARTIAL,17,2024,48994.0,402928.866,114846964.0,2061626.8599999999,1737378.56,12.63023302557654,42.079170102461525,135.34254143646407
hvfhv,OUTER,CRZ_PARTIAL,17,2025,51006.0,408910.994,110957269.0,2159856.89,1795149.32,13.267085533621056,42.345153315296244,141.29085872576178
hvfhv,OUTER,CRZ_PARTIAL,18,2024,53448.0,430370.06,113524568.0,2075578.83,1759348.89,13.647549982308675,38.833610799281544,147.646408839779
hvfhv,OUTER,CRZ_PARTIAL,18,2025,57785.0,454832.56200000003,114904507.0,2276637.02,1898989.5699999998,14.250069609541079,39.39840823743186,160.06925207756234
hvfhv,OUTER,CRZ_PARTIAL,19,2024,43126.0,346015.006,80086074.0,1580072.27,1307459.72,15.553940396678703,36.638507396929924,119.13259668508287
hvfhv,OUTER,CRZ_PARTIAL,19,2025,45279.0,352320.559,79218894.0,1658639.43,1366428.67,16.01075132909581,36.63153846153846,125.42659279778394
hvfhv,OUTER,CRZ_PARTIAL,20,2024,40393.0,331061.475,70587461.0,1433681.27,1189133.68,16.88432043192487,35.49330997945189,111.5828729281768
hvfhv,OUTER,CRZ_PARTIAL,20,2025,41416.0,335998.39,70316087.0,1501847.75,1242762.07,17.202239993815358,36.26250120726289,114.72576177285319
hvfhv,OUTER,CRZ_PARTIAL,21,2024,46353.0,391537.724,81001536.0,1667015.3800000001,1378574.48,17.40134664113036,35.96348413263435,128.04696132596686
hvfhv,OUTER,CRZ_PARTIAL,21,2025,46995.0,393585.391,81265105.0,1744964.57,1447156.83,17.43561898554121,37.1308558357272,130.18005540166206
hvfhv,OUTER,CRZ_PARTIAL,22,2024,53996.0,458938.074,93655077.0,1948692.76,1605916.3499999999,17.64108385069183,36.08957626490851,149.16022099447514
hvfhv,OUTER,CRZ_PARTIAL,22,2025,54375.0,452075.132,93044922.0,2006425.8499999999,1671043.79,17.491233698922333,36.89978574712644,150.62326869806094
hvfhv,OUTER,CRZ_PARTIAL,23,2024,43235.0,348659.337,70828669.0,1525772.49,1231422.01,17.721265003582094,35.29021602868047,119.43370165745857
hvfhv,OUTER,CRZ_PARTIAL,23,2025,41147.0,328376.619,66920233.0,1492520.81,1219585.05,17.665148123438243,36.272894986268746,113.98060941828255
hvfhv,OUTER,MN_NORTH,0,2024,212434.0,1618068.892,284224617.0,5800419.99,5060444.93,20.494523214363237,27.304574550213243,586.8342541436464
hvfhv,OUTER,MN_NORTH,0,2025,206266.0,1525103.5180000002,274893561.0,5599115.779999999,5003940.51,19.97272196855859,27.145122220821655,571.3739612188366
hvfhv,OUTER,MN_NORTH,1,2024,153349.0,1201557.367,203405911.0,4216282.66,3654027.01,21.26588406371337,27.49468636900143,423.6160220994475
hvfhv,OUTER,MN_NORTH,1,2025,147700.0,1132095.192,195303912.0,4056115.4699999997,3598124.3200000003,20.867696143229328,27.461851523358156,409.14127423822714
hvfhv,OUTER,MN_NORTH,2,2024,111871.0,895195.3039999999,147150909.0,3181541.75,2692279.44,21.90066725581695,28.439378838126057,309.0359116022099
hvfhv,OUTER,MN_NORTH,2,2025,107016.0,843569.18,141536645.0,3057570.97,2663396.9099999997,21.45627408364809,28.571157303580776,296.4432132963989
hvfhv,OUTER,MN_NORTH,3,2024,87304.0,702141.4550000001,112799960.0,2566180.32,2102577.3699999996,22.408777786800638,29.393616787317875,241.17127071823205
hvfhv,OUTER,MN_NORTH,3,2025,85571.0,669618.727,109461755.0,2483303.64,2097502.09,22.022554061918704,29.0203882156338,237.0387811634349
hvfhv,OUTER,MN_NORTH,4,2024,91721.0,723162.832,112801539.0,2634865.3000000003,2151503.13,23.079349965251804,28.726957839535114,253.37292817679557
hvfhv,OUTER,MN_NORTH,4,2025,89395.0,686544.463,108912163.0,2567546.94,2135267.53,22.69315013787762,28.721370770177302,247.6315789473684
hvfhv,OUTER,MN_NORTH,5,2024,129470.0,1012691.694,163325714.0,3557073.54,3012882.8000000003,22.321592902388904,27.474114003243994,357.65193370165747
hvfhv,OUTER,MN_NORTH,5,2025,131282.0,990028.5869999999,160305408.0,3558572.64,3028045.34,22.233204466813746,27.106325619658445,363.66204986149586
hvfhv,OUTER,MN_NORTH,6,2024,245864.0,1808341.989,357735548.0,6948392.100000001,6016852.399999999,18.19788722925573,28.261120375492144,679.182320441989
hvfhv,OUTER,MN_NORTH,6,2025,258712.0,1862791.335,361839444.0,7301965.319999999,6349195.01,18.533216644009656,28.224300844181943,716.6537396121884
hvfhv,OUTER,MN_NORTH,7,2024,319877.0,1970665.8869999999,501151094.0,8875195.38,7732121.429999999,14.156204143096213,27.74565029683285,883.6381215469613
hvfhv,OUTER,MN_NORTH,7,2025,326935.0,1992035.002,497152082.0,9305182.7,8085596.19,14.424813385775986,28.46187376695673,905.6371191135734
hvfhv,OUTER,MN_NORTH,8,2024,307023.0,1856953.135,482449627.0,8338384.840000001,7368398.9399999995,13.85643373292524,27.158827970542927,848.1298342541437
hvfhv,OUTER,MN_NORTH,8,2025,317809.0,1896344.3310000002,494819206.0,8922675.93,7861721.82,13.79663422280339,28.07559235263948,880.3573407202216
hvfhv,OUTER,MN_NORTH,9,2024,264977.0,1653596.956,398245412.0,7060421.83,6233189.029999999,14.947941300074538,26.645413866109134,731.9806629834254
hvfhv,OUTER,MN_NORTH,9,2025,279291.0,1706304.896,416454072.0,7589918.5600000005,6730214.21,14.750000152717922,27.17566466517002,773.6592797783934
hvfhv,OUTER,MN_NORTH,10,2024,224309.0,1425377.9610000001,336759779.0,6035615.5200000005,5310266.93,15.237451084085668,26.907594077812305,619.6381215469613
hvfhv,OUTER,MN_NORTH,10,2025,235358.0,1465707.504,348788502.0,6429313.59,5700967.93,15.128213757459239,27.317166146891118,651.9612188365651
hvfhv,OUTER,MN_NORTH,11,2024,203867.0,1309375.844,312720882.0,5588445.890000001,4917416.529999999,15.0733555375429,27.412214286765394,563.1685082872929
hvfhv,OUTER,MN_NORTH,11,2025,214637.0,1357097.355,322284352.0,5945298.779999999,5285256.41,15.159130276359182,27.699319222687603,594.562326869806
hvfhv,OUTER,MN_NORTH,12,2024,204166.0,1313481.278,321864236.0,5682646.51,5028580.629999999,14.691078013401897,27.833461545996883,563.9944751381215
hvfhv,OUTER,MN_NORTH,12,2025,211411.0,1344818.8900000001,327573364.0,5966361.79,5339312.01,14.77943122384029,28.221624182280014,585.6260387811634
hvfhv,OUTER,MN_NORTH,13,2024,214355.0,1355935.825,349469239.0,5994068.18,5367808.29,13.967950323662105,27.963276713862516,592.1408839779006
hvfhv,OUTER,MN_NORTH,13,2025,221021.0,1377758.672,353890559.0,6267721.78,5680323.01,14.015438086891717,28.35803738106334,612.2465373961219
hvfhv,OUTER,MN_NORTH,14,2024,231475.0,1411302.6979999999,395137582.0,6536841.57,5896123.21,12.858027037276345,28.239946300896428,639.4337016574585
hvfhv,OUTER,MN_NORTH,14,2025,237648.0,1441985.164,401930599.0,6845561.92,6283486.279999999,12.915529704171641,28.805468255571263,658.3047091412742
hvfhv,OUTER,MN_NORTH,15,2024,229267.0,1359685.1330000001,393486473.0,6476258.609999999,5823489.87,12.439732531288314,28.24767022728958,633.3342541436464
hvfhv,OUTER,MN_NORTH,15,2025,234682.0,1379714.924,394787751.0,6719759.56,6142687.23,12.581377496689356,28.633468097255008,650.0886426592798
hvfhv,OUTER,MN_NORTH,16,2024,229556.0,1358637.784,394289778.0,6438124.380000001,5833026.77,12.404825829392918,28.045986077471294,634.1325966850828
hvfhv,OUTER,MN_NORTH,16,2025,235622.0,1391887.899,398700264.0,6712607.819999999,6197239.63,12.567828238006886,28.488883975180585,652.6925207756233
hvfhv,OUTER,MN_NORTH,17,2024,252393.0,1516185.854,424896284.0,7014391.82,6370755.4399999995,12.84612099455311,27.79154659598325,697.2182320441989
hvfhv,OUTER,MN_NORTH,17,2025,256371.0,1529595.441,421721768.0,7218311.7700000005,6642514.94,13.057290387723121,28.155726544734,710.168975069252
hvfhv,OUTER,MN_NORTH,18,2024,260487.0,1621765.632,409460398.0,6971892.45,6352560.669999999,14.258659210310249,26.76483836045561,719.5773480662983
hvfhv,OUTER,MN_NORTH,18,2025,266540.0,1633133.215,407185796.0,7205234.819999999,6612423.8,14.438813022839334,27.032470998724392,738.3379501385042
hvfhv,OUTER,MN_NORTH,19,2024,256754.0,1646348.153,366686886.0,6623456.840000001,5965781.909999999,16.16325420156967,25.796898354066542,709.2651933701658
hvfhv,OUTER,MN_NORTH,19,2025,261135.0,1649139.5380000002,366250100.0,6789827.22,6190636.35,16.209967824718685,26.001214773967487,723.365650969529
hvfhv,OUTER,MN_NORTH,20,2024,256753.0,1731246.8329999999,352476149.0,6615597.100000001,5931547.429999999,17.68201512778103,25.76638676081682,709.2624309392265
hvfhv,OUTER,MN_NORTH,20,2025,258555.0,1707945.2889999999,349855638.0,6679358.97,6072514.47,17.57468616355412,25.833416371758425,716.2188365650969
hvfhv,OUTER,MN_NORTH,21,2024,271176.0,1929217.328,375912068.0,7244016.73,6423905.529999999,18.475550459848495,26.713340155470988,749.1049723756906
hvfhv,OUTER,MN_NORTH,21,2025,270500.0,1888662.9690000003,371828493.0,7273902.249999999,6543412.68,18.285814068584575,26.89058133086876,749.3074792243767
hvfhv,OUTER,MN_NORTH,22,2024,297423.0,2201149.4450000003,419042781.0,8223195.57,7241727.069999999,18.910093100971476,27.648149504241434,821.610497237569
hvfhv,OUTER,MN_NORTH,22,2025,293746.0,2140401.715,415063754.0,8255492.2,7384540.36,18.564488225584736,28.104185929340314,813.7008310249307
hvfhv,OUTER,MN_NORTH,23,2024,275836.0,2077509.857,380251060.0,7662403.090000001,6704132.36,19.668677544777918,27.778836301280474,761.9779005524862
hvfhv,OUTER,MN_NORTH,23,2025,268801.0,1958609.732,368471098.0,7452492.03,6633021.91,19.135815735539726,27.724941611080318,744.601108033241
hvfhv,OUTER,OUTER,0,2024,3994183.0,15398462.177000001,3406053852.0,70731937.07999994,57155269.480000295,16.275275214644495,17.708737201074648,11033.654696132597
hvfhv,OUTER,OUTER,0,2025,4095052.0,15482644.942000004,3511480483.0,71850187.74999999,59842730.67,15.87294078980077,17.545610592979035,11343.634349030472
hvfhv,OUTER,OUTER,1,2024,2757376.0,10738008.081000004,2280072490.0,48539098.37,38679595.2500002,16.954210561787892,17.603365797772955,7617.060773480663
hvfhv,OUTER,OUTER,1,2025,2834313.0,10820682.273,2354645058.0,49262482.51000003,40525728.48000001,16.543663789347228,17.380748883415496,7851.282548476454
hvfhv,OUTER,OUTER,2,2024,1964773.0,7825393.758999999,1611524635.0,35333055.81,27881732.39000007,17.481220529030256,17.983276342865054,5427.549723756906
hvfhv,OUTER,OUTER,2,2025,2009883.0,7874265.96,1654721552.0,35783089.37000002,29178211.920000013,17.131194926262737,17.80356835198866,5567.542936288089
hvfhv,OUTER,OUTER,3,2024,1510403.0,6203650.302000001,1236175233.0,28108006.389999997,21903853.79000001,18.066323034964093,18.60960709823802,4172.383977900552
hvfhv,OUTER,OUTER,3,2025,1555521.0,6294378.542,1278513018.0,28735361.390000023,23044398.970000006,17.72352915627489,18.473142689812626,4308.92243767313
hvfhv,OUTER,OUTER,4,2024,1486749.0,6156442.045000001,1189840444.0,27891501.900000002,21750093.340000026,18.627028080749962,18.76006097868571,4107.041436464088
hvfhv,OUTER,OUTER,4,2025,1555521.0,6293395.2469999995,1241650097.0,29202762.330000017,23098255.360000007,18.24686596001611,18.77362139758963,4308.92243767313
hvfhv,OUTER,OUTER,5,2024,1756341.0,7151491.591,1402531210.0,31232769.389999997,24917310.54000007,18.35636137294941,17.78286186452403,4851.770718232045
hvfhv,OUTER,OUTER,5,2025,1870967.0,7497057.8610000005,1482646065.0,33144430.10000003,26690292.910000015,18.203540910217168,17.715133457725354,5182.734072022161
hvfhv,OUTER,OUTER,6,2024,3027989.0,12092998.463,2726186171.0,55947735.57999999,45392755.53000002,15.96912013196475,18.476862227702938,8364.610497237569
hvfhv,OUTER,OUTER,6,2025,3192549.0,12523501.981,2834440427.0,58963891.20000009,48321564.90000001,15.905999188459925,18.469220425434376,8843.626038781164
hvfhv,OUTER,OUTER,7,2024,5111883.0,17455136.902,4902988291.0,94442683.25999993,76385248.69000056,12.816366084852229,18.475126144319017,14121.223756906078
hvfhv,OUTER,OUTER,7,2025,5314672.0,18070424.084000006,5061267941.0,101553772.61999989,82328848.55999993,12.853207429588645,19.108191929812392,14722.083102493074
hvfhv,OUTER,OUTER,8,2024,6168379.0,19900978.913000003,5791470334.0,108590715.50999995,88894406.75000083,12.370524228744156,17.60441689948039,17039.720994475138
hvfhv,OUTER,OUTER,8,2025,6572231.0,20888150.992999997,6116156367.0,118628189.25999975,96714493.75999987,12.294869369352732,18.049911705781454,18205.626038781164
hvfhv,OUTER,OUTER,9,2024,5362302.0,17655296.327000003,4823074112.0,91764000.87000003,74731919.67000066,13.178123599440973,17.112799851630893,14812.988950276243
hvfhv,OUTER,OUTER,9,2025,5821700.0,18876566.391,5205074404.0,100804374.14,82443670.50000006,13.05565179920913,17.315281471047975,16126.592797783933
hvfhv,OUTER,OUTER,10,2024,4817308.0,16009041.343000002,4356779380.0,82626494.54000007,67333575.78000043,13.228245868809635,17.152005755081483,13307.480662983426
hvfhv,OUTER,OUTER,10,2025,5225562.0,17075628.095000006,4702663947.0,90139837.5000001,74235223.75000003,13.071795440798063,17.24978815675713,14475.240997229917
hvfhv,OUTER,OUTER,11,2024,4633639.0,15592596.811000004,4311711826.0,81201600.69000003,66137165.32000036,13.018808024486008,17.52436922470655,12800.10773480663
hvfhv,OUTER,OUTER,11,2025,5015114.0,16563161.706999999,4632937261.0,87762736.11000006,72781896.12000003,12.870319364594563,17.499649282149928,13892.282548476454
hvfhv,OUTER,OUTER,12,2024,4756747.0,15911220.32,4519595788.0,84075101.93000002,68815695.52000044,12.673786736434582,17.674915636673553,13140.185082872928
hvfhv,OUTER,OUTER,12,2025,5112007.0,16793636.508,4814938749.0,90178291.22000007,75272485.96000004,12.556149637699162,17.640486646438486,14160.684210526315
hvfhv,OUTER,OUTER,13,2024,5022183.0,16675412.518000001,4875832186.0,89542037.45000002,73650385.27000053,12.31204905639876,17.829305991040155,13873.43370165746
hvfhv,OUTER,OUTER,13,2025,5388439.0,17567891.916000005,5187065458.0,95930883.29000002,80580186.59000003,12.192715015781863,17.80309349145458,14926.423822714682
hvfhv,OUTER,OUTER,14,2024,5635391.0,18152814.322,5723832086.0,101485765.03000005,84254272.30000076,11.417199277917462,18.00864661032394,15567.378453038675
hvfhv,OUTER,OUTER,14,2025,6050821.0,19130341.10199999,6090347134.0,108740208.99999996,92418598.90000004,11.307931461366184,17.971149534914346,16761.277008310248
hvfhv,OUTER,OUTER,15,2024,5784752.0,18527045.063,6037182438.0,105591819.14999999,87794199.7600008,11.047763242499515,18.253473813570572,15979.977900552487
hvfhv,OUTER,OUTER,15,2025,6176008.0,19444865.988999996,6373463620.0,112502779.06999995,95782936.80000001,10.98327718396861,18.2160999580959,17108.055401662048
hvfhv,OUTER,OUTER,16,2024,5925833.0,18942647.237,6228828212.0,107608423.62,90217847.97000086,10.948051179485635,18.15920624492793,16369.704419889502
hvfhv,OUTER,OUTER,16,2025,6336928.0,19907639.788000003,6582903309.0,114299297.7199999,98429334.49000002,10.886914158197916,18.037020101853752,17553.817174515236
hvfhv,OUTER,OUTER,17,2024,6490857.0,20798304.326,6753017655.0,116922006.32000002,98480289.18000095,11.087472208541117,18.013338811808676,17930.544198895026
hvfhv,OUTER,OUTER,17,2025,6875042.0,21606964.285000008,7070547425.0,123224536.75999981,106191109.48999996,11.001279922254396,17.923459487229287,19044.437673130193
hvfhv,OUTER,OUTER,18,2024,6516028.0,21268343.98500001,6392003741.0,114703817.95,95862805.06000096,11.978409501684933,17.60333410936847,18000.077348066297
hvfhv,OUTER,OUTER,18,2025,6857907.0,21965008.54100001,6656153326.0,120440622.78999986,102480985.51000002,11.879839131518231,17.562300391358452,18996.972299168974
hvfhv,OUTER,OUTER,19,2024,6179677.0,20784754.617,5754639330.0,106833574.7,88863710.75000079,13.002572764399467,17.287889755403075,17070.93093922652
hvfhv,OUTER,OUTER,19,2025,6521750.0,21494495.159000006,6016582999.0,111734458.13999988,94917363.69999999,12.861151019650384,17.132588360486046,18065.78947368421
hvfhv,OUTER,OUTER,20,2024,5720595.0,20111682.808,5193250905.0,98427115.34999993,81804806.43000072,13.941567513923149,17.205747889861097,15802.74861878453
hvfhv,OUTER,OUTER,20,2025,5994245.0,20754939.292000003,5419469048.0,102106438.64999981,86795887.58999999,13.786919122413634,17.034078295098016,16604.5567867036
hvfhv,OUTER,OUTER,21,2024,5474537.0,19988534.332,4892268914.0,95352852.71999991,78333440.01000063,14.70866071758213,17.41751909248214,15123.03038674033
hvfhv,OUTER,OUTER,21,2025,5674676.0,20437402.74,5065161872.0,97967231.57999972,82308068.41000001,14.525626568958742,17.263933937373643,15719.324099722991
hvfhv,OUTER,OUTER,22,2024,5504125.0,20982594.348,4952239333.0,98843866.12999989,80797604.44000061,15.253168228248875,17.95814341607429,15204.765193370165
hvfhv,OUTER,OUTER,22,2025,5670846.0,21296071.207999997,5125674403.0,101200546.82999967,84996575.94999999,14.957223249281757,17.84575825723352,15708.714681440444
hvfhv,OUTER,OUTER,23,2024,5144760.0,19818307.862999998,4543884671.0,92635312.23999983,75640865.14000043,15.701522699760439,18.00575969335787,14212.044198895028
hvfhv,OUTER,OUTER,23,2025,5227688.0,19822501.382,4640259508.0,93655607.89999971,78373873.21999995,15.378666829338027,17.915301735681187,14481.130193905818
yellow,AIRPORT,AIRPORT,0,2024,1769.0,12063.83,1618040.0,57964.79,0.0,26.840985389730783,32.76698134539288,4.886740331491713
yellow,AIRPORT,AIRPORT,0,2025,1794.0,11614.83,1552237.0,56886.39,0.0,26.937502456132666,31.709247491638795,4.969529085872576
yellow,AIRPORT,AIRPORT,1,2024,944.0,6186.12,874754.0,30125.88,0.0,25.458622652768664,31.913008474576273,2.6077348066298343
yellow,AIRPORT,AIRPORT,1,2025,1108.0,7554.84,982395.0,35740.19,0.0,27.68481517108699,32.25648916967509,3.069252077562327
yellow,AIRPORT,AIRPORT,2,2024,431.0,3126.06,436997.0,14096.7,0.0,25.752616150682957,32.70696055684455,1.1906077348066297
yellow,AIRPORT,AIRPORT,2,2025,532.0,3855.16,503781.0,17884.71,0.0,27.548827764445264,33.617875939849625,1.4736842105263157
yellow,AIRPORT,AIRPORT,3,2024,429.0,3614.55,420152.0,16807.61,0.0,30.970648717606963,39.17857808857809,1.1850828729281768
yellow,AIRPORT,AIRPORT,3,2025,361.0,3200.4,378576.0,14592.289999999999,0.0,30.433624952453407,40.421855955678666,1.0
yellow,AIRPORT,AIRPORT,4,2024,681.0,6040.15,620597.0,28811.69,0.0,35.03810040976672,42.30791483113069,1.8812154696132597
yellow,AIRPORT,AIRPORT,4,2025,618.0,5512.84,613220.0,28834.47,0.0,32.36395420892991,46.65771844660194,1.7119113573407203
yellow,AIRPORT,AIRPORT,5,2024,1446.0,12857.04,1485109.0,62143.82,0.0,31.166294191200784,42.97636237897649,3.994475138121547
yellow,AIRPORT,AIRPORT,5,2025,1662.0,14232.37,1635946.0,69503.67,0.0,31.31920735770007,41.81929602888086,4.60387811634349
yellow,AIRPORT,AIRPORT,6,2024,2357.0,21097.52,2921916.0,99518.41,0.0,25.993585031191863,42.222490453966905,6.511049723756906
yellow,AIRPORT,AIRPORT,6,2025,2261.0,19743.79,2763481.0,95615.38,0.0,25.720330264619154,42.28897832817338,6.2631578947368425
yellow,AIRPORT,AIRPORT,7,2024,2846.0,26854.11,4139699.0,124052.75,0.0,23.353097894315507,43.58845748418833,7.861878453038674
yellow,AIRPORT,AIRPORT,7,2025,2460.0,22621.96,3473867.0,107805.03,0.0,23.4433431101421,43.82318292682927,6.814404432132964
yellow,AIRPORT,AIRPORT,8,2024,3139.0,30149.65,4520521.0,136818.1,0.0,24.01022802460159,43.586524370818736,8.671270718232044
yellow,AIRPORT,AIRPORT,8,2025,2508.0,23690.47,3563065.0,109867.24,0.0,23.936047195322004,43.80671451355662,6.947368421052632
yellow,AIRPORT,AIRPORT,9,2024,3375.0,32771.13,4661789.0,146764.0,0.0,25.307037276890906,43.48562962962963,9.323204419889503
yellow,AIRPORT,AIRPORT,9,2025,2818.0,26544.43,3870552.0,120175.48,0.0,24.68897149553862,42.64566359119943,7.806094182825484
yellow,AIRPORT,AIRPORT,10,2024,3799.0,36832.26,5427625.0,168538.24,0.0,24.42986315377352,44.36384311660963,10.494475138121548
yellow,AIRPORT,AIRPORT,10,2025,3266.0,30493.7,4707111.0,141418.67,0.0,23.321591523972987,43.300266380894065,9.047091412742382
yellow,AIRPORT,AIRPORT,11,2024,3649.0,35722.55,5362269.0,163385.86,0.0,23.982605124808174,44.77551657988489,10.08011049723757
yellow,AIRPORT,AIRPORT,11,2025,3414.0,33269.1,5117040.0,156685.74,0.0,23.4058674546222,45.89506151142355,9.457063711911358
yellow,AIRPORT,AIRPORT,12,2024,4275.0,42142.79,6416955.0,194965.7,0.0,23.642684731309476,45.60601169590644,11.80939226519337
yellow,AIRPORT,AIRPORT,12,2025,4042.0,39311.73,6241589.0,185929.83,0.0,22.674070336896584,45.99946313706086,11.196675900277008
yellow,AIRPORT,AIRPORT,13,2024,4947.0,49285.18,8080004.0,229127.51,0.0,21.958732693696685,46.3164564382454,13.665745856353592
yellow,AIRPORT,AIRPORT,13,2025,4710.0,45068.63,7494920.0,220144.87,0.0,21.64760504448346,46.73988747346072,13.047091412742382
yellow,AIRPORT,AIRPORT,14,2024,6171.0,59957.65,10613139.0,286714.19,0.0,20.337766234852854,46.46154432020742,17.04696132596685
yellow,AIRPORT,AIRPORT,14,2025,5809.0,52802.8,9956832.0,262841.08,0.0,19.091421849841396,45.24721638836289,16.09141274238227
yellow,AIRPORT,AIRPORT,15,2024,6739.0,63859.06,11923442.0,315037.6,0.0,19.280725817259814,46.74841964683187,18.616022099447513
yellow,AIRPORT,AIRPORT,15,2025,6478.0,57567.79,11657592.0,300397.82,0.0,17.777603127644202,46.372000617474534,17.94459833795014
yellow,AIRPORT,AIRPORT,16,2024,6883.0,65725.5,12182303.0,326462.55,0.0,19.422583726574523,47.430270231003924,19.013812154696133
yellow,AIRPORT,AIRPORT,16,2025,5966.0,53121.77,10384106.0,274335.73,0.0,18.416450294324807,45.983193094200466,16.526315789473685
yellow,AIRPORT,AIRPORT,17,2024,5731.0,54492.33,9629980.0,261972.77,0.0,20.37100679336821,45.71152852905252,15.831491712707182
yellow,AIRPORT,AIRPORT,17,2025,5344.0,48293.53,9118035.0,243816.6,0.0,19.067343786243416,45.62436377245509,14.803324099722992
yellow,AIRPORT,AIRPORT,18,2024,4723.0,42774.71,6872938.0,202551.12,0.0,22.405113504588574,42.88611475756934,13.046961325966851
yellow,AIRPORT,AIRPORT,18,2025,4174.0,36386.47,6264581.0,181894.95,0.0,20.90982493482006,43.578090560613326,11.562326869806094
yellow,AIRPORT,AIRPORT,19,2024,4227.0,35812.51,5412802.0,169280.73,0.0,23.818539085671343,40.04748757984386,11.676795580110497
yellow,AIRPORT,AIRPORT,19,2025,3816.0,31711.35,4813121.0,156393.16,0.0,23.71867650948314,40.98353249475891,10.570637119113574
yellow,AIRPORT,AIRPORT,20,2024,3499.0,28232.38,3860905.0,128921.15,0.0,26.32454515197862,36.84514146899114,9.665745856353592
yellow,AIRPORT,AIRPORT,20,2025,3412.0,26678.84,3760150.0,124967.05,0.0,25.542551228009522,36.62574736225088,9.45152354570637
yellow,AIRPORT,AIRPORT,21,2024,2913.0,20935.06,2845210.0,98118.39,0.0,26.488806098671102,33.68293511843461,8.046961325966851
yellow,AIRPORT,AIRPORT,21,2025,2995.0,21937.83,3011146.0,102172.65,0.0,26.227950421533862,34.114407345575955,8.296398891966758
yellow,AIRPORT,AIRPORT,22,2024,2520.0,16855.89,2338291.0,83221.91,0.0,25.951091630596874,33.02456746031746,6.961325966850829
yellow,AIRPORT,AIRPORT,22,2025,2566.0,17020.07,2485800.0,84239.06,0.0,24.648906589427952,32.828939984411534,7.10803324099723
yellow,AIRPORT,AIRPORT,23,2024,2569.0,16674.5,2495735.0,85667.2,0.0,24.052313246398356,33.34651615414558,7.096685082872928
yellow,AIRPORT,AIRPORT,23,2025,2557.0,16873.33,2391975.0,85269.05,0.0,25.394909227730224,33.34730152522487,7.083102493074792
yellow,AIRPORT,CRZ,0,2024,34829.0,551954.7,65875422.0,2116637.33,0.0,30.163555081286614,60.77226822475524,96.21270718232044
yellow,AIRPORT,CRZ,0,2025,39079.0,585303.0,72422155.0,2308303.17,0.0,29.094560911643683,59.0676109931165,108.25207756232687
yellow,AIRPORT,CRZ,1,2024,11997.0,200646.32,22546791.0,771465.24,0.0,32.036787496721814,64.30484621155288,33.14088397790055
yellow,AIRPORT,CRZ,1,2025,14512.0,228336.54,26283674.0,894525.85,0.0,31.27460582565436,61.64042516538037,40.199445983379505
yellow,AIRPORT,CRZ,2,2024,3246.0,52732.42,5671052.0,203273.26,0.0,33.474690762842584,62.622692544670365,8.966850828729282
yellow,AIRPORT,CRZ,2,2025,4145.0,64237.97,6991842.0,251792.48,0.0,33.07521708871568,60.74607478890229,11.481994459833794
yellow,AIRPORT,CRZ,3,2024,1305.0,21881.76,2283729.0,84101.61,0.0,34.4937319620673,64.44567816091954,3.6049723756906076
yellow,AIRPORT,CRZ,3,2025,1258.0,20526.329999999998,2160366.0,80181.14,0.0,34.20475419442816,63.73699523052464,3.484764542936288
yellow,AIRPORT,CRZ,4,2024,1098.0,19000.079999999998,1940335.0,73213.33,0.0,35.251793118198655,66.67880692167577,3.0331491712707184
yellow,AIRPORT,CRZ,4,2025,1005.0,17332.68,1791958.0,67666.52,0.0,34.820932187026706,67.32987064676617,2.78393351800554
yellow,AIRPORT,CRZ,5,2024,5552.0,101398.01,12405799.0,390365.46,0.0,29.424371296036632,70.31078170028819,15.337016574585636
yellow,AIRPORT,CRZ,5,2025,4842.0,86759.22,10526513.0,337708.67,0.0,29.671097351991108,69.74569805865345,13.412742382271468
yellow,AIRPORT,CRZ,6,2024,14572.0,263596.74,43127718.0,1022554.87,0.0,22.003210649819216,70.17258234971177,40.25414364640884
yellow,AIRPORT,CRZ,6,2025,12674.0,226651.85,39014932.0,895970.61,0.0,20.9137019641608,70.693593971911,35.10803324099723
yellow,AIRPORT,CRZ,7,2024,29120.0,461780.96,95241221.0,1861662.18,0.0,17.454747414462485,63.93070673076923,80.44198895027624
yellow,AIRPORT,CRZ,7,2025,28397.0,438915.9,93714244.0,1803060.53,0.0,16.860801224624936,63.494754023312325,78.66204986149584
yellow,AIRPORT,CRZ,8,2024,36225.0,517816.5,112103501.0,2198368.49,0.0,16.628734904541474,60.686500759144245,100.06906077348066
yellow,AIRPORT,CRZ,8,2025,33429.0,471976.27,104562816.0,2022828.74,0.0,16.24970172953261,60.51119507014867,92.60110803324099
yellow,AIRPORT,CRZ,9,2024,48997.0,635273.77,133526937.0,2771275.86,0.0,17.127522156821435,56.560113068147025,135.35082872928177
yellow,AIRPORT,CRZ,9,2025,48320.0,613356.71,132091779.0,2714141.17,0.0,16.71628751400191,56.17014010761589,133.85041551246536
yellow,AIRPORT,CRZ,10,2024,61893.0,778916.7,164790125.0,3415608.94,0.0,17.01619026018701,55.185706622719856,170.97513812154696
yellow,AIRPORT,CRZ,10,2025,58796.0,730473.34,157247177.0,3258407.78,0.0,16.723378277245637,55.41886829035988,162.86980609418282
yellow,AIRPORT,CRZ,11,2024,62966.0,835684.98,172310072.0,3599694.7,0.0,17.459605773944542,57.16886414890576,173.939226519337
yellow,AIRPORT,CRZ,11,2025,59076.0,784236.02,160354831.0,3420924.16,0.0,17.60626514582526,57.907173132913535,163.6454293628809
yellow,AIRPORT,CRZ,12,2024,72361.0,984380.27,197610294.0,4178472.5,0.0,17.9331192736346,57.74481419549205,199.89226519337018
yellow,AIRPORT,CRZ,12,2025,66579.0,907559.29,181033702.0,3887803.54,0.0,18.0475425730398,58.393841000916204,184.42936288088643
yellow,AIRPORT,CRZ,13,2024,83183.0,1177327.29,241659973.0,4920063.24,0.0,17.538602654730912,59.14746089946264,229.78729281767957
yellow,AIRPORT,CRZ,13,2025,75235.0,1042539.75,212550756.0,4445913.95,0.0,17.65763232571142,59.0936924303848,208.40720221606648
yellow,AIRPORT,CRZ,14,2024,103551.0,1475212.99,330204542.0,6222031.8100000005,0.0,16.08326382136803,60.08664146169521,286.0524861878453
yellow,AIRPORT,CRZ,14,2025,100850.0,1407619.19,320093756.0,6070416.04,0.0,15.831077579657629,60.19252394645513,279.3628808864266
yellow,AIRPORT,CRZ,15,2024,105796.0,1541468.06,360553895.0,6477863.65,0.0,15.391000050075732,61.229759631744116,292.25414364640886
yellow,AIRPORT,CRZ,15,2025,101228.0,1446976.1,340294803.0,6208415.36,0.0,15.307650643139562,61.33100881179121,280.409972299169
yellow,AIRPORT,CRZ,16,2024,106161.0,1590553.8900000001,361512101.0,6605167.21,0.0,15.839010611708405,62.21839668051356,293.26243093922653
yellow,AIRPORT,CRZ,16,2025,103541.0,1531044.73,351913146.0,6454040.75,0.0,15.662276589121793,62.33318926801943,286.8171745152355
yellow,AIRPORT,CRZ,17,2024,91562.0,1386846.46,296633849.0,5689972.89,0.0,16.831009922943757,62.14338797754527,252.93370165745856
yellow,AIRPORT,CRZ,17,2025,89579.0,1335160.35,291128204.0,5575719.9799999995,0.0,16.510173847670217,62.243605979079916,248.14127423822714
yellow,AIRPORT,CRZ,18,2024,83733.0,1253971.14,235027632.0,5078084.81,0.0,19.207512178823297,60.646158742670146,231.30662983425415
yellow,AIRPORT,CRZ,18,2025,78115.0,1154227.8699999999,219179690.0,4751649.77,0.0,18.95805369557736,60.82890315560391,216.38504155124653
yellow,AIRPORT,CRZ,19,2024,83328.0,1255009.17,201791749.0,4990665.97,0.0,22.38958249972847,59.89182471678187,230.1878453038674
yellow,AIRPORT,CRZ,19,2025,78347.0,1169861.32,189138493.0,4716321.71,0.0,22.266756413248995,60.19785965001851,217.02770083102493
yellow,AIRPORT,CRZ,20,2024,81188.0,1211720.78,175274537.0,4794290.1,0.0,24.88778394547977,59.051708380548845,224.27624309392266
yellow,AIRPORT,CRZ,20,2025,76179.0,1135186.69,167027687.0,4552310.61,0.0,24.467033923543465,59.75807781672115,211.02216066481995
yellow,AIRPORT,CRZ,21,2024,74254.0,1112148.39,150340365.0,4380984.8,0.0,26.63113265688825,58.99998383925445,205.12154696132598
yellow,AIRPORT,CRZ,21,2025,72546.0,1053356.23,145832966.0,4232879.45,0.0,26.00291643248893,58.34752364017314,200.9584487534626
yellow,AIRPORT,CRZ,22,2024,67193.0,1026791.66,136255874.0,4026218.23,0.0,27.128738508550466,59.92020344381111,185.61602209944752
yellow,AIRPORT,CRZ,22,2025,66529.0,984873.33,135825811.0,3929405.17,0.0,26.103609924331685,59.063042733244146,184.29085872576178
yellow,AIRPORT,CRZ,23,2024,63247.0,959535.39,127387749.0,3703855.97,0.0,27.116637440543833,58.56176530112101,174.71546961325967
yellow,AIRPORT,CRZ,23,2025,60946.0,894310.5700000001,119971621.0,3542974.73,0.0,26.83566351078978,58.133014964066554,168.82548476454295
yellow,AIRPORT,CRZ_PARTIAL,0,2024,6313.0,97387.14,11936571.0,368798.17,0.0,29.37139183438862,58.41884523998099,17.439226519337016
yellow,AIRPORT,CRZ_PARTIAL,0,2025,7279.0,104359.45,13393091.0,410666.3,0.0,28.051330346370378,56.417955763154275,20.16343490304709
yellow,AIRPORT,CRZ_PARTIAL,1,2024,2099.0,34748.3,4059032.0,131568.64,0.0,30.81864838710314,62.68158170557409,5.798342541436464
yellow,AIRPORT,CRZ_PARTIAL,1,2025,2596.0,39877.24,4814335.0,155992.52,0.0,29.81887716579756,60.08956856702619,7.191135734072022
yellow,AIRPORT,CRZ_PARTIAL,2,2024,586.0,9238.59,1043078.0,35445.99,0.0,31.885366195049652,60.48803754266211,1.6187845303867403
yellow,AIRPORT,CRZ_PARTIAL,2,2025,685.0,10359.93,1199360.0,40431.7,0.0,31.096374733191034,59.02437956204379,1.8975069252077563
yellow,AIRPORT,CRZ_PARTIAL,3,2024,220.0,3537.56,392965.0,13629.57,0.0,32.40801598106702,61.95259090909091,0.6077348066298343
yellow,AIRPORT,CRZ_PARTIAL,3,2025,216.0,3423.71,393670.0,13241.4,0.0,31.308852592272718,61.30277777777778,0.5983379501385041
yellow,AIRPORT,CRZ_PARTIAL,4,2024,200.0,3566.97,392297.0,13273.69,0.0,32.73308743120646,66.36845,0.5524861878453039
yellow,AIRPORT,CRZ_PARTIAL,4,2025,181.0,3263.07,353075.0,12377.92,0.0,33.27069886001558,68.38629834254144,0.5013850415512465
yellow,AIRPORT,CRZ_PARTIAL,5,2024,1089.0,20864.81,2490762.0,75987.72,0.0,30.156761665707123,69.77752066115703,3.0082872928176796
yellow,AIRPORT,CRZ_PARTIAL,5,2025,947.0,17756.26,2193882.0,65944.01,0.0,29.13672476459536,69.63464625131995,2.623268698060942
yellow,AIRPORT,CRZ_PARTIAL,6,2024,2544.0,48207.6,7938670.0,178137.63,0.0,21.86101198311556,70.02265330188679,7.027624309392265
yellow,AIRPORT,CRZ_PARTIAL,6,2025,2146.0,39810.76,7041411.0,151404.43,0.0,20.35369558743269,70.55192451071761,5.944598337950138
yellow,AIRPORT,CRZ_PARTIAL,7,2024,3776.0,64116.37,13113310.0,244041.87,0.0,17.60188175220444,64.62973252118644,10.430939226519337
yellow,AIRPORT,CRZ_PARTIAL,7,2025,3652.0,59339.74,12825166.0,233888.12,0.0,16.656553529209678,64.04384446878423,10.11634349030471
yellow,AIRPORT,CRZ_PARTIAL,8,2024,4027.0,59714.71,12304637.0,237608.34,0.0,17.470889714178483,59.00380928731065,11.124309392265193
yellow,AIRPORT,CRZ_PARTIAL,8,2025,3772.0,54449.74,11910975.0,223726.7,0.0,16.457012461196502,59.31248674443267,10.448753462603879
yellow,AIRPORT,CRZ_PARTIAL,9,2024,5062.0,65821.86,13076469.0,271207.56,0.0,18.121000095668027,53.57715527459502,13.98342541436464
yellow,AIRPORT,CRZ_PARTIAL,9,2025,4969.0,62537.58,13147883.0,266685.14,0.0,17.12331087826078,53.669780639967804,13.76454293628809
yellow,AIRPORT,CRZ_PARTIAL,10,2024,6730.0,82073.97,16749059.0,347633.14,0.0,17.640769669508,51.65425557206538,18.591160220994475
yellow,AIRPORT,CRZ_PARTIAL,10,2025,6652.0,78918.67,16658432.0,345423.04,0.0,17.054859184826036,51.92769693325315,18.426592797783933
yellow,AIRPORT,CRZ_PARTIAL,11,2024,6363.0,83670.09,16521011.0,345251.37,0.0,18.232075748875175,54.25921263554927,17.57734806629834
yellow,AIRPORT,CRZ_PARTIAL,11,2025,6401.0,83560.4,16638022.0,353904.41,0.0,18.08012034122806,55.2889251679425,17.73130193905817
yellow,AIRPORT,CRZ_PARTIAL,12,2024,8846.0,116651.27,22565564.0,477761.63,0.0,18.60997456123853,54.008775717838574,24.43646408839779
yellow,AIRPORT,CRZ_PARTIAL,12,2025,8469.0,111228.24,22072685.0,466476.84,0.0,18.14104917457935,55.080510095642936,23.45983379501385
yellow,AIRPORT,CRZ_PARTIAL,13,2024,10481.0,143981.98,29047776.0,584538.73,0.0,17.84422766135349,55.77127468752981,28.95303867403315
yellow,AIRPORT,CRZ_PARTIAL,13,2025,9982.0,131820.19,26886375.0,553695.58,0.0,17.65030369471526,55.46940292526547,27.650969529085874
yellow,AIRPORT,CRZ_PARTIAL,14,2024,13544.0,184858.78,40621092.0,758135.16,0.0,16.382907874559354,55.975720614294154,37.41436464088398
yellow,AIRPORT,CRZ_PARTIAL,14,2025,14117.0,185474.9,41986832.0,792280.88,0.0,15.902834488679687,56.12246794644754,39.10526315789474
yellow,AIRPORT,CRZ_PARTIAL,15,2024,13258.0,185538.07,41270512.0,754176.81,0.0,16.184365534403838,56.884659073766784,36.6243093922652
yellow,AIRPORT,CRZ_PARTIAL,15,2025,13594.0,187639.22,42296880.0,785456.41,0.0,15.970473283135778,57.779638811240254,37.65650969529086
yellow,AIRPORT,CRZ_PARTIAL,16,2024,13989.0,202553.75,43109533.0,806974.86,0.0,16.91490139779524,57.68638644649367,38.64364640883978
yellow,AIRPORT,CRZ_PARTIAL,16,2025,13920.0,200611.57,43730103.0,820692.98,0.0,16.51497715429575,58.957829022988506,38.5595567867036
yellow,AIRPORT,CRZ_PARTIAL,17,2024,11905.0,172769.09,34618157.0,681970.29,0.0,17.96654639933605,57.28435867282655,32.886740331491715
yellow,AIRPORT,CRZ_PARTIAL,17,2025,12827.0,183798.03,37804997.0,745740.13,0.0,17.502260560951772,58.13831215405005,35.53185595567867
yellow,AIRPORT,CRZ_PARTIAL,18,2024,12770.0,180654.19,32281698.0,708829.62,0.0,20.146247697379486,55.507409553641345,35.27624309392265
yellow,AIRPORT,CRZ_PARTIAL,18,2025,12587.0,175759.16,32410251.0,709298.18,0.0,19.5226188158802,56.35164693731628,34.86703601108033
yellow,AIRPORT,CRZ_PARTIAL,19,2024,13311.0,192803.92,30176839.0,744815.56,0.0,23.000888595389334,55.95489144316731,36.770718232044196
yellow,AIRPORT,CRZ_PARTIAL,19,2025,13184.0,189545.0,30419161.0,749665.59,0.0,22.431979632837344,56.86177108616505,36.5207756232687
yellow,AIRPORT,CRZ_PARTIAL,20,2024,13515.0,196899.72,27590291.0,754260.76,0.0,25.69160984927633,55.8091572327044,37.33425414364641
yellow,AIRPORT,CRZ_PARTIAL,20,2025,13354.0,191102.09,28047951.0,753450.98,0.0,24.528263187567607,56.42137037591733,36.99168975069252
yellow,AIRPORT,CRZ_PARTIAL,21,2024,13172.0,192373.73,25442950.0,735244.43,0.0,27.21954128746863,55.81873899180079,36.386740331491715
yellow,AIRPORT,CRZ_PARTIAL,21,2025,13247.0,185302.23,26044748.0,733728.82,0.0,25.613149645371884,55.38830074733902,36.69529085872576
yellow,AIRPORT,CRZ_PARTIAL,22,2024,11824.0,174172.14,22977740.0,666711.23,0.0,27.288136431172084,56.386267760487144,32.66298342541437
yellow,AIRPORT,CRZ_PARTIAL,22,2025,12285.0,173256.17,24821993.0,688176.05,0.0,25.127805490880608,56.01758648758649,34.03047091412743
yellow,AIRPORT,CRZ_PARTIAL,23,2024,11402.0,163840.5,21816454.0,624245.28,0.0,27.035823511923617,54.74875285037713,31.497237569060772
yellow,AIRPORT,CRZ_PARTIAL,23,2025,11370.0,157388.37,21719110.0,622120.26,0.0,26.087539130286647,54.7159419525066,31.49584487534626
yellow,AIRPORT,MN_NORTH,0,2024,14764.0,223232.63,25803070.0,820929.3200000001,0.0,31.145033052268587,55.60344892982932,40.78453038674033
yellow,AIRPORT,MN_NORTH,0,2025,16457.0,235987.14,28866527.0,897782.95,0.0,29.430409276460587,54.553256972716774,45.58725761772853
yellow,AIRPORT,MN_NORTH,1,2024,4932.0,83153.4,9023747.0,303343.16,0.0,33.173829009168806,61.50510137875101,13.624309392265193
yellow,AIRPORT,MN_NORTH,1,2025,6248.0,97091.29,10995090.0,363092.27,0.0,31.789520958900745,58.11335947503201,17.30747922437673
yellow,AIRPORT,MN_NORTH,2,2024,1489.0,24489.079999999998,2515316.0,89817.09,0.0,35.049547651269265,60.32040967092008,4.113259668508287
yellow,AIRPORT,MN_NORTH,2,2025,1899.0,29132.67,3127625.0,109348.49,0.0,33.53266839854522,57.582143233280675,5.260387811634349
yellow,AIRPORT,MN_NORTH,3,2024,630.0,10582.24,1066011.0,38697.43,0.0,35.73702710384789,61.42449206349207,1.7403314917127073
yellow,AIRPORT,MN_NORTH,3,2025,632.0,10577.55,1076950.0,39065.3,0.0,35.358354612563254,61.8121835443038,1.7506925207756232
yellow,AIRPORT,MN_NORTH,4,2024,483.0,8815.32,860404.0,31927.91,0.0,36.884012626626564,66.10333333333334,1.3342541436464088
yellow,AIRPORT,MN_NORTH,4,2025,450.0,8102.04,802565.0,29711.2,0.0,36.342656358052,66.0248888888889,1.2465373961218837
yellow,AIRPORT,MN_NORTH,5,2024,2353.0,45145.4,4925580.0,164334.05,0.0,32.9957974492344,69.84022524436888,6.5
yellow,AIRPORT,MN_NORTH,5,2025,1907.0,36031.18,3969064.0,132617.96,0.0,32.680815426508616,69.5427163083377,5.282548476454294
yellow,AIRPORT,MN_NORTH,6,2024,5023.0,95969.04,14627662.0,350601.14,0.0,23.61884927338354,69.79915190125423,13.875690607734807
yellow,AIRPORT,MN_NORTH,6,2025,4344.0,82455.23,13256197.0,304732.59,0.0,22.392457504969187,70.1502279005525,12.033240997229917
yellow,AIRPORT,MN_NORTH,7,2024,7205.0,123692.98,22953492.0,463013.07,0.0,19.399868569017734,64.2627439278279,19.903314917127073
yellow,AIRPORT,MN_NORTH,7,2025,6692.0,110831.07,21975175.0,422347.95,0.0,18.156481211184897,63.11236551105798,18.537396121883656
yellow,AIRPORT,MN_NORTH,8,2024,7708.0,112839.59,20846788.0,438268.49,0.0,19.486096563173184,56.85891152049818,21.29281767955801
yellow,AIRPORT,MN_NORTH,8,2025,6693.0,96122.85,18698848.0,380550.37,0.0,18.50607374315252,56.85796653219782,18.54016620498615
yellow,AIRPORT,MN_NORTH,9,2024,8966.0,113679.39,19719332.0,452133.11,0.0,20.753532827582596,50.42751617220611,24.76795580110497
yellow,AIRPORT,MN_NORTH,9,2025,8565.0,106947.5,19702783.0,436462.85,0.0,19.54094505329526,50.95888499708114,23.725761772853186
yellow,AIRPORT,MN_NORTH,10,2024,11817.0,142607.05,24860190.0,573451.97,0.0,20.65090331168024,48.52771177117712,32.64364640883978
yellow,AIRPORT,MN_NORTH,10,2025,10968.0,130345.12,23566838.0,537127.37,0.0,19.911132414115123,48.972225565280816,30.382271468144044
yellow,AIRPORT,MN_NORTH,11,2024,10945.0,140613.28,24070872.0,557727.88,0.0,21.029890732666434,50.9573211512106,30.234806629834253
yellow,AIRPORT,MN_NORTH,11,2025,10417.0,133893.6,23456748.0,542172.75,0.0,20.549180986213436,52.04691849860804,28.85595567867036
yellow,AIRPORT,MN_NORTH,12,2024,14048.0,180394.26,30963735.0,714724.55,0.0,20.973546505290788,50.87731705580866,38.806629834254146
yellow,AIRPORT,MN_NORTH,12,2025,13787.0,178183.72,31329644.0,717959.49,0.0,20.474582858330596,52.075106259519835,38.19113573407202
yellow,AIRPORT,MN_NORTH,13,2024,17514.0,232806.79,42384073.0,919093.9,0.0,19.77404210303243,52.47766929313692,48.38121546961326
yellow,AIRPORT,MN_NORTH,13,2025,16363.0,215020.0,39620383.0,869944.78,0.0,19.537216487786097,53.16535965287539,45.32686980609418
yellow,AIRPORT,MN_NORTH,14,2024,23118.0,303140.58,60838205.0,1216068.68,0.0,17.937841657228383,52.60267670213686,63.86187845303867
yellow,AIRPORT,MN_NORTH,14,2025,23135.0,300367.83,62930756.0,1237323.49,0.0,17.182761764374803,53.482752971687916,64.08587257617728
yellow,AIRPORT,MN_NORTH,15,2024,23349.0,320244.31,65585536.0,1271756.64,0.0,17.578258657518635,54.46728510856995,64.5
yellow,AIRPORT,MN_NORTH,15,2025,23352.0,319253.32,67054736.0,1295106.45,0.0,17.139907194623806,55.460193987667004,64.68698060941828
yellow,AIRPORT,MN_NORTH,16,2024,26750.0,376638.73,74212609.0,1483335.71,0.0,18.270472447613315,55.45180224299065,73.89502762430939
yellow,AIRPORT,MN_NORTH,16,2025,25990.0,368399.29,74861119.0,1470347.34,0.0,17.715971411007093,56.57357983839939,71.99445983379502
yellow,AIRPORT,MN_NORTH,17,2024,23576.0,328989.1,61065595.0,1285690.23,0.0,19.394894293587083,54.53385773668137,65.12707182320442
yellow,AIRPORT,MN_NORTH,17,2025,24689.0,348536.49,66498596.0,1379452.41,0.0,18.868539179383575,55.87315849163595,68.39058171745152
yellow,AIRPORT,MN_NORTH,18,2024,25816.0,354395.72,58824850.0,1371624.53,0.0,21.688531156475534,53.13079214440657,71.31491712707182
yellow,AIRPORT,MN_NORTH,18,2025,25024.0,349824.98,59688518.0,1366424.59,0.0,21.099031609395965,54.60456321930947,69.31855955678671
yellow,AIRPORT,MN_NORTH,19,2024,27401.0,383308.1,55996882.0,1459002.41,0.0,24.642607065157662,53.24631984234152,75.69337016574586
yellow,AIRPORT,MN_NORTH,19,2025,26714.0,382298.98,57252983.0,1466163.37,0.0,24.038508666002606,54.88370779366625,74.0
yellow,AIRPORT,MN_NORTH,20,2024,27739.0,390679.84,51812955.0,1475940.2,0.0,27.14470587520052,53.20812574353798,76.62707182320442
yellow,AIRPORT,MN_NORTH,20,2025,27103.0,388227.9,52953087.0,1483474.26,0.0,26.39355926501509,54.73468841087703,75.07756232686981
yellow,AIRPORT,MN_NORTH,21,2024,27367.0,389627.83999999997,48696524.0,1465262.33,0.0,28.804113903489288,53.54121131289509,75.59944751381215
yellow,AIRPORT,MN_NORTH,21,2025,26619.0,367348.96,48327967.0,1413143.87,0.0,27.36420209854886,53.08778954881852,73.73684210526316
yellow,AIRPORT,MN_NORTH,22,2024,25039.0,361345.43,44838500.0,1356258.02,0.0,29.011754362880115,54.1658221174967,69.16850828729282
yellow,AIRPORT,MN_NORTH,22,2025,25572.0,360001.05,49019103.0,1388417.6300000001,0.0,26.438749399392314,54.29444822462068,70.83656509695291
yellow,AIRPORT,MN_NORTH,23,2024,26075.0,363822.62,45752078.0,1358751.41,0.0,28.627364903513232,52.10935417066155,72.0303867403315
yellow,AIRPORT,MN_NORTH,23,2025,24755.0,337285.04,44555333.0,1296310.21,0.0,27.252094468691322,52.36559119369824,68.57340720221606
yellow,AIRPORT,OUTER,0,2024,51837.0,600158.86,73710706.0,2425543.88,0.0,29.311507286336393,46.79174875089222,143.1961325966851
yellow,AIRPORT,OUTER,0,2025,58340.0,645981.42,81202625.0,2635047.57,0.0,28.638644526577806,45.16708210490229,161.60664819944597
yellow,AIRPORT,OUTER,1,2024,23158.0,269920.74,31854414.0,1082409.57,0.0,30.504867049194498,46.74020079454185,63.972375690607734
yellow,AIRPORT,OUTER,1,2025,28871.0,318815.02,38065719.0,1287763.1600000001,0.0,30.151382980576305,44.60403726923211,79.97506925207756
yellow,AIRPORT,OUTER,2,2024,8275.0,92199.23,10408269.0,367424.15,0.0,31.889762649293555,44.40170996978852,22.859116022099446
yellow,AIRPORT,OUTER,2,2025,10757.0,114552.33,13103311.0,459733.85,0.0,31.47207511139742,42.738110067862785,29.797783933518005
yellow,AIRPORT,OUTER,3,2024,3940.0,43746.9,4867781.0,174754.73,0.0,32.35331252576893,44.3539923857868,10.883977900552486
yellow,AIRPORT,OUTER,3,2025,4825.0,50605.15,5712731.0,201903.75999999998,0.0,31.889920950242537,41.845338860103624,13.365650969529085
yellow,AIRPORT,OUTER,4,2024,3379.0,37769.95,4122308.0,149933.35,0.0,32.984391268192475,44.37210713228766,9.334254143646408
yellow,AIRPORT,OUTER,4,2025,4246.0,44536.2,4914715.0,176168.05,0.0,32.62250608631426,41.49035562882713,11.761772853185596
yellow,AIRPORT,OUTER,5,2024,11589.0,135887.12,16372800.0,538149.8099999999,0.0,29.87843447669305,46.436259383898516,32.01381215469613
yellow,AIRPORT,OUTER,5,2025,15142.0,158037.58,18837353.0,624723.76,0.0,30.20250711445499,41.25767798177255,41.94459833795014
yellow,AIRPORT,OUTER,6,2024,21797.0,257431.85,40164633.0,1069533.28,0.0,23.073898372232108,49.06791209799514,60.21270718232044
yellow,AIRPORT,OUTER,6,2025,24213.0,260684.55,41260562.0,1087971.59,0.0,22.744827857652542,44.93336596043448,67.07202216066482
yellow,AIRPORT,OUTER,7,2024,24932.0,288155.37,54175846.0,1259097.95,0.0,19.148004296970274,50.501281485640945,68.87292817679558
yellow,AIRPORT,OUTER,7,2025,25016.0,273613.41000000003,51828298.0,1203388.44,0.0,19.005221356101647,48.10475055964183,69.29639889196676
yellow,AIRPORT,OUTER,8,2024,24827.0,269652.07,48560300.0,1160819.05,0.0,19.990557142357027,46.75631570467636,68.5828729281768
yellow,AIRPORT,OUTER,8,2025,23331.0,248171.03,44031107.0,1067960.11,0.0,20.290557491547965,45.774296429642966,64.62880886426593
yellow,AIRPORT,OUTER,9,2024,29044.0,299349.11,49196216.0,1265216.98,0.0,21.905278162044006,43.56207753752926,80.23204419889503
yellow,AIRPORT,OUTER,9,2025,26998.0,274981.37,45548143.0,1166697.98,0.0,21.733771495360415,43.214237350914885,74.78670360110803
yellow,AIRPORT,OUTER,10,2024,34399.0,352186.56,58538421.0,1498411.51,0.0,21.658794247285897,43.55974039943022,95.02486187845304
yellow,AIRPORT,OUTER,10,2025,33902.0,339692.70999999996,57205328.0,1459874.05,0.0,21.377270243079455,43.061590761606986,93.91135734072022
yellow,AIRPORT,OUTER,11,2024,29894.0,323011.81,54570051.0,1376121.95,0.0,21.30917040924151,46.033382953100954,82.58011049723757
yellow,AIRPORT,OUTER,11,2025,28420.0,304878.72,52127816.0,1316673.9200000002,0.0,21.05523454119006,46.32913159746658,78.72576177285319
yellow,AIRPORT,OUTER,12,2024,35546.0,391036.33999999997,67306509.0,1672670.0,0.0,20.915225658190057,47.05649018173634,98.19337016574586
yellow,AIRPORT,OUTER,12,2025,34764.0,386445.07,67480289.0,1669541.9500000002,0.0,20.616424034579936,48.025024450581064,96.29916897506925
yellow,AIRPORT,OUTER,13,2024,42973.0,482633.1,87762289.0,2081791.9500000002,0.0,19.797559746874878,48.444184720638546,118.70994475138122
yellow,AIRPORT,OUTER,13,2025,38760.0,431489.65,80026016.0,1883163.1,0.0,19.41072188324357,48.58521929824562,107.36842105263158
yellow,AIRPORT,OUTER,14,2024,55537.0,616975.33,126228364.0,2737567.7800000003,0.0,17.595975402168722,49.292683796388,153.41712707182322
yellow,AIRPORT,OUTER,14,2025,55019.0,609717.28,130199902.0,2761665.6700000004,0.0,16.858554993382405,50.194763081844464,152.40720221606648
yellow,AIRPORT,OUTER,15,2024,60307.0,682219.08,149012129.0,3083514.7,0.0,16.48180389396356,51.13029499063127,166.5939226519337
yellow,AIRPORT,OUTER,15,2025,61657.0,693979.11,156889402.0,3188439.36,0.0,15.924114466316851,51.71252834228068,170.7950138504155
yellow,AIRPORT,OUTER,16,2024,64358.0,737484.13,159745334.0,3316431.12,0.0,16.61984611081035,51.530984803754,177.78453038674033
yellow,AIRPORT,OUTER,16,2025,64610.0,742580.01,167610945.0,3402351.8000000003,0.0,15.949364380709149,52.65983284321313,178.97506925207756
yellow,AIRPORT,OUTER,17,2024,58482.0,663300.48,137297296.0,2941913.3,0.0,17.392052120239864,50.30459457610888,161.55248618784532
yellow,AIRPORT,OUTER,17,2025,61694.0,703041.53,151517696.0,3172773.3000000003,0.0,16.703986232736803,51.42758290919701,170.89750692520775
yellow,AIRPORT,OUTER,18,2024,62151.0,709240.68,129648853.0,3037575.99,0.0,19.693706414818806,48.874128976203124,171.6878453038674
yellow,AIRPORT,OUTER,18,2025,61531.0,700725.25,133163034.0,3041605.18,0.0,18.9437775952146,49.432077814435004,170.4459833795014
yellow,AIRPORT,OUTER,19,2024,68576.0,788928.03,127488230.0,3281667.22,0.0,22.277671499557254,47.854456661222585,189.4364640883978
yellow,AIRPORT,OUTER,19,2025,67400.0,774772.21,128108210.0,3243684.46,0.0,21.772062508718214,48.1258821958457,186.70360110803324
yellow,AIRPORT,OUTER,20,2024,69406.0,803439.32,116009377.0,3270493.19,0.0,24.932308290906516,47.1211882258018,191.7292817679558
yellow,AIRPORT,OUTER,20,2025,73445.0,834874.58,122975133.0,3415911.92,0.0,24.44029467323284,46.50979535706991,203.4487534626039
yellow,AIRPORT,OUTER,21,2024,70996.0,823986.56,111003709.0,3321606.42,0.0,26.72299549918643,46.785824835201986,196.12154696132598
yellow,AIRPORT,OUTER,21,2025,76443.0,842041.97,115309083.0,3422466.3800000004,0.0,26.288918558133012,44.7714817576495,211.75346260387812
yellow,AIRPORT,OUTER,22,2024,73819.0,843047.46,113861791.0,3430518.59,0.0,26.654866653204145,46.472027391322015,203.91988950276243
yellow,AIRPORT,OUTER,22,2025,78067.0,861454.35,119254751.0,3540489.12,0.0,26.005132994659473,45.351930008838565,216.25207756232686
yellow,AIRPORT,OUTER,23,2024,78684.0,878816.4199999999,116978064.0,3611411.88,0.0,27.04557592951786,45.89766509074271,217.35911602209944
yellow,AIRPORT,OUTER,23,2025,78404.0,852954.53,113926725.0,3517423.1799999997,0.0,26.952730432653095,44.86280266312943,217.18559556786704
yellow,CRZ,AIRPORT,0,2024,384.0,5937.52,873768.0,24752.38,0.0,24.46309775592606,64.45932291666666,1.0607734806629834
yellow,CRZ,AIRPORT,0,2025,338.0,5132.4800000000005,705271.0,21142.13,0.0,26.19833794385421,62.550680473372786,0.9362880886426593
yellow,CRZ,AIRPORT,1,2024,427.0,6621.49,842459.0,28317.09,0.0,28.29498408824643,66.31637002341921,1.1795580110497237
yellow,CRZ,AIRPORT,1,2025,361.0,5686.53,695915.0,24285.51,0.0,29.416678761055586,67.27288088642659,1.0
yellow,CRZ,AIRPORT,2,2024,1216.0,18009.82,2055264.0,76294.76,0.0,31.545997010603017,62.74240131578947,3.3591160220994474
yellow,CRZ,AIRPORT,2,2025,993.0,14980.66,1720869.0,64701.9,0.0,31.339036265979573,65.15800604229608,2.7506925207756234
yellow,CRZ,AIRPORT,3,2024,6465.0,91579.15,10272951.0,384416.83999999997,0.0,32.09252531234696,59.46122815158545,17.859116022099446
yellow,CRZ,AIRPORT,3,2025,5548.0,77516.62,8711364.0,328732.52999999997,0.0,32.03399972725281,59.252438716654645,15.368421052631579
yellow,CRZ,AIRPORT,4,2024,18626.0,265590.42,29491311.0,1107168.95,0.0,32.42058354069101,59.44212122839042,51.45303867403315
yellow,CRZ,AIRPORT,4,2025,16976.0,239397.75,26997450.0,1001735.42,0.0,31.922714923076068,59.008919651272386,47.02493074792244
yellow,CRZ,AIRPORT,5,2024,25637.0,362318.61,43111532.0,1515478.46,0.0,30.255176178846995,59.11294067168545,70.82044198895028
yellow,CRZ,AIRPORT,5,2025,22554.0,317575.14,38598925.0,1333449.41,0.0,29.619231727308467,59.12252416422807,62.47645429362881
yellow,CRZ,AIRPORT,6,2024,29059.0,409061.92,53094925.0,1719364.74,0.0,27.735662344376603,59.168062906500566,80.27348066298343
yellow,CRZ,AIRPORT,6,2025,24944.0,347724.24,45551811.0,1466409.5,0.0,27.480954906490982,58.78806526619628,69.09695290858726
yellow,CRZ,AIRPORT,7,2024,32077.0,438239.46,63444433.0,1867903.23,0.0,24.866831988237646,58.23185553511862,88.61049723756906
yellow,CRZ,AIRPORT,7,2025,28187.0,383192.27,56009571.0,1642219.29,0.0,24.629579326719,58.261584773122365,78.0803324099723
yellow,CRZ,AIRPORT,8,2024,34056.0,466468.57,71172622.0,2002027.23,0.0,23.594562133737323,58.78632928118393,94.07734806629834
yellow,CRZ,AIRPORT,8,2025,30060.0,408309.56,63437309.0,1771250.42,0.0,23.17113445023338,58.92383300066533,83.26869806094183
yellow,CRZ,AIRPORT,9,2024,33530.0,457829.41,70877806.0,1984689.1,0.0,23.2539065331678,59.191443483447664,92.62430939226519
yellow,CRZ,AIRPORT,9,2025,29655.0,401363.35000000003,64028689.0,1758368.8299999998,0.0,22.566572618720965,59.294177373124256,82.14681440443213
yellow,CRZ,AIRPORT,10,2024,36748.0,501980.1,79778281.0,2179135.52,0.0,22.651883913116652,59.29943180581256,101.51381215469613
yellow,CRZ,AIRPORT,10,2025,32332.0,435843.94,70154990.0,1908341.81,0.0,22.36531120594558,59.02331467277001,89.5623268698061
yellow,CRZ,AIRPORT,11,2024,44155.0,614141.14,100468263.0,2666943.4899999998,0.0,22.006034920699285,60.399580794926955,121.97513812154696
yellow,CRZ,AIRPORT,11,2025,39463.0,539949.11,89424106.0,2367777.07,0.0,21.73705595670143,59.99992575323721,109.3157894736842
yellow,CRZ,AIRPORT,12,2024,50875.0,727009.83,127934266.0,3154418.01,0.0,20.457657434795458,62.00330240786241,140.53867403314916
yellow,CRZ,AIRPORT,12,2025,46355.0,648968.86,114953890.0,2856408.55,0.0,20.323695840132075,61.62029015208715,128.40720221606648
yellow,CRZ,AIRPORT,13,2024,58800.0,861162.86,161811979.0,3762470.33,0.0,19.159189048667404,63.987590646258504,162.43093922651934
yellow,CRZ,AIRPORT,13,2025,52054.0,751560.05,140106697.0,3331409.62,0.0,19.311112444539322,63.99910900219004,144.1939058171745
yellow,CRZ,AIRPORT,14,2024,64768.0,955776.63,195058188.0,4255451.38,0.0,17.63984328614803,65.70299190958498,178.91712707182322
yellow,CRZ,AIRPORT,14,2025,55471.0,804790.8,164437072.0,3640025.72,0.0,17.619183100025037,65.62033711308612,153.65927977839334
yellow,CRZ,AIRPORT,15,2024,58666.0,842750.2999999999,189416857.0,3867044.46,0.0,16.017059558748773,65.91627961681382,162.060773480663
yellow,CRZ,AIRPORT,15,2025,49217.0,687371.11,155114182.0,3238341.82,0.0,15.95299645779649,65.79722087896458,136.33518005540165
yellow,CRZ,AIRPORT,16,2024,52369.0,754123.9,179277293.0,3469959.21,0.0,15.143278853502101,66.25979510779278,144.6657458563536
yellow,CRZ,AIRPORT,16,2025,43238.0,607910.37,142557477.0,2852110.27,0.0,15.35154365842207,65.96304801332161,119.77285318559557
yellow,CRZ,AIRPORT,17,2024,37863.0,544299.37,123955192.0,2507860.54,0.0,15.80795205415841,66.2351250561234,104.5939226519337
yellow,CRZ,AIRPORT,17,2025,32153.0,452201.68,101910140.0,2118229.93,0.0,15.974132191359958,65.87969800640687,89.06648199445983
yellow,CRZ,AIRPORT,18,2024,22947.0,339382.3,64875093.0,1502284.7,0.0,18.832748031667563,65.46758617684229,63.389502762430936
yellow,CRZ,AIRPORT,18,2025,19558.0,280381.1,53447469.0,1274454.1,0.0,18.88530886280134,65.16280294508641,54.177285318559555
yellow,CRZ,AIRPORT,19,2024,12081.0,184845.09,30040763.0,794676.45,0.0,22.15131233517604,65.77902905388626,33.37292817679558
yellow,CRZ,AIRPORT,19,2025,10782.0,159714.66,25902011.0,702820.51,0.0,22.197997522277323,65.18461417176776,29.867036011080334
yellow,CRZ,AIRPORT,20,2024,5646.0,90696.79,13549361.0,381578.28,0.0,24.097700548387483,67.583825717322,15.596685082872929
yellow,CRZ,AIRPORT,20,2025,5200.0,81515.88,12123289.0,347257.85,0.0,24.206068831651216,66.78035576923077,14.404432132963988
yellow,CRZ,AIRPORT,21,2024,2925.0,48530.05,7070175.0,200165.02,0.0,24.710587786016614,68.43248547008547,8.08011049723757
yellow,CRZ,AIRPORT,21,2025,2716.0,44268.74,6392808.0,185148.35,0.0,24.929180416493033,68.16949558173785,7.523545706371191
yellow,CRZ,AIRPORT,22,2024,1753.0,29313.86,4441528.0,119422.53,0.0,23.759817792435395,68.12466058185967,4.842541436464089
yellow,CRZ,AIRPORT,22,2025,1568.0,25448.21,3811243.0,105851.75,0.0,24.03771053170842,67.50749362244898,4.3434903047091415
yellow,CRZ,AIRPORT,23,2024,784.0,12922.05,1997379.0,51772.76,0.0,23.29021182259351,66.03668367346938,2.165745856353591
yellow,CRZ,AIRPORT,23,2025,698.0,11206.41,1778637.0,46026.08,0.0,22.682017747297508,65.93994269340975,1.9335180055401662
yellow,CRZ,CRZ,0,2024,585169.0,1010779.3799999999,366463143.0,7141182.630000002,0.0,9.929527259443931,12.20362430340637,1616.488950276243
yellow,CRZ,CRZ,0,2025,655987.0,1161700.4100000001,416027151.0,8480834.55,0.0,10.052520528882502,12.928357650380267,1817.1385041551246
yellow,CRZ,CRZ,1,2024,429454.0,736472.29,252787077.0,5034661.6400000015,0.0,10.488274461910091,11.723401435310887,1186.3370165745857
yellow,CRZ,CRZ,1,2025,475851.0,837028.7000000002,287255649.0,5895033.8,0.0,10.489970625434072,12.388402672265057,1318.1468144044322
yellow,CRZ,CRZ,2,2024,292366.0,502640.98,162322742.0,3329730.7600000016,0.0,11.147590939536986,11.388912390633664,807.6408839779006
yellow,CRZ,CRZ,2,2025,321740.0,569611.75,183762752.0,3843324.51,0.0,11.158965991105749,11.945435786660035,891.2465373961219
yellow,CRZ,CRZ,3,2024,178980.0,312541.41,94254982.0,2003215.2200000007,0.0,11.937290232573593,11.192397027600853,494.41988950276243
yellow,CRZ,CRZ,3,2025,198945.0,357691.86,107751821.0,2309569.5200000005,0.0,11.95052375031323,11.609085526150446,551.0941828254847
yellow,CRZ,CRZ,4,2024,92506.0,163692.86000000002,46373891.0,1042864.73,0.0,12.70745851367098,11.27348204440793,255.5414364640884
yellow,CRZ,CRZ,4,2025,111387.0,202313.05,57208691.0,1350539.75,0.0,12.731054797250996,12.124751990806827,308.55124653739614
yellow,CRZ,CRZ,5,2024,75454.0,117572.39,32736034.0,757923.7899999999,0.0,12.929501600590957,10.04484573382458,208.4364640883978
yellow,CRZ,CRZ,5,2025,92143.0,154417.74,42018951.0,987464.45,0.0,13.229836794355004,10.716651834648317,255.2437673130194
yellow,CRZ,CRZ,6,2024,179537.0,288704.44,86590327.0,1885383.75,0.0,12.002910948702157,10.501366013690772,495.9585635359116
yellow,CRZ,CRZ,6,2025,197686.0,337579.11,100356543.0,2163374.52,0.0,12.109671772970497,10.94348876501118,547.606648199446
yellow,CRZ,CRZ,7,2024,358920.0,606851.6799999999,213195773.0,4204955.04,0.0,10.247229657785006,11.715577398863257,991.4917127071823
yellow,CRZ,CRZ,7,2025,382455.0,669928.4,232651713.0,4611303.050000001,0.0,10.366320578090908,12.057112732216863,1059.4321329639888
yellow,CRZ,CRZ,8,2024,560401.0,959845.9799999999,404494652.0,7389820.510000001,0.0,8.54262352027339,13.186665459197968,1548.0690607734807
yellow,CRZ,CRZ,8,2025,614759.0,1086885.92,450046554.0,8363324.03,0.0,8.694187917279331,13.604231951057244,1702.9335180055402
yellow,CRZ,CRZ,9,2024,624463.0,1047702.2100000001,481717707.0,8429859.870000001,0.0,7.829747383564625,13.499374454531335,1725.03591160221
yellow,CRZ,CRZ,9,2025,688899.0,1183297.3099999998,536786287.0,9445039.199999997,0.0,7.935877683849996,13.710339541790592,1908.3074792243767
yellow,CRZ,CRZ,10,2024,658884.0,1108053.3699999999,531482297.0,9071691.82,0.0,7.50540921967905,13.768268496427293,1820.121546961326
yellow,CRZ,CRZ,10,2025,706259.0,1207847.8800000001,574624054.0,9802510.99,0.0,7.567125562759683,13.879484707451516,1956.3961218836564
yellow,CRZ,CRZ,11,2024,735780.0,1237720.6900000002,625455950.0,10451901.98,0.0,7.124074019920989,14.205199896708256,2032.5414364640883
yellow,CRZ,CRZ,11,2025,779231.0,1331686.71,667705669.0,11175236.299999999,0.0,7.179918306190088,14.34136514076057,2158.534626038781
yellow,CRZ,CRZ,12,2024,790694.0,1309254.46,681536499.0,11290350.53,0.0,6.9157206736773755,14.279039084652217,2184.2375690607737
yellow,CRZ,CRZ,12,2025,836554.0,1407735.93,722845812.0,12042723.719999999,0.0,7.010968679445016,14.395632224578447,2317.324099722992
yellow,CRZ,CRZ,13,2024,832038.0,1379872.2000000002,715463995.0,11873683.350000001,0.0,6.94310259456173,14.270602244128275,2298.4475138121547
yellow,CRZ,CRZ,13,2025,894117.0,1503807.25,771408672.0,12876375.95,0.0,7.017948198539308,14.401220366014737,2476.7783933518003
yellow,CRZ,CRZ,14,2024,865111.0,1440366.6600000001,739632323.0,12289786.859999998,0.0,7.010672485172069,14.206023111485113,2389.8093922651933
yellow,CRZ,CRZ,14,2025,917550.0,1551322.79,782120275.0,13121415.6,0.0,7.140541196173441,14.300491090403792,2541.6897506925206
yellow,CRZ,CRZ,15,2024,897038.0,1485128.5799999998,769899909.0,12753613.08,0.0,6.944360981863682,14.217472481656296,2478.0055248618783
yellow,CRZ,CRZ,15,2025,958435.0,1601009.62,818714033.0,13763258.82,0.0,7.039863004278077,14.360137954060527,2654.94459833795
yellow,CRZ,CRZ,16,2024,954582.0,1577623.6800000002,825198526.0,13645197.659999998,0.0,6.882519865286333,14.294421704997578,2636.966850828729
yellow,CRZ,CRZ,16,2025,998703.0,1643967.1200000008,849549969.0,14272532.94,0.0,6.966372606624158,14.291068455787155,2766.490304709141
yellow,CRZ,CRZ,17,2024,1119741.0,1855748.5700000003,978391711.0,16143822.040000001,0.0,6.8282414669802955,14.417460859252275,3093.207182320442
yellow,CRZ,CRZ,17,2025,1169921.0,1920954.0100000012,998109093.0,16819002.970000003,0.0,6.9285356525651896,14.376186913475356,3240.7783933518003
yellow,CRZ,CRZ,18,2024,1231206.0,2012031.0600000005,1016415139.0,17086121.19,0.0,7.126332084276444,13.8775486717901,3401.1215469613257
yellow,CRZ,CRZ,18,2025,1284730.0,2083650.210000002,1040830010.0,17884683.63,0.0,7.206883625501927,13.920966763444458,3558.808864265928
yellow,CRZ,CRZ,19,2024,1106745.0,1821620.6500000004,858676168.0,14797945.379999999,0.0,7.6371449265609535,13.370690972175161,3057.306629834254
yellow,CRZ,CRZ,19,2025,1179144.0,1928634.3900000013,908578777.0,15880250.409999998,0.0,7.641697098544494,13.467609053686402,3266.3268698060942
yellow,CRZ,CRZ,20,2024,1001193.0,1727195.8900000001,749559606.0,13185672.03,0.0,8.295411271135121,13.16996026740099,2765.7265193370167
yellow,CRZ,CRZ,20,2025,1133866.0,2011922.69,847828911.0,15176106.990000002,0.0,8.542904812548908,13.384391974007512,3140.9030470914126
yellow,CRZ,CRZ,21,2024,1016801.0,1802153.1099999999,744778004.0,13351881.600000003,0.0,8.710986577417772,13.131263246200588,2808.842541436464
yellow,CRZ,CRZ,21,2025,1155190.0,2097483.12,849209239.0,15795551.000000002,0.0,8.891729959146147,13.673552402635066,3199.972299168975
yellow,CRZ,CRZ,22,2024,957763.0,1709281.72,688724938.0,12613840.570000002,0.0,8.93450179090219,13.17010635198896,2645.754143646409
yellow,CRZ,CRZ,22,2025,1085290.0,1970725.51,785346145.0,14952900.360000001,0.0,9.033738665642778,13.777792442572954,3006.343490304709
yellow,CRZ,CRZ,23,2024,774887.0,1362772.68,525928900.0,9878613.540000003,0.0,9.328222214067338,12.748456923396576,2140.57182320442
yellow,CRZ,CRZ,23,2025,869858.0,1561220.05,592752438.0,11603252.64,0.0,9.481854176701,13.339249210790728,2409.5789473684213
yellow,CRZ,CRZ_PARTIAL,0,2024,67624.0,195171.06,56392292.0,1118850.18,0.0,12.459430022812336,16.545164142907844,186.80662983425415
yellow,CRZ,CRZ_PARTIAL,0,2025,71051.0,210088.42,59813972.0,1221715.1,0.0,12.644509078915542,17.19490366075073,196.81717451523545
yellow,CRZ,CRZ_PARTIAL,1,2024,42306.0,133690.29,35515399.0,725028.06,0.0,13.551446908987282,17.137712381222524,116.86740331491713
yellow,CRZ,CRZ_PARTIAL,1,2025,46103.0,148665.78,38962632.0,816107.77,0.0,13.73615642803597,17.70183653992148,127.70914127423822
yellow,CRZ,CRZ_PARTIAL,2,2024,26968.0,88471.81,21856038.0,462260.44,0.0,14.572564158243136,17.14107238208247,74.49723756906077
yellow,CRZ,CRZ_PARTIAL,2,2025,29783.0,99574.38,24588644.0,525354.8099999999,0.0,14.578590344388248,17.639418795957422,82.50138504155125
yellow,CRZ,CRZ_PARTIAL,3,2024,16021.0,51491.1,12290070.0,265708.16,0.0,15.082742409115651,16.584992197740466,44.25690607734806
yellow,CRZ,CRZ_PARTIAL,3,2025,18862.0,62276.99,14748567.0,320044.14,0.0,15.201284572257089,16.967667267522003,52.24930747922438
yellow,CRZ,CRZ_PARTIAL,4,2024,8857.0,25964.11,6056021.0,135983.49,0.0,15.434357972008353,15.353222310037257,24.46685082872928
yellow,CRZ,CRZ_PARTIAL,4,2025,10758.0,32752.4,7555568.0,175644.39,0.0,15.60552959089244,16.32686279977691,29.8005540166205
yellow,CRZ,CRZ_PARTIAL,5,2024,9722.0,21494.58,5404922.0,121773.31,0.0,14.316670619853536,12.525541040938078,26.85635359116022
yellow,CRZ,CRZ_PARTIAL,5,2025,11799.0,29628.39,7104667.0,159874.06,0.0,15.012977244394424,13.549797440461056,32.68421052631579
yellow,CRZ,CRZ_PARTIAL,6,2024,32191.0,72653.66,20392099.0,423245.01,0.0,12.826201755885945,13.147929856170979,88.92541436464089
yellow,CRZ,CRZ_PARTIAL,6,2025,33953.0,80323.05,22180517.0,458659.49,0.0,13.036800720199626,13.508658734132476,94.05263157894737
yellow,CRZ,CRZ_PARTIAL,7,2024,53044.0,111382.69,42397328.0,762478.97,0.0,9.457616857364219,14.374462144634643,146.5303867403315
yellow,CRZ,CRZ_PARTIAL,7,2025,56373.0,125792.66,45621872.0,834242.2,0.0,9.926238362161026,14.798612811097511,156.1578947368421
yellow,CRZ,CRZ_PARTIAL,8,2024,72805.0,143878.65,65721567.0,1112913.04,0.0,7.881174531337635,15.28621715541515,201.11878453038673
yellow,CRZ,CRZ_PARTIAL,8,2025,75111.0,157292.11000000002,67613436.0,1176390.63,0.0,8.37483833834447,15.66202859767544,208.06371191135733
yellow,CRZ,CRZ_PARTIAL,9,2024,90375.0,177621.76,89164671.0,1447341.99,0.0,7.171431563965508,16.014849128630704,249.65469613259668
yellow,CRZ,CRZ_PARTIAL,9,2025,94081.0,191639.55,92212401.0,1518998.29,0.0,7.481665942089503,16.145643541203857,260.612188365651
yellow,CRZ,CRZ_PARTIAL,10,2024,110355.0,216321.48,112684610.0,1802544.73,0.0,6.910946650123739,16.334055819854107,304.84806629834253
yellow,CRZ,CRZ_PARTIAL,10,2025,116404.0,235165.49,120403402.0,1931206.98,0.0,7.031327603185165,16.59055513556235,322.44875346260386
yellow,CRZ,CRZ_PARTIAL,11,2024,122964.0,239860.48,125844797.0,2010221.55,0.0,6.861608493833876,16.348049429101202,339.6795580110497
yellow,CRZ,CRZ_PARTIAL,11,2025,129293.0,259091.83,133402385.0,2142894.61,0.0,6.991858413925658,16.573941435344526,358.1523545706371
yellow,CRZ,CRZ_PARTIAL,12,2024,134532.0,259834.57,138304500.0,2203092.36,0.0,6.763369608364154,16.375972705378643,371.6353591160221
yellow,CRZ,CRZ_PARTIAL,12,2025,139615.0,278316.26,143939845.0,2308855.28,0.0,6.960814331848141,16.537301006338858,386.7451523545706
yellow,CRZ,CRZ_PARTIAL,13,2024,138529.0,272961.72,143777561.0,2288324.63,0.0,6.834600511828128,16.51874069689379,382.6767955801105
yellow,CRZ,CRZ_PARTIAL,13,2025,144930.0,293273.61,150491823.0,2419233.35,0.0,7.015563868875454,16.692426343752157,401.4681440443213
yellow,CRZ,CRZ_PARTIAL,14,2024,147637.0,291275.75,154916548.0,2452399.76,0.0,6.768758493121084,16.61101051904333,407.8370165745856
yellow,CRZ,CRZ_PARTIAL,14,2025,151200.0,306481.17,156875404.0,2515443.24,0.0,7.033175270739064,16.636529365079365,418.8365650969529
yellow,CRZ,CRZ_PARTIAL,15,2024,150311.0,296926.52,153919058.0,2456609.69,0.0,6.9447895919425395,16.34351238432317,415.22375690607737
yellow,CRZ,CRZ_PARTIAL,15,2025,156071.0,312398.95999999996,157553448.0,2551083.38,0.0,7.138125317320887,16.345659219201515,432.3296398891967
yellow,CRZ,CRZ_PARTIAL,16,2024,156914.0,307901.39,154568252.0,2498932.59,0.0,7.1712333526292324,15.925491606867455,433.4640883977901
yellow,CRZ,CRZ_PARTIAL,16,2025,162098.0,319736.87,154382397.0,2548383.26,0.0,7.455854775982005,15.721250478105835,449.02493074792244
yellow,CRZ,CRZ_PARTIAL,17,2024,183368.0,353912.35,177604863.0,2884183.71,0.0,7.173702557908,15.728936946468304,506.5414364640884
yellow,CRZ,CRZ_PARTIAL,17,2025,191538.0,370293.33999999997,179568994.0,2983394.0,0.0,7.4236425471092184,15.575990142948136,530.5761772853185
yellow,CRZ,CRZ_PARTIAL,18,2024,198446.0,384154.09,177224514.0,2974006.74,0.0,7.8034053686275024,14.986478639025227,548.1933701657458
yellow,CRZ,CRZ_PARTIAL,18,2025,205862.0,401868.00999999995,180584547.0,3092899.96,0.0,8.011343495520688,15.024142192342444,570.2548476454293
yellow,CRZ,CRZ_PARTIAL,19,2024,171859.0,353744.05,143894120.0,2517754.29,0.0,8.850108538139015,14.65011602534636,474.7486187845304
yellow,CRZ,CRZ_PARTIAL,19,2025,178446.0,368588.38999999996,147097800.0,2620599.61,0.0,9.020652953341246,14.685673032738194,494.31024930747924
yellow,CRZ,CRZ_PARTIAL,20,2024,159570.0,356935.55,132499342.0,2371964.42,0.0,9.697919707405038,14.864726577677509,440.8011049723757
yellow,CRZ,CRZ_PARTIAL,20,2025,172040.0,393548.11000000004,141750590.0,2581486.2800000003,0.0,9.994831033860248,15.005151592652872,476.56509695290856
yellow,CRZ,CRZ_PARTIAL,21,2024,173952.0,409515.64,146906485.0,2657878.72,0.0,10.035338494417044,15.279380058866815,480.5303867403315
yellow,CRZ,CRZ_PARTIAL,21,2025,185881.0,446650.1,157169045.0,2909559.04,0.0,10.230642808830453,15.652804966618428,514.9058171745153
yellow,CRZ,CRZ_PARTIAL,22,2024,157825.0,385248.83,133839019.0,2466713.72,0.0,10.362417465119048,15.629423221923018,435.9806629834254
yellow,CRZ,CRZ_PARTIAL,22,2025,165211.0,411003.78,140525226.0,2655026.19,0.0,10.529167254283584,16.070517035790594,457.6481994459834
yellow,CRZ,CRZ_PARTIAL,23,2024,107022.0,281854.93,90709556.0,1720344.15,0.0,11.18600721626286,16.074677636373828,295.64088397790056
yellow,CRZ,CRZ_PARTIAL,23,2025,109283.0,296161.52,93448007.0,1817844.9100000001,0.0,11.40935485119549,16.634288132646432,302.7229916897507
yellow,CRZ,MN_NORTH,0,2024,114284.0,548288.96,125290648.0,2675379.83,0.0,15.754090887932831,23.40992466136992,315.70165745856355
yellow,CRZ,MN_NORTH,0,2025,130527.0,660191.28,147865021.0,3154750.82,0.0,16.073366046456652,24.169335233323373,361.5706371191136
yellow,CRZ,MN_NORTH,1,2024,72875.0,372186.18,79124203.0,1744175.85,0.0,16.933759800398875,23.933802401372215,201.3121546961326
yellow,CRZ,MN_NORTH,1,2025,89630.0,480102.87,100468997.0,2193318.9899999998,0.0,17.20302166448422,24.470813232176724,248.28254847645428
yellow,CRZ,MN_NORTH,2,2024,48485.0,256519.55,51439303.0,1170978.3,0.0,17.95262233627077,24.151351964525112,133.9364640883978
yellow,CRZ,MN_NORTH,2,2025,62606.0,350127.84,69392999.0,1539292.79,0.0,18.164083440175286,24.58698511324793,173.42382271468145
yellow,CRZ,MN_NORTH,3,2024,31374.0,171294.43,32657107.0,765195.1,0.0,18.88287128434249,24.389465799706763,86.66850828729282
yellow,CRZ,MN_NORTH,3,2025,41905.0,240778.99000000002,45470974.0,1022439.15,0.0,19.06280617608939,24.39897744899177,116.0803324099723
yellow,CRZ,MN_NORTH,4,2024,20730.0,114315.68,20688305.0,501003.65,0.0,19.892226453544648,24.16804872165943,57.26519337016575
yellow,CRZ,MN_NORTH,4,2025,27330.0,158855.03,28459817.0,677826.29,0.0,20.094229980466846,24.801547383827298,75.70637119113573
yellow,CRZ,MN_NORTH,5,2024,8995.0,42742.86,7851642.0,191792.38,0.0,19.597721852320827,21.322110061145082,24.84806629834254
yellow,CRZ,MN_NORTH,5,2025,14063.0,73728.19,13234039.0,312732.56,0.0,20.055969609882517,22.237969138875062,38.95567867036011
yellow,CRZ,MN_NORTH,6,2024,17634.0,75109.19,16047190.0,354650.5,0.0,16.849871161243808,20.11174435749121,48.71270718232044
yellow,CRZ,MN_NORTH,6,2025,23730.0,111131.47,22956860.0,492585.35000000003,0.0,17.427178281350326,20.75791613990729,65.73407202216066
yellow,CRZ,MN_NORTH,7,2024,31690.0,117505.92,35777185.0,663553.7,0.0,11.82377294356725,20.93889870621647,87.54143646408839
yellow,CRZ,MN_NORTH,7,2025,39243.0,164685.33,46170203.0,851671.69,0.0,12.84090494468911,21.702512295186402,108.70637119113573
yellow,CRZ,MN_NORTH,8,2024,40625.0,145790.33,48667743.0,879115.49,0.0,10.784251655146614,21.639765907692308,112.22375690607734
yellow,CRZ,MN_NORTH,8,2025,47550.0,185994.99,57762894.0,1054162.0,0.0,11.591904726934214,22.169547844374343,131.71745152354572
yellow,CRZ,MN_NORTH,9,2024,56793.0,192704.05,70921885.0,1224648.39,0.0,9.781671482646011,21.56336854894089,156.88674033149172
yellow,CRZ,MN_NORTH,9,2025,62590.0,229658.79,78684516.0,1369941.63,0.0,10.507424916993834,21.887548010864354,173.37950138504155
yellow,CRZ,MN_NORTH,10,2024,73488.0,242523.18,94872799.0,1598299.06,0.0,9.202674077319042,21.749116318310474,203.00552486187846
yellow,CRZ,MN_NORTH,10,2025,78865.0,277259.54000000004,103644248.0,1745229.5999999999,0.0,9.630388210255528,22.129329867495084,218.46260387811634
yellow,CRZ,MN_NORTH,11,2024,81689.0,270298.62,106190882.0,1781147.39,0.0,9.16345183007332,21.804005312832818,225.66022099447514
yellow,CRZ,MN_NORTH,11,2025,88639.0,312517.85,117615921.0,1975009.64,0.0,9.565577945863298,22.281497309310797,245.53739612188366
yellow,CRZ,MN_NORTH,12,2024,92092.0,306279.38,122055071.0,2032042.06,0.0,9.033674381296292,22.06534834730487,254.3977900552486
yellow,CRZ,MN_NORTH,12,2025,97656.0,344795.07,130519613.0,2186610.7399999998,0.0,9.51015884486265,22.390951298435322,270.51523545706374
yellow,CRZ,MN_NORTH,13,2024,100261.0,336127.08,134535846.0,2234487.76,0.0,8.994312846555408,22.286709288756345,276.9640883977901
yellow,CRZ,MN_NORTH,13,2025,108938.0,388859.94,149169422.0,2485646.45,0.0,9.384602857816262,22.817074390937968,301.7673130193906
yellow,CRZ,MN_NORTH,14,2024,116257.0,383861.42,162422475.0,2632487.34,0.0,8.508065844951568,22.64368889615249,321.15193370165747
yellow,CRZ,MN_NORTH,14,2025,124434.0,435604.0,175448756.0,2860932.49,0.0,8.938076483141323,22.991565729623737,344.6925207756233
yellow,CRZ,MN_NORTH,15,2024,122707.0,405415.68,170586319.0,2753713.21,0.0,8.555764943846405,22.441370174480674,338.9696132596685
yellow,CRZ,MN_NORTH,15,2025,132744.0,454139.94,187044264.0,3048312.5500000003,0.0,8.740732001276447,22.963844316880614,367.71191135734074
yellow,CRZ,MN_NORTH,16,2024,132565.0,432245.85000000003,176161531.0,2880451.76,0.0,8.833285287467218,21.728599253196542,366.20165745856355
yellow,CRZ,MN_NORTH,16,2025,138597.0,461614.47000000003,182217712.0,3019839.64,0.0,9.119926234174207,21.788636406271422,383.9252077562327
yellow,CRZ,MN_NORTH,17,2024,159645.0,519409.16,205364930.0,3417695.11,0.0,9.105123138600149,21.408093645275454,441.00828729281767
yellow,CRZ,MN_NORTH,17,2025,169477.0,559368.3099999999,215326328.0,3634951.88,0.0,9.351972583677737,21.448054190244104,469.46537396121886
yellow,CRZ,MN_NORTH,18,2024,175976.0,581100.93,207059108.0,3612191.58,0.0,10.103218197964999,20.526614879301725,486.121546961326
yellow,CRZ,MN_NORTH,18,2025,184139.0,615471.91,215270743.0,3804898.02,0.0,10.29261498855885,20.663183899119687,510.0803324099723
yellow,CRZ,MN_NORTH,19,2024,171274.0,600258.02,189169349.0,3480198.88,0.0,11.423250560533463,20.31948153251515,473.1325966850829
yellow,CRZ,MN_NORTH,19,2025,182898.0,650027.85,204297776.0,3778988.29,0.0,11.454359933903538,20.66172560662227,506.6426592797784
yellow,CRZ,MN_NORTH,20,2024,189479.0,706586.01,205837788.0,3896239.34,0.0,12.357836045148328,20.562908501733702,523.4226519337017
yellow,CRZ,MN_NORTH,20,2025,211313.0,828932.01,234170484.0,4447138.55,0.0,12.743515685777034,21.04526721025209,585.3545706371191
yellow,CRZ,MN_NORTH,21,2024,224633.0,878575.81,246612838.0,4747248.0,0.0,12.82525655051259,21.133350843375638,620.5331491712707
yellow,CRZ,MN_NORTH,21,2025,245932.0,1000784.29,275114995.0,5337082.82,0.0,13.095700014461226,21.701457394726997,681.2520775623269
yellow,CRZ,MN_NORTH,22,2024,221698.0,911553.3200000001,245220708.0,4835874.34,0.0,13.382197526319842,21.81289114019973,612.4254143646409
yellow,CRZ,MN_NORTH,22,2025,237937.0,1020698.02,269891765.0,5368191.08,0.0,13.614764689096756,22.56139684034009,659.1052631578947
yellow,CRZ,MN_NORTH,23,2024,167127.0,749068.8,187704110.0,3810509.78,0.0,14.366481799466193,22.800084845656297,461.6767955801105
yellow,CRZ,MN_NORTH,23,2025,179990.0,846109.52,207272283.0,4233147.17,0.0,14.695617898896787,23.51879087727096,498.58725761772854
yellow,CRZ,OUTER,0,2024,68759.0,418004.52999999997,101212293.0,2077895.74,0.0,14.867920322682542,30.219981965997178,189.94198895027625
yellow,CRZ,OUTER,0,2025,85883.0,557730.32,125964909.0,2589250.08,0.0,15.939591176142553,30.148575154570754,237.90304709141273
yellow,CRZ,OUTER,1,2024,48535.0,291342.45,64676661.0,1400210.3699999999,0.0,16.216557932698475,28.84949768208509,134.0745856353591
yellow,CRZ,OUTER,1,2025,61009.0,392873.68,82535518.0,1764028.1600000001,0.0,17.13620126549639,28.91422839253225,169.0
yellow,CRZ,OUTER,2,2024,35050.0,212660.66,44460999.0,1003629.98,0.0,17.219099732779284,28.634236233951498,96.8232044198895
yellow,CRZ,OUTER,2,2025,45185.0,298506.54,58977462.0,1295087.06,0.0,18.220918763849145,28.66188027000111,125.16620498614958
yellow,CRZ,OUTER,3,2024,24607.0,153898.7,30827697.0,714476.65,0.0,17.971998362381726,29.035504124842525,67.97513812154696
yellow,CRZ,OUTER,3,2025,33488.0,227648.48,43240651.0,961720.25,0.0,18.952872101763685,28.71835433588151,92.7645429362881
yellow,CRZ,OUTER,4,2024,15919.0,105759.0,20240168.0,481450.04,0.0,18.810733191542678,30.243736415603994,43.97513812154696
yellow,CRZ,OUTER,4,2025,23186.0,164409.21,29928386.0,694323.2,0.0,19.77631389811666,29.945794876218407,64.22714681440443
yellow,CRZ,OUTER,5,2024,5695.0,42348.06,7801251.0,187782.05,0.0,19.542124205463967,32.973143107989465,15.732044198895027
yellow,CRZ,OUTER,5,2025,10066.0,78244.19,13877181.0,314817.92,0.0,20.298004616355442,31.275374528114444,27.883656509695292
yellow,CRZ,OUTER,6,2024,5662.0,42614.3,8581256.0,190843.32,0.0,17.877508840197752,33.70599081596609,15.640883977900552
yellow,CRZ,OUTER,6,2025,9451.0,77242.59,14934595.0,308413.77,0.0,18.619408427212118,32.63292455824781,26.18005540166205
yellow,CRZ,OUTER,7,2024,7818.0,60568.69,13745772.0,279631.66,0.0,15.86286197675911,35.76767203888462,21.596685082872927
yellow,CRZ,OUTER,7,2025,13728.0,111671.0,24356874.0,465956.39,0.0,16.505221482855312,33.94204472610723,38.02770083102493
yellow,CRZ,OUTER,8,2024,11843.0,90110.21,21731301.0,427767.94,0.0,14.927627020581973,36.11989698556109,32.71546961325967
yellow,CRZ,OUTER,8,2025,17178.0,132594.81,31400808.0,595216.74,0.0,15.201561564912597,34.64994411456514,47.58448753462604
yellow,CRZ,OUTER,9,2024,16662.0,127957.05,31603431.0,612482.13,0.0,14.575802861404512,36.759220381706875,46.027624309392266
yellow,CRZ,OUTER,9,2025,22732.0,172623.48,42482558.0,794461.09,0.0,14.628227612847608,34.949018564138655,62.96952908587257
yellow,CRZ,OUTER,10,2024,21307.0,162402.42,43002727.0,788214.74,0.0,13.595619459203133,36.99322945510865,58.85911602209945
yellow,CRZ,OUTER,10,2025,28462.0,216750.51,56223987.0,998329.82,0.0,13.878450775822783,35.07588433701075,78.84210526315789
yellow,CRZ,OUTER,11,2024,26362.0,199625.01,55162773.0,965558.6900000001,0.0,13.027808373592821,36.626913360139596,72.8232044198895
yellow,CRZ,OUTER,11,2025,34601.0,263269.33999999997,70510238.0,1217627.45,0.0,13.441588780341373,35.19052773041241,95.84764542936288
yellow,CRZ,OUTER,12,2024,28310.0,213083.58,59841533.0,1036904.53,0.0,12.818870933670764,36.626793712469095,78.20441988950276
yellow,CRZ,OUTER,12,2025,37223.0,282710.02,77944942.0,1313404.25,0.0,13.057371599558058,35.284750020148834,103.11080332409972
yellow,CRZ,OUTER,13,2024,30309.0,222578.08000000002,65136397.0,1108563.04,0.0,12.301587513352944,36.575374971130685,83.72651933701657
yellow,CRZ,OUTER,13,2025,41009.0,303782.45,87365028.0,1436433.27,0.0,12.51778709439663,35.0272688921944,113.5983379501385
yellow,CRZ,OUTER,14,2024,33459.0,236533.9,75378349.0,1213128.6,0.0,11.296639569540055,36.25716847484982,92.42817679558011
yellow,CRZ,OUTER,14,2025,45141.0,328929.78,102759683.0,1587628.28,0.0,11.523461083467922,35.17042777076272,125.04432132963989
yellow,CRZ,OUTER,15,2024,36117.0,251434.26,88190571.0,1328956.95,0.0,10.26372009769616,36.795884209651966,99.7707182320442
yellow,CRZ,OUTER,15,2025,50083.0,355282.77999999997,123131280.0,1789074.0399999998,0.0,10.387433704904229,35.722181977916655,138.73407202216066
yellow,CRZ,OUTER,16,2024,37561.0,259972.32,93229887.0,1403114.1199999999,0.0,10.038630122977624,37.355611405447135,103.75966850828729
yellow,CRZ,OUTER,16,2025,52951.0,382523.52999999997,135661969.0,1912560.02,0.0,10.150853022043341,36.11943154992351,146.6786703601108
yellow,CRZ,OUTER,17,2024,44242.0,290823.42,99310817.0,1589478.31,0.0,10.542298851493689,35.92690904570318,122.21546961325967
yellow,CRZ,OUTER,17,2025,61030.0,414119.93,139461990.0,2136567.54,0.0,10.689878640050956,35.00848009175815,169.05817174515235
yellow,CRZ,OUTER,18,2024,50853.0,316892.72000000003,96314995.0,1696234.99,0.0,11.844612482199683,33.355652370558275,140.47790055248618
yellow,CRZ,OUTER,18,2025,67272.0,425144.58,127305239.0,2205847.03,0.0,12.022446994502717,32.7899724997027,186.34903047091413
yellow,CRZ,OUTER,19,2024,57842.0,359226.6,99675187.0,1860804.4,0.0,12.974299812449813,32.17047128384219,159.78453038674033
yellow,CRZ,OUTER,19,2025,76424.0,472848.19,130911266.0,2421156.5700000003,0.0,13.003109174729088,31.68057900659479,211.70083102493075
yellow,CRZ,OUTER,20,2024,68918.0,438349.46,114105019.0,2218504.02,0.0,13.829874179329483,32.19048753591225,190.38121546961327
yellow,CRZ,OUTER,20,2025,90523.0,594825.81,146948217.0,2851170.56,0.0,14.572296008191785,31.496642400273963,250.7562326869806
yellow,CRZ,OUTER,21,2024,86241.0,552677.7,138779034.0,2762766.79,0.0,14.336745707568477,32.03542155123433,238.23480662983425
yellow,CRZ,OUTER,21,2025,106281.0,697199.97,167275354.0,3343436.77,0.0,15.004720253050548,31.45846171940422,294.4072022160665
yellow,CRZ,OUTER,22,2024,95676.0,604578.46,154318705.0,3060685.94,0.0,14.10381493286896,31.990111835779086,264.29834254143645
yellow,CRZ,OUTER,22,2025,114293.0,750456.4,182068421.0,3640679.36,0.0,14.838614105408208,31.853913713000797,316.601108033241
yellow,CRZ,OUTER,23,2024,83605.0,522200.14,134843493.0,2657268.52,0.0,13.941499602060887,31.78360767896657,230.95303867403314
yellow,CRZ,OUTER,23,2025,102516.0,676759.35,162031540.0,3222633.67,0.0,15.036169254455027,31.435421495181238,283.9778393351801
yellow,CRZ_PARTIAL,AIRPORT,0,2024,29.0,448.85,58133.0,1801.8,0.0,27.795916260987738,62.13103448275862,0.08011049723756906
yellow,CRZ_PARTIAL,AIRPORT,0,2025,27.0,392.71,54574.0,1541.96,0.0,25.905302891486787,57.10962962962963,0.07479224376731301
yellow,CRZ_PARTIAL,AIRPORT,1,2024,18.0,279.9,32426.0,1179.86,0.0,31.07506322087214,65.54777777777777,0.049723756906077346
yellow,CRZ_PARTIAL,AIRPORT,1,2025,29.0,435.83,58283.0,1713.3,0.0,26.920165399859307,59.07931034482758,0.08033240997229917
yellow,CRZ_PARTIAL,AIRPORT,2,2024,83.0,1250.62,146371.0,5138.87,0.0,30.759043799659764,61.914096385542166,0.2292817679558011
yellow,CRZ_PARTIAL,AIRPORT,2,2025,75.0,1172.2,134467.0,4831.89,0.0,31.382569701116264,64.4252,0.2077562326869806
yellow,CRZ_PARTIAL,AIRPORT,3,2024,546.0,7596.12,903086.0,30884.38,0.0,30.28065101219596,56.564798534798534,1.5082872928176796
yellow,CRZ_PARTIAL,AIRPORT,3,2025,509.0,7185.01,850278.0,29839.18,0.0,30.42068123601928,58.623143418467585,1.4099722991689752
yellow,CRZ_PARTIAL,AIRPORT,4,2024,2434.0,32921.98,3820083.0,131609.63,0.0,31.025275628827963,54.07133525061627,6.723756906077348
yellow,CRZ_PARTIAL,AIRPORT,4,2025,2348.0,31083.09,3657815.0,125858.54,0.0,30.591794281558798,53.60244463373083,6.50415512465374
yellow,CRZ_PARTIAL,AIRPORT,5,2024,4520.0,61329.27,7579239.0,243091.92,0.0,29.13028234101075,53.7813982300885,12.486187845303867
yellow,CRZ_PARTIAL,AIRPORT,5,2025,4235.0,56991.94,7319636.0,228357.88999999998,0.0,28.03021680313065,53.92157969303423,11.731301939058172
yellow,CRZ_PARTIAL,AIRPORT,6,2024,5143.0,70928.73,9413251.0,282216.47,0.0,27.125955528010458,54.87390044720979,14.207182320441989
yellow,CRZ_PARTIAL,AIRPORT,6,2025,4577.0,61972.66,8429479.0,250416.0,0.0,26.466828614200235,54.71181996941228,12.678670360110804
yellow,CRZ_PARTIAL,AIRPORT,7,2024,5493.0,70537.33,10630040.0,291236.19,0.0,23.88837558466384,53.01951392681595,15.17403314917127
yellow,CRZ_PARTIAL,AIRPORT,7,2025,5117.0,65177.75,10002679.0,273637.1,0.0,23.457705680648154,53.47607973421926,14.174515235457063
yellow,CRZ_PARTIAL,AIRPORT,8,2024,5523.0,72356.01,11415375.0,301664.41,0.0,22.818491376761603,54.61966503711751,15.256906077348066
yellow,CRZ_PARTIAL,AIRPORT,8,2025,5358.0,67755.58,11103961.0,286688.22,0.0,21.966943868048528,53.506573348264276,14.842105263157896
yellow,CRZ_PARTIAL,AIRPORT,9,2024,5245.0,66506.75,10321967.0,276625.6,0.0,23.195607968907478,52.740819828408,14.488950276243093
yellow,CRZ_PARTIAL,AIRPORT,9,2025,4634.0,58072.91,9363735.0,246497.19,0.0,22.32682535334458,53.193178679326714,12.836565096952908
yellow,CRZ_PARTIAL,AIRPORT,10,2024,4894.0,63446.7,10033254.0,264514.39,0.0,22.765108906841192,54.048710666121785,13.519337016574585
yellow,CRZ_PARTIAL,AIRPORT,10,2025,4532.0,57800.75,9377061.0,243214.17,0.0,22.190609616381934,53.66596866725508,12.554016620498615
yellow,CRZ_PARTIAL,AIRPORT,11,2024,5430.0,70963.33,11675481.0,297548.2,0.0,21.88072491403138,54.797090239410686,15.0
yellow,CRZ_PARTIAL,AIRPORT,11,2025,5206.0,67052.14,11325926.0,286702.67,0.0,21.312844883500034,55.07158470995005,14.421052631578947
yellow,CRZ_PARTIAL,AIRPORT,12,2024,6360.0,86733.05,15236807.0,361530.2,0.0,20.49241550411448,56.844371069182394,17.569060773480665
yellow,CRZ_PARTIAL,AIRPORT,12,2025,6234.0,83429.58,14996990.0,353263.46,0.0,20.027117975006988,56.667221687520055,17.26869806094183
yellow,CRZ_PARTIAL,AIRPORT,13,2024,7284.0,105051.84,19321857.0,437945.77,0.0,19.57299570118959,60.124350631521146,20.12154696132597
yellow,CRZ_PARTIAL,AIRPORT,13,2025,6912.0,97058.37,18110897.0,409507.91,0.0,19.292812056741308,59.24593605324074,19.14681440443213
yellow,CRZ_PARTIAL,AIRPORT,14,2024,7288.0,107160.92,21403217.0,457574.02,0.0,18.02436110422092,62.78458013172338,20.132596685082873
yellow,CRZ_PARTIAL,AIRPORT,14,2025,6488.0,93917.48,19207462.0,406877.62,0.0,17.602686289318182,62.71233353884094,17.97229916897507
yellow,CRZ_PARTIAL,AIRPORT,15,2024,6583.0,94837.36,21173403.0,417093.79,0.0,16.124686995283657,63.35922679629348,18.185082872928177
yellow,CRZ_PARTIAL,AIRPORT,15,2025,5832.0,80351.39,18739225.0,367859.02,0.0,15.436337628690621,63.07596364883402,16.155124653739612
yellow,CRZ_PARTIAL,AIRPORT,16,2024,5745.0,82193.94,19096992.0,361259.57,0.0,15.494491697959553,62.8824316797215,15.870165745856353
yellow,CRZ_PARTIAL,AIRPORT,16,2025,4718.0,65182.26,15490247.0,296803.38,0.0,15.148637462010774,62.90872827469267,13.069252077562327
yellow,CRZ_PARTIAL,AIRPORT,17,2024,4492.0,63777.83,13859820.0,276994.8,0.0,16.56588527123729,61.6640249332146,12.408839779005525
yellow,CRZ_PARTIAL,AIRPORT,17,2025,3741.0,51781.72,11484554.0,233567.98,0.0,16.23173107114129,62.43463779738038,10.362880886426593
yellow,CRZ_PARTIAL,AIRPORT,18,2024,3028.0,45576.85,8407370.0,190470.73,0.0,19.5158129117667,62.90314729194188,8.3646408839779
yellow,CRZ_PARTIAL,AIRPORT,18,2025,2517.0,36065.36,6925408.0,157220.96,0.0,18.747674649637972,62.46363130711164,6.972299168975069
yellow,CRZ_PARTIAL,AIRPORT,19,2024,1724.0,26611.1,4304458.0,108902.35,0.0,22.255986700300014,63.16841647331787,4.762430939226519
yellow,CRZ_PARTIAL,AIRPORT,19,2025,1529.0,22569.25,3800067.0,95929.77,0.0,21.381017755739567,62.740202746893395,4.2354570637119116
yellow,CRZ_PARTIAL,AIRPORT,20,2024,866.0,14654.56,2098718.0,57638.6,0.0,25.13744867104585,66.55727482678984,2.3922651933701657
yellow,CRZ_PARTIAL,AIRPORT,20,2025,773.0,12475.19,1838875.0,50759.38,0.0,24.42291292230304,65.66543337645537,2.141274238227147
yellow,CRZ_PARTIAL,AIRPORT,21,2024,385.0,6717.18,961432.0,25775.54,0.0,25.151906739114153,66.94945454545454,1.0635359116022098
yellow,CRZ_PARTIAL,AIRPORT,21,2025,382.0,6443.59,941600.0,25690.44,0.0,24.635645709430758,67.25246073298429,1.0581717451523547
yellow,CRZ_PARTIAL,AIRPORT,22,2024,242.0,4196.61,622233.0,15971.42,0.0,24.27996586487698,65.99760330578512,0.6685082872928176
yellow,CRZ_PARTIAL,AIRPORT,22,2025,213.0,3673.5299999999997,568082.0,14077.1,0.0,23.27957583588285,66.08967136150235,0.590027700831025
yellow,CRZ_PARTIAL,AIRPORT,23,2024,101.0,1736.16,261027.0,6616.56,0.0,23.94455745957315,65.51049504950495,0.27900552486187846
yellow,CRZ_PARTIAL,AIRPORT,23,2025,72.0,1261.1499999999999,206441.0,4872.1,0.0,21.992433673543527,67.66805555555555,0.1994459833795014
yellow,CRZ_PARTIAL,CRZ,0,2024,28331.0,68797.0,20223693.0,407497.68,0.0,12.24648732553446,14.383455578694715,78.26243093922652
yellow,CRZ_PARTIAL,CRZ,0,2025,33351.0,87152.18000000001,25152748.0,510049.08,0.0,12.473700607186142,15.293366915534767,92.38504155124653
yellow,CRZ_PARTIAL,CRZ,1,2024,11539.0,28412.78,7463022.0,159222.83000000002,0.0,13.70570902779062,13.798667995493545,31.875690607734807
yellow,CRZ_PARTIAL,CRZ,1,2025,14065.0,36526.72,9704749.0,203677.67,0.0,13.549674700499725,14.481170991823676,38.961218836565095
yellow,CRZ_PARTIAL,CRZ,2,2024,5153.0,12556.91,3071284.0,68698.62,0.0,14.71855940381938,13.33177178342713,14.234806629834255
yellow,CRZ_PARTIAL,CRZ,2,2025,6467.0,16865.99,4113319.0,90470.95,0.0,14.761209621719106,13.989631977733106,17.914127423822716
yellow,CRZ_PARTIAL,CRZ,3,2024,3257.0,7961.54,1866753.0,43168.33,0.0,15.353688463337141,13.254015965612528,8.997237569060774
yellow,CRZ_PARTIAL,CRZ,3,2025,4450.0,11032.72,2583487.0,59866.79,0.0,15.373714673230404,13.453211235955056,12.326869806094184
yellow,CRZ_PARTIAL,CRZ,4,2024,3984.0,10101.69,2369910.0,55251.64,0.0,15.344921959061738,13.868383534136546,11.005524861878452
yellow,CRZ_PARTIAL,CRZ,4,2025,5269.0,13654.48,3183152.0,74508.08,0.0,15.442595264065304,14.140838868855571,14.595567867036012
yellow,CRZ_PARTIAL,CRZ,5,2024,8139.0,19558.079999999998,4591991.0,106181.11,0.0,15.333019598688235,13.045965106278413,22.483425414364643
yellow,CRZ_PARTIAL,CRZ,5,2025,10395.0,26108.17,6038292.0,141172.63,0.0,15.565562579616884,13.580820586820588,28.79501385041551
yellow,CRZ_PARTIAL,CRZ,6,2024,31182.0,74672.08,18496658.0,414895.11,0.0,14.533408575754605,13.305596497979604,86.13812154696133
yellow,CRZ_PARTIAL,CRZ,6,2025,33798.0,82227.33,20571881.0,451742.53,0.0,14.389466281668653,13.36595449434878,93.62326869806094
yellow,CRZ_PARTIAL,CRZ,7,2024,83236.0,179991.14,54471925.0,1109613.57,0.0,11.89545080332667,13.330933370176366,229.93370165745856
yellow,CRZ_PARTIAL,CRZ,7,2025,90210.0,201914.9,60381839.0,1232616.23,0.0,12.03828257036027,13.663853563906441,249.88919667590028
yellow,CRZ_PARTIAL,CRZ,8,2024,130819.0,284447.0,108041537.0,1976558.3699999999,0.0,9.477921440528933,15.109107774864507,361.378453038674
yellow,CRZ_PARTIAL,CRZ,8,2025,140291.0,320934.71,117952410.0,2190592.05,0.0,9.795178886128737,15.614629947751459,388.61772853185596
yellow,CRZ_PARTIAL,CRZ,9,2024,135216.0,286153.67,117203718.0,2070624.39,0.0,8.789424342323338,15.31345691338303,373.52486187845307
yellow,CRZ_PARTIAL,CRZ,9,2025,143090.0,312900.76,126640471.0,2239124.3,0.0,8.894808485037931,15.648363267873366,396.3711911357341
yellow,CRZ_PARTIAL,CRZ,10,2024,133109.0,279754.06,116555992.0,2031315.61,0.0,8.640607820488542,15.260542938494018,367.7044198895028
yellow,CRZ_PARTIAL,CRZ,10,2025,139801.0,300252.81,125269056.0,2168551.61,0.0,8.628708082545142,15.511703135170706,387.26038781163436
yellow,CRZ_PARTIAL,CRZ,11,2024,144199.0,301657.23,137888292.0,2316236.9,0.0,7.8756942467602675,16.062780601807223,398.33977900552486
yellow,CRZ_PARTIAL,CRZ,11,2025,148636.0,317384.86000000004,145122646.0,2425229.81,0.0,7.87324051409592,16.316570750020183,411.73407202216066
yellow,CRZ_PARTIAL,CRZ,12,2024,155826.0,327614.2,153943777.0,2555420.3,0.0,7.661310791406657,16.399190764057344,430.4585635359116
yellow,CRZ_PARTIAL,CRZ,12,2025,160037.0,343123.34,159694566.0,2652603.3800000004,0.0,7.735041053306723,16.574938170548062,443.3157894736842
yellow,CRZ_PARTIAL,CRZ,13,2024,157900.0,330506.59,155383819.0,2579961.31,0.0,7.657320637742853,16.339210322989235,436.1878453038674
yellow,CRZ_PARTIAL,CRZ,13,2025,165019.0,350587.14,163460623.0,2714904.18,0.0,7.721209431582798,16.45207024645647,457.1163434903047
yellow,CRZ_PARTIAL,CRZ,14,2024,165415.0,346999.13,165450021.0,2726539.65,0.0,7.550297427886093,16.48302542091104,456.9475138121547
yellow,CRZ_PARTIAL,CRZ,14,2025,170793.0,364735.0,170595028.0,2825270.79,0.0,7.696859723250551,16.542076021851013,473.1108033240997
yellow,CRZ_PARTIAL,CRZ,15,2024,165221.0,350482.18,170043397.0,2773565.09,0.0,7.420081404278227,16.7870009865574,456.41160220994476
yellow,CRZ_PARTIAL,CRZ,15,2025,172559.0,369762.06,177077821.0,2909683.51,0.0,7.517279174109557,16.861963212582364,478.0027700831025
yellow,CRZ_PARTIAL,CRZ,16,2024,165815.0,357992.89,176839239.0,2852264.98,0.0,7.287830524988857,17.201489491300546,458.0524861878453
yellow,CRZ_PARTIAL,CRZ,16,2025,168925.0,362472.22,177402648.0,2882885.91,0.0,7.3555835085392856,17.06607020867249,467.93628808864264
yellow,CRZ_PARTIAL,CRZ,17,2024,174010.0,377311.36000000004,185415147.0,3003329.0999999996,0.0,7.325835661096233,17.259520142520543,480.69060773480663
yellow,CRZ_PARTIAL,CRZ,17,2025,173847.0,373854.75,182719825.0,2982355.0,0.0,7.365796787513342,17.15505588247137,481.5706371191136
yellow,CRZ_PARTIAL,CRZ,18,2024,174247.0,375268.35,172812153.0,2875146.34,0.0,7.817540818440008,16.50040654932366,481.3453038674033
yellow,CRZ_PARTIAL,CRZ,18,2025,174749.0,374462.51,173104763.0,2894640.6,0.0,7.787567555261319,16.564561742842592,484.06925207756234
yellow,CRZ_PARTIAL,CRZ,19,2024,144177.0,319469.31,133554470.0,2298259.99,0.0,8.611389165783818,15.940545232596047,398.2790055248619
yellow,CRZ_PARTIAL,CRZ,19,2025,147726.0,328979.87,138071311.0,2386458.94,0.0,8.577651095092447,16.154630464508617,409.21329639889194
yellow,CRZ_PARTIAL,CRZ,20,2024,127044.0,291832.98,110327396.0,1964243.6400000001,0.0,9.522555286268155,15.461128742797772,350.9502762430939
yellow,CRZ_PARTIAL,CRZ,20,2025,134073.0,319560.81,117229934.0,2100272.09,0.0,9.813354633467592,15.665138320168863,371.393351800554
yellow,CRZ_PARTIAL,CRZ,21,2024,129592.0,299588.85,109557447.0,1976042.46,0.0,9.844331805212656,15.248182449533921,357.9889502762431
yellow,CRZ_PARTIAL,CRZ,21,2025,139446.0,335753.88,119537269.0,2185003.77,0.0,10.111607686135107,15.669174949442795,386.2770083102493
yellow,CRZ_PARTIAL,CRZ,22,2024,112316.0,265942.61000000004,95941592.0,1744475.97,0.0,9.978919215766194,15.531856280494319,310.2651933701657
yellow,CRZ_PARTIAL,CRZ,22,2025,121520.0,299072.34,105801657.0,1957331.48,0.0,10.176215141885727,16.10707274522712,336.6204986149584
yellow,CRZ_PARTIAL,CRZ,23,2024,63417.0,152530.49,50900438.0,958851.17,0.0,10.787918249347873,15.119781288928836,175.18508287292818
yellow,CRZ_PARTIAL,CRZ,23,2025,73112.0,184914.88999999998,59937710.0,1152839.75,0.0,11.106423718890827,15.768133138198928,202.52631578947367
yellow,CRZ_PARTIAL,CRZ_PARTIAL,0,2024,11003.0,12479.48,4230985.0,96237.95,0.0,10.618361445384465,8.746519131146052,30.395027624309392
yellow,CRZ_PARTIAL,CRZ_PARTIAL,0,2025,11566.0,13026.970000000001,4493258.0,103115.94,0.0,10.437213264851474,8.915436624589313,32.038781163434905
yellow,CRZ_PARTIAL,CRZ_PARTIAL,1,2024,5009.0,5504.39,1817710.0,42424.91,0.0,10.90152114473706,8.469736474346178,13.837016574585636
yellow,CRZ_PARTIAL,CRZ_PARTIAL,1,2025,5375.0,5854.75,1983062.0,45716.54,0.0,10.628563302609804,8.505402790697675,14.889196675900276
yellow,CRZ_PARTIAL,CRZ_PARTIAL,2,2024,2501.0,2552.5,840887.0,19853.3,0.0,10.92774653431436,7.938144742103159,6.9088397790055245
yellow,CRZ_PARTIAL,CRZ_PARTIAL,2,2025,2627.0,2797.46,924922.0,21837.98,0.0,10.888330042965787,8.312896840502475,7.2770083102493075
yellow,CRZ_PARTIAL,CRZ_PARTIAL,3,2024,1585.0,1618.95,516925.0,12453.43,0.0,11.27478841224549,7.857053627760252,4.378453038674033
yellow,CRZ_PARTIAL,CRZ_PARTIAL,3,2025,1827.0,1945.66,628564.0,15025.04,0.0,11.143457149948135,8.223886152162015,5.0609418282548475
yellow,CRZ_PARTIAL,CRZ_PARTIAL,4,2024,1506.0,1509.34,498265.0,12497.71,0.0,10.905088657642018,8.298612217795483,4.1602209944751385
yellow,CRZ_PARTIAL,CRZ_PARTIAL,4,2025,1699.0,1808.61,592252.0,14446.53,0.0,10.993624335586878,8.502960565038258,4.706371191135734
yellow,CRZ_PARTIAL,CRZ_PARTIAL,5,2024,3164.0,3446.63,1081684.0,26478.66,0.0,11.470880589895016,8.368729456384324,8.740331491712707
yellow,CRZ_PARTIAL,CRZ_PARTIAL,5,2025,3437.0,3939.52,1239594.0,29893.63,0.0,11.441062154221463,8.697593831830085,9.520775623268698
yellow,CRZ_PARTIAL,CRZ_PARTIAL,6,2024,11671.0,12903.1,4362362.0,99199.34,0.0,10.648167208498515,8.49964356096307,32.24033149171271
yellow,CRZ_PARTIAL,CRZ_PARTIAL,6,2025,11999.0,13331.11,4560086.0,101528.26,0.0,10.524362040540463,8.461393449454121,33.2382271468144
yellow,CRZ_PARTIAL,CRZ_PARTIAL,7,2024,34048.0,40177.17,17163759.0,332989.07999999996,0.0,8.426930953761351,9.779989426691728,94.05524861878453
yellow,CRZ_PARTIAL,CRZ_PARTIAL,7,2025,35077.0,41721.479999999996,18073349.0,350465.35,0.0,8.310431453517552,9.991314821678023,97.16620498614958
yellow,CRZ_PARTIAL,CRZ_PARTIAL,8,2024,52892.0,57377.93,27837993.0,523223.70999999996,0.0,7.420094832267542,9.892303372910837,146.11049723756906
yellow,CRZ_PARTIAL,CRZ_PARTIAL,8,2025,56069.0,59867.38,28569767.0,551141.73,0.0,7.5437285855358915,9.829705006331483,155.31578947368422
yellow,CRZ_PARTIAL,CRZ_PARTIAL,9,2024,65271.0,67881.86,33764147.0,630510.44,0.0,7.23769790482194,9.659886320111534,180.30662983425415
yellow,CRZ_PARTIAL,CRZ_PARTIAL,9,2025,67081.0,69342.74,34087036.0,644101.11,0.0,7.323425363237801,9.601841206899122,185.81994459833794
yellow,CRZ_PARTIAL,CRZ_PARTIAL,10,2024,77403.0,79394.61,40926832.0,750375.1799999999,0.0,6.983697052339648,9.694394015735824,213.82044198895028
yellow,CRZ_PARTIAL,CRZ_PARTIAL,10,2025,79842.0,81050.92,42060044.0,772243.51,0.0,6.9373040123305625,9.672146364069036,221.16897506925207
yellow,CRZ_PARTIAL,CRZ_PARTIAL,11,2024,88571.0,89810.43,48581350.0,874718.09,0.0,6.655178334896004,9.875897189825112,244.67127071823205
yellow,CRZ_PARTIAL,CRZ_PARTIAL,11,2025,90336.0,90035.88,49509409.0,891131.83,0.0,6.546819575244778,9.864636800389656,250.2382271468144
yellow,CRZ_PARTIAL,CRZ_PARTIAL,12,2024,100298.0,100942.40000000001,55509751.0,995653.14,0.0,6.546464962525233,9.926949091706714,277.0662983425414
yellow,CRZ_PARTIAL,CRZ_PARTIAL,12,2025,103341.0,102722.34,56932789.0,1023385.35,0.0,6.495385708225184,9.902994455250093,286.2631578947368
yellow,CRZ_PARTIAL,CRZ_PARTIAL,13,2024,98959.0,100099.97,54150600.0,977237.12,0.0,6.654771913884611,9.875171737790398,273.3674033149171
yellow,CRZ_PARTIAL,CRZ_PARTIAL,13,2025,101395.0,101338.61,54958254.0,996009.58,0.0,6.638111101564471,9.823064056413038,280.87257617728534
yellow,CRZ_PARTIAL,CRZ_PARTIAL,14,2024,104667.0,106977.95,59362992.0,1056762.15,0.0,6.487554063986532,10.096421508211757,289.1353591160221
yellow,CRZ_PARTIAL,CRZ_PARTIAL,14,2025,107361.0,108667.66,60383705.0,1078922.8399999999,0.0,6.478628232567048,10.049485753672188,297.398891966759
yellow,CRZ_PARTIAL,CRZ_PARTIAL,15,2024,106431.0,108828.07,60850418.0,1077945.21,0.0,6.438428278339847,10.128113143726921,294.00828729281767
yellow,CRZ_PARTIAL,CRZ_PARTIAL,15,2025,110344.0,112052.64,62972354.0,1120088.4,0.0,6.4058190360805005,10.150877256579424,305.66204986149586
yellow,CRZ_PARTIAL,CRZ_PARTIAL,16,2024,98436.0,101399.34,52993856.0,968293.0099999999,0.0,6.888300862650945,9.836777296923888,271.9226519337017
yellow,CRZ_PARTIAL,CRZ_PARTIAL,16,2025,99877.0,101061.56999999999,53332383.0,975828.84,0.0,6.821777530548372,9.77030587622776,276.66759002770084
yellow,CRZ_PARTIAL,CRZ_PARTIAL,17,2024,100840.0,104329.11,51706662.0,963829.19,0.0,7.263760248147522,9.55800466084887,278.56353591160223
yellow,CRZ_PARTIAL,CRZ_PARTIAL,17,2025,103195.0,104289.05,52784356.0,985689.59,0.0,7.112724459497053,9.551718494113086,285.85872576177286
yellow,CRZ_PARTIAL,CRZ_PARTIAL,18,2024,105126.0,107159.74,50582173.0,969998.5599999999,0.0,7.6267001024254135,9.227009112874075,290.4033149171271
yellow,CRZ_PARTIAL,CRZ_PARTIAL,18,2025,105837.0,105930.42,51599661.0,984161.33,0.0,7.390542972753251,9.298840008692611,293.17728531855954
yellow,CRZ_PARTIAL,CRZ_PARTIAL,19,2024,82856.0,84810.84000000001,36881004.0,737210.2399999999,0.0,8.278490032429703,8.89748768948537,228.88397790055248
yellow,CRZ_PARTIAL,CRZ_PARTIAL,19,2025,84060.0,84282.93,37435959.0,745850.86,0.0,8.10500267937573,8.872839162502974,232.85318559556788
yellow,CRZ_PARTIAL,CRZ_PARTIAL,20,2024,66454.0,71948.08,28316353.0,585219.0399999999,0.0,9.147120323016175,8.806377945646611,183.5745856353591
yellow,CRZ_PARTIAL,CRZ_PARTIAL,20,2025,67109.0,71881.59,28801064.0,592596.07,0.0,8.98486680908733,8.8303516666915,185.89750692520775
yellow,CRZ_PARTIAL,CRZ_PARTIAL,21,2024,63660.0,72415.87,27720305.0,573805.1799999999,0.0,9.404554964312261,9.013590637763116,175.85635359116023
yellow,CRZ_PARTIAL,CRZ_PARTIAL,21,2025,63593.0,72493.93,28314471.0,582892.03,0.0,9.217129573072368,9.16597785919834,176.1578947368421
yellow,CRZ_PARTIAL,CRZ_PARTIAL,22,2024,48719.0,57579.17,21572895.0,450902.27999999997,0.0,9.608585773953843,9.255162872801165,134.58287292817678
yellow,CRZ_PARTIAL,CRZ_PARTIAL,22,2025,48436.0,56369.47,21643761.0,455187.07,0.0,9.375916320643164,9.397701503014288,134.17174515235456
yellow,CRZ_PARTIAL,CRZ_PARTIAL,23,2024,24747.0,28717.44,10295542.0,223234.24,0.0,10.041509616492265,9.020658665696851,68.36187845303867
yellow,CRZ_PARTIAL,CRZ_PARTIAL,23,2025,25298.0,29629.79,10732184.0,235041.64,0.0,9.93900626377632,9.290917859119299,70.07756232686981
yellow,CRZ_PARTIAL,MN_NORTH,0,2024,21574.0,47542.69,11497435.0,266899.89,0.0,14.886249324305814,12.371367850190044,59.59668508287293
yellow,CRZ_PARTIAL,MN_NORTH,0,2025,23285.0,55973.18,13676161.0,305316.19,0.0,14.733918970389425,13.112140433755636,64.50138504155125
yellow,CRZ_PARTIAL,MN_NORTH,1,2024,9473.0,19931.75,4707598.0,112382.83,0.0,15.242231813336652,11.863488863084557,26.168508287292816
yellow,CRZ_PARTIAL,MN_NORTH,1,2025,10610.0,25221.25,5986074.0,134505.46,0.0,15.167954823144518,12.677234684260132,29.390581717451525
yellow,CRZ_PARTIAL,MN_NORTH,2,2024,4829.0,9938.88,2326347.0,55934.08,0.0,15.38032288390339,11.582952992337958,13.339779005524862
yellow,CRZ_PARTIAL,MN_NORTH,2,2025,5459.0,12820.82,2992098.0,67287.63,0.0,15.42561507009463,12.325999267265068,15.121883656509695
yellow,CRZ_PARTIAL,MN_NORTH,3,2024,3038.0,6649.53,1508745.0,36492.6,0.0,15.866371056739208,12.012047399605002,8.392265193370166
yellow,CRZ_PARTIAL,MN_NORTH,3,2025,3621.0,8827.45,1967503.0,44904.45,0.0,16.151853389804234,12.401118475559237,10.030470914127424
yellow,CRZ_PARTIAL,MN_NORTH,4,2024,2860.0,7021.89,1481331.0,36497.9,0.0,17.064926069865546,12.761503496503497,7.900552486187845
yellow,CRZ_PARTIAL,MN_NORTH,4,2025,3587.0,9310.8,2059778.0,48398.36,0.0,16.27305466899831,13.492712573180931,9.936288088642659
yellow,CRZ_PARTIAL,MN_NORTH,5,2024,3761.0,8463.39,1834966.0,45563.02,0.0,16.604233538932057,12.114602499335282,10.38950276243094
yellow,CRZ_PARTIAL,MN_NORTH,5,2025,4660.0,12117.87,2528260.0,60885.59,0.0,17.25468583136228,13.065577253218883,12.908587257617729
yellow,CRZ_PARTIAL,MN_NORTH,6,2024,12093.0,24738.01,5991822.0,138874.99,0.0,14.863064356718207,11.483915488299015,33.4060773480663
yellow,CRZ_PARTIAL,MN_NORTH,6,2025,14266.0,32797.98,7839411.0,172702.74,0.0,15.061428467011106,12.105897939156035,39.51800554016621
yellow,CRZ_PARTIAL,MN_NORTH,7,2024,48259.0,86604.5,30686754.0,595097.7,0.0,10.159960222576816,12.331330943450961,133.3121546961326
yellow,CRZ_PARTIAL,MN_NORTH,7,2025,52573.0,96907.11,34604264.0,661928.92,0.0,10.081578270238603,12.590662887794116,145.6315789473684
yellow,CRZ_PARTIAL,MN_NORTH,8,2024,65753.0,109302.34000000001,40552906.0,785882.98,0.0,9.703088207784667,11.952047511140176,181.63812154696132
yellow,CRZ_PARTIAL,MN_NORTH,8,2025,69754.0,120158.78,44337958.0,855588.79,0.0,9.756236586267685,12.26580253462167,193.22437673130193
yellow,CRZ_PARTIAL,MN_NORTH,9,2024,73447.0,118462.9,44361107.0,852115.62,0.0,9.613521141390814,11.601775702207034,202.89226519337018
yellow,CRZ_PARTIAL,MN_NORTH,9,2025,76626.0,126337.17,46984435.0,895803.3,0.0,9.68009537626663,11.690591966173361,212.26038781163436
yellow,CRZ_PARTIAL,MN_NORTH,10,2024,86978.0,137432.93,54366263.0,1016403.79,0.0,9.100470047021624,11.685757202970867,240.2707182320442
yellow,CRZ_PARTIAL,MN_NORTH,10,2025,90997.0,145972.94,58278626.0,1071810.3,0.0,9.017072296797114,11.77852346780663,252.06925207756234
yellow,CRZ_PARTIAL,MN_NORTH,11,2024,98063.0,154417.8,62095852.0,1148787.75,0.0,8.952354498654756,11.714793041208203,270.8922651933702
yellow,CRZ_PARTIAL,MN_NORTH,11,2025,101706.0,162388.81,66159176.0,1205821.36,0.0,8.836260536255772,11.855951074666196,281.73407202216066
yellow,CRZ_PARTIAL,MN_NORTH,12,2024,109988.0,174159.54,69486124.0,1289659.76,0.0,9.023015069886473,11.725458777321162,303.83425414364643
yellow,CRZ_PARTIAL,MN_NORTH,12,2025,114331.0,183923.13,74236249.0,1357816.68,0.0,8.91913690305123,11.876190009708653,316.70637119113576
yellow,CRZ_PARTIAL,MN_NORTH,13,2024,112841.0,181096.3,72021699.0,1334885.28,0.0,9.052086927302284,11.829789526856374,311.71546961325964
yellow,CRZ_PARTIAL,MN_NORTH,13,2025,116365.0,188834.49,75846355.0,1387079.3,0.0,8.96291145434741,11.920073046018992,322.34072022160666
yellow,CRZ_PARTIAL,MN_NORTH,14,2024,131658.0,213035.02,91321624.0,1629741.1,0.0,8.398077458631265,12.378595299943795,363.69613259668506
yellow,CRZ_PARTIAL,MN_NORTH,14,2025,138223.0,224777.84,97354457.0,1719997.3299999998,0.0,8.311897050589065,12.443640566331217,382.8891966759003
yellow,CRZ_PARTIAL,MN_NORTH,15,2024,140364.0,228053.24,98154291.0,1743085.51,0.0,8.364297226699952,12.418323145535892,387.74585635359114
yellow,CRZ_PARTIAL,MN_NORTH,15,2025,146903.0,239366.6,105108317.0,1849517.75,0.0,8.198397468394438,12.590061128772048,406.9335180055402
yellow,CRZ_PARTIAL,MN_NORTH,16,2024,135689.0,222481.97,88354106.0,1619460.3699999999,0.0,9.065057961199901,11.935089579848034,374.8314917127072
yellow,CRZ_PARTIAL,MN_NORTH,16,2025,138012.0,224420.67,90653583.0,1652300.25,0.0,8.912106783468227,11.972149160942527,382.30470914127426
yellow,CRZ_PARTIAL,MN_NORTH,17,2024,142533.0,235636.38999999998,88008382.0,1662541.75,0.0,9.638752408833058,11.66425845242856,393.73756906077347
yellow,CRZ_PARTIAL,MN_NORTH,17,2025,143665.0,235134.57,89633020.0,1680272.3299999998,0.0,9.443890789354192,11.69576674903421,397.9639889196676
yellow,CRZ_PARTIAL,MN_NORTH,18,2024,139709.0,233412.74000000002,79656195.0,1575817.02,0.0,10.54890789096818,11.279280647631863,385.93646408839777
yellow,CRZ_PARTIAL,MN_NORTH,18,2025,139272.0,231800.56999999998,81146950.0,1588226.19,0.0,10.283591089991674,11.403772402205755,385.7950138504155
yellow,CRZ_PARTIAL,MN_NORTH,19,2024,118055.0,203396.9,64265588.0,1320638.97,0.0,11.393793518235608,11.186641565372073,326.11878453038673
yellow,CRZ_PARTIAL,MN_NORTH,19,2025,119189.0,205745.47999999998,66833497.0,1349567.18,0.0,11.082522406391513,11.322917215514854,330.1634349030471
yellow,CRZ_PARTIAL,MN_NORTH,20,2024,107608.0,197413.7,58323669.0,1226084.8199999998,0.0,12.185264270668569,11.393993197531781,297.2596685082873
yellow,CRZ_PARTIAL,MN_NORTH,20,2025,109468.0,206029.74,62002460.0,1274280.23,0.0,11.962542518474265,11.640664212372565,303.2354570637119
yellow,CRZ_PARTIAL,MN_NORTH,21,2024,110045.0,215458.41,61617934.0,1304152.99,0.0,12.588060417605044,11.851088100322595,303.99171270718233
yellow,CRZ_PARTIAL,MN_NORTH,21,2025,112611.0,224767.97,65598970.0,1363791.59,0.0,12.33502129682829,12.110642743604089,311.9418282548476
yellow,CRZ_PARTIAL,MN_NORTH,22,2024,86291.0,180237.86000000002,49457638.0,1066803.62,0.0,13.119435586470994,12.362860785018137,238.37292817679557
yellow,CRZ_PARTIAL,MN_NORTH,22,2025,87582.0,187446.3,52465404.0,1112027.32,0.0,12.861936219913602,12.69698476855975,242.6094182825485
yellow,CRZ_PARTIAL,MN_NORTH,23,2024,47601.0,104636.01999999999,26863345.0,597937.4,0.0,14.022441062347223,12.561446188105293,131.49447513812154
yellow,CRZ_PARTIAL,MN_NORTH,23,2025,50546.0,116511.9,30226231.0,659393.55,0.0,13.876782718956921,13.045415067463301,140.01662049861497
yellow,CRZ_PARTIAL,OUTER,0,2024,5127.0,33607.0,7588680.0,161016.96,0.0,15.942851721247964,31.405687536571094,14.162983425414364
yellow,CRZ_PARTIAL,OUTER,0,2025,6229.0,44838.48,9273476.0,195689.17,0.0,17.406474983059212,31.41582436988281,17.25484764542936
yellow,CRZ_PARTIAL,OUTER,1,2024,2669.0,16814.78,3356462.0,77292.24,0.0,18.034825956617414,28.959250655676286,7.37292817679558
yellow,CRZ_PARTIAL,OUTER,1,2025,3180.0,21934.13,4229735.0,93708.82,0.0,18.66851422134011,29.46818238993711,8.808864265927978
yellow,CRZ_PARTIAL,OUTER,2,2024,1489.0,9610.98,1748593.0,43005.26,0.0,19.787067659541126,28.881974479516455,4.113259668508287
yellow,CRZ_PARTIAL,OUTER,2,2025,1831.0,12696.9,2260986.0,52301.5,0.0,20.21633039744607,28.564445658110323,5.07202216066482
yellow,CRZ_PARTIAL,OUTER,3,2024,982.0,6173.68,1093946.0,27620.09,0.0,20.316586010644038,28.126364562118127,2.712707182320442
yellow,CRZ_PARTIAL,OUTER,3,2025,1265.0,8619.14,1507591.0,35219.14,0.0,20.58177847970703,27.841217391304347,3.5041551246537397
yellow,CRZ_PARTIAL,OUTER,4,2024,835.0,5258.93,926855.0,23466.64,0.0,20.42622416667116,28.103760479041917,2.3066298342541436
yellow,CRZ_PARTIAL,OUTER,4,2025,1169.0,8225.46,1385403.0,32814.24,0.0,21.37403773486848,28.07035072711719,3.2382271468144044
yellow,CRZ_PARTIAL,OUTER,5,2024,769.0,6003.68,1030860.0,26305.71,0.0,20.966230137943075,34.207685305591674,2.1243093922651934
yellow,CRZ_PARTIAL,OUTER,5,2025,960.0,7635.81,1354972.0,30767.77,0.0,20.28744210212462,32.049760416666665,2.6592797783933517
yellow,CRZ_PARTIAL,OUTER,6,2024,1033.0,7442.39,1374360.0,33208.76,0.0,19.49460403387759,32.14787996127783,2.8535911602209945
yellow,CRZ_PARTIAL,OUTER,6,2025,1479.0,12419.26,2138328.0,48986.35,0.0,20.908549109397622,33.12126436781609,4.096952908587258
yellow,CRZ_PARTIAL,OUTER,7,2024,1548.0,11690.26,2508989.0,53930.84,0.0,16.773663017255156,34.839043927648575,4.276243093922652
yellow,CRZ_PARTIAL,OUTER,7,2025,2891.0,22964.65,4854198.0,95765.86,0.0,17.031184142056013,33.125513663092356,8.00831024930748
yellow,CRZ_PARTIAL,OUTER,8,2024,2138.0,16119.04,3717336.0,75057.55,0.0,15.610249920911107,35.10643124415341,5.906077348066298
yellow,CRZ_PARTIAL,OUTER,8,2025,3669.0,29967.73,6875772.0,130029.51,0.0,15.69043127084493,35.4400408830744,10.163434903047092
yellow,CRZ_PARTIAL,OUTER,9,2024,3308.0,25794.82,6082853.0,119637.21,0.0,15.266085174177315,36.16602478839178,9.138121546961326
yellow,CRZ_PARTIAL,OUTER,9,2025,4386.0,35092.72,8219307.0,155297.35,0.0,15.370370275742225,35.407512539899685,12.149584487534627
yellow,CRZ_PARTIAL,OUTER,10,2024,4495.0,35571.77,8828569.0,165195.62,0.0,14.504997582280886,36.75097219132369,12.417127071823204
yellow,CRZ_PARTIAL,OUTER,10,2025,5753.0,47066.36,11568748.0,206365.32,0.0,14.646260425069334,35.87090561446202,15.936288088642659
yellow,CRZ_PARTIAL,OUTER,11,2024,5595.0,45122.12,11863217.0,208928.36,0.0,13.692713536303012,37.34197676496872,15.455801104972375
yellow,CRZ_PARTIAL,OUTER,11,2025,7262.0,59477.74,15571406.0,263257.79,0.0,13.750836886534202,36.25141696502341,20.116343490304708
yellow,CRZ_PARTIAL,OUTER,12,2024,6150.0,49952.62,13464942.0,231344.58,0.0,13.355381107471537,37.61700487804878,16.988950276243095
yellow,CRZ_PARTIAL,OUTER,12,2025,7748.0,64840.12,17100863.0,285254.02,0.0,13.649862699911694,36.816471347444505,21.462603878116344
yellow,CRZ_PARTIAL,OUTER,13,2024,6090.0,48229.74,13319150.0,230037.88999999998,0.0,13.035896735152019,37.77305254515599,16.823204419889503
yellow,CRZ_PARTIAL,OUTER,13,2025,7680.0,63771.13,17192633.0,283633.21,0.0,13.353165160915141,36.931407552083336,21.274238227146814
yellow,CRZ_PARTIAL,OUTER,14,2024,6642.0,52819.84,15539348.0,257538.83,0.0,12.236769779530002,38.77428937067148,18.34806629834254
yellow,CRZ_PARTIAL,OUTER,14,2025,8969.0,73515.94,21908847.0,336846.44,0.0,12.079932093185917,37.55674434162114,24.844875346260388
yellow,CRZ_PARTIAL,OUTER,15,2024,7409.0,57602.47,18603971.0,288693.3,0.0,11.14648544657482,38.9652179781347,20.46685082872928
yellow,CRZ_PARTIAL,OUTER,15,2025,10255.0,81330.75,26748221.0,388982.92,0.0,10.94617470073991,37.931050219405165,28.407202216066484
yellow,CRZ_PARTIAL,OUTER,16,2024,7232.0,53999.5,17641932.0,280302.76,0.0,11.019099268719549,38.75867809734513,19.977900552486187
yellow,CRZ_PARTIAL,OUTER,16,2025,9653.0,73653.42,24683534.0,360696.2,0.0,10.742072508742062,37.366228115611726,26.73961218836565
yellow,CRZ_PARTIAL,OUTER,17,2024,7514.0,54294.39,16922437.0,280248.28,0.0,11.550334269230845,37.296816608996544,20.756906077348066
yellow,CRZ_PARTIAL,OUTER,17,2025,9809.0,71476.16,22410886.0,356754.86,0.0,11.481660118212194,36.37015597920277,27.17174515235457
yellow,CRZ_PARTIAL,OUTER,18,2024,7826.0,53764.8,14984836.0,270782.93,0.0,12.916609831432256,34.60042550472783,21.61878453038674
yellow,CRZ_PARTIAL,OUTER,18,2025,9972.0,69365.15,19420529.0,341817.01,0.0,12.85827692953163,34.27767849979944,27.62326869806094
yellow,CRZ_PARTIAL,OUTER,19,2024,8223.0,58150.8,14463317.0,281022.04,0.0,14.47405736872116,34.17512343426973,22.715469613259668
yellow,CRZ_PARTIAL,OUTER,19,2025,10505.0,73433.25,18856899.0,352008.25,0.0,14.019256294473443,33.5086387434555,29.099722991689752
yellow,CRZ_PARTIAL,OUTER,20,2024,8918.0,64284.45,15341480.0,308818.01,0.0,15.08485621986927,34.62861740300516,24.635359116022098
yellow,CRZ_PARTIAL,OUTER,20,2025,11346.0,83671.81,19207814.0,376375.98,0.0,15.682082094297666,33.172570068746694,31.429362880886426
yellow,CRZ_PARTIAL,OUTER,21,2024,11402.0,85272.41,19702726.0,406998.14,0.0,15.580619453369042,35.69532888966848,31.497237569060772
yellow,CRZ_PARTIAL,OUTER,21,2025,13182.0,100651.6,22373838.0,458662.09,0.0,16.195064968290197,34.794575178273405,36.51523545706371
yellow,CRZ_PARTIAL,OUTER,22,2024,12036.0,89064.84999999999,21027579.0,429295.64,0.0,15.248234711185724,35.66763376537055,33.248618784530386
yellow,CRZ_PARTIAL,OUTER,22,2025,14120.0,108885.76,24496259.0,498745.53,0.0,16.00198364982996,35.321921388101984,39.11357340720222
yellow,CRZ_PARTIAL,OUTER,23,2024,8779.0,61365.59,14785682.0,299578.97,0.0,14.941219755706907,34.12449823442305,24.251381215469614
yellow,CRZ_PARTIAL,OUTER,23,2025,11454.0,87647.49,19114524.0,388566.46,0.0,16.507393226218973,33.92408416273791,31.72853185595568
yellow,MN_NORTH,AIRPORT,0,2024,43.0,650.43,80049.0,2486.0,0.0,29.251433496983097,57.81395348837209,0.11878453038674033
yellow,MN_NORTH,AIRPORT,0,2025,52.0,825.9300000000001,99759.0,3157.81,0.0,29.805310799025655,60.72711538461538,0.1440443213296399
yellow,MN_NORTH,AIRPORT,1,2024,49.0,803.73,97714.0,3128.67,0.0,29.611191845590195,63.85040816326531,0.13535911602209943
yellow,MN_NORTH,AIRPORT,1,2025,36.0,599.99,69434.0,2274.01,0.0,31.108160267304203,63.166944444444454,0.0997229916897507
yellow,MN_NORTH,AIRPORT,2,2024,123.0,1923.22,221738.0,7484.09,0.0,31.22420153514508,60.846260162601624,0.3397790055248619
yellow,MN_NORTH,AIRPORT,2,2025,154.0,2364.42,263397.0,9020.92,0.0,32.31590337019784,58.577402597402596,0.4265927977839335
yellow,MN_NORTH,AIRPORT,3,2024,1006.0,13361.55,1482920.0,51637.55,0.0,32.43707010492811,51.32957256461233,2.7790055248618786
yellow,MN_NORTH,AIRPORT,3,2025,963.0,13307.13,1472936.0,50774.13,0.0,32.52393043553827,52.724953271028035,2.667590027700831
yellow,MN_NORTH,AIRPORT,4,2024,4344.0,56167.48,6090657.0,215524.84,0.0,33.19886967859133,49.61437384898711,12.0
yellow,MN_NORTH,AIRPORT,4,2025,4536.0,57954.37,6477721.0,224268.35,0.0,32.2081997665537,49.44187610229277,12.565096952908588
yellow,MN_NORTH,AIRPORT,5,2024,7786.0,100908.7,11679711.0,391032.9,0.0,31.102766155772176,50.22256614436168,21.50828729281768
yellow,MN_NORTH,AIRPORT,5,2025,8099.0,105346.0,12781312.0,408923.28,0.0,29.671883449836763,50.4905889616002,22.434903047091414
yellow,MN_NORTH,AIRPORT,6,2024,8597.0,112864.91,14207675.0,441323.89,0.0,28.598182038933185,51.33463882749797,23.748618784530386
yellow,MN_NORTH,AIRPORT,6,2025,7805.0,101859.64,13203740.0,402386.85,0.0,27.772033075477097,51.555009609224854,21.62049861495845
yellow,MN_NORTH,AIRPORT,7,2024,8808.0,108768.38,15279783.0,441148.84,0.0,25.62642205062729,50.08501816530427,24.331491712707184
yellow,MN_NORTH,AIRPORT,7,2025,8162.0,99433.92,14419992.0,406540.75,0.0,24.82401599113231,49.80896226415094,22.609418282548475
yellow,MN_NORTH,AIRPORT,8,2024,8181.0,100870.42,14974478.0,412296.82,0.0,24.25016164169462,50.39687324287984,22.599447513812155
yellow,MN_NORTH,AIRPORT,8,2025,7673.0,94330.98,14653569.0,390124.4,0.0,23.174663319222777,50.84378991268083,21.25484764542936
yellow,MN_NORTH,AIRPORT,9,2024,7115.0,85720.86,12062225.0,347194.43,0.0,25.583596392871133,48.79753056921996,19.654696132596683
yellow,MN_NORTH,AIRPORT,9,2025,6480.0,78584.31,11800290.0,322266.57,0.0,23.97428503875752,49.73249537037037,17.950138504155124
yellow,MN_NORTH,AIRPORT,10,2024,6244.0,77579.36,11289414.0,312787.89,0.0,24.738723905421487,50.09415278667521,17.248618784530386
yellow,MN_NORTH,AIRPORT,10,2025,5644.0,69288.98,10430976.0,280774.6,0.0,23.913421716242084,49.747448618001414,15.634349030470915
yellow,MN_NORTH,AIRPORT,11,2024,6264.0,77686.81,11655726.0,316101.59,0.0,23.994431234914064,50.46321679438059,17.303867403314918
yellow,MN_NORTH,AIRPORT,11,2025,6104.0,75727.33,11806952.0,308671.84,0.0,23.089649894401198,50.56878112712975,16.90858725761773
yellow,MN_NORTH,AIRPORT,12,2024,7571.0,99210.19,15799344.0,401270.45,0.0,22.60579198731289,53.00098401796328,20.914364640883978
yellow,MN_NORTH,AIRPORT,12,2025,7272.0,95819.86,15836786.0,388651.93,0.0,21.78166049601226,53.44498487348735,20.14404432132964
yellow,MN_NORTH,AIRPORT,13,2024,8452.0,119434.64,20017493.0,477420.33,0.0,21.47944820063132,56.48607785139612,23.34806629834254
yellow,MN_NORTH,AIRPORT,13,2025,8313.0,116646.47,20009464.0,470948.71,0.0,20.986433819516606,56.65207626608926,23.02770083102493
yellow,MN_NORTH,AIRPORT,14,2024,8237.0,121449.77,22076950.0,491973.34,0.0,19.80432858705573,59.72724778438752,22.75414364640884
yellow,MN_NORTH,AIRPORT,14,2025,8032.0,119170.44,22440883.0,488226.75,0.0,19.117500144713556,60.78520293824701,22.249307479224377
yellow,MN_NORTH,AIRPORT,15,2024,7780.0,112934.21,23099932.0,472595.95,0.0,17.600188433455127,60.74498071979435,21.49171270718232
yellow,MN_NORTH,AIRPORT,15,2025,7228.0,100153.89,22191176.0,438685.4,0.0,16.24762941810745,60.69250138350858,20.022160664819946
yellow,MN_NORTH,AIRPORT,16,2024,6594.0,96320.93,20144437.0,400281.47,0.0,17.21345441423853,60.70389293296936,18.215469613259668
yellow,MN_NORTH,AIRPORT,16,2025,5689.0,80732.06,18155791.0,348766.73,0.0,16.00786305592524,61.305454385656525,15.759002770083102
yellow,MN_NORTH,AIRPORT,17,2024,5420.0,77822.25,15197956.0,324415.51,0.0,18.434064422873707,59.85526014760148,14.972375690607734
yellow,MN_NORTH,AIRPORT,17,2025,4713.0,66814.2,14026621.0,286724.38,0.0,17.14818700811835,60.836914916189265,13.055401662049862
yellow,MN_NORTH,AIRPORT,18,2024,3632.0,54238.47,9212871.0,218695.94,0.0,21.194098126414666,60.21363986784141,10.033149171270718
yellow,MN_NORTH,AIRPORT,18,2025,3309.0,48468.07,8639806.0,200698.23,0.0,20.195482630049796,60.65223028105168,9.166204986149584
yellow,MN_NORTH,AIRPORT,19,2024,2215.0,34425.87,5155763.0,137262.23,0.0,24.037786841637214,61.969404063205424,6.1187845303867405
yellow,MN_NORTH,AIRPORT,19,2025,1996.0,30181.82,4765057.0,123338.5,0.0,22.802361440797036,61.79283567134269,5.529085872576177
yellow,MN_NORTH,AIRPORT,20,2024,1109.0,18932.26,2480913.0,71595.33,0.0,27.472199146040182,64.55845807033363,3.06353591160221
yellow,MN_NORTH,AIRPORT,20,2025,1046.0,17184.02,2364178.0,66478.81,0.0,26.16658813338082,63.55526768642447,2.897506925207756
yellow,MN_NORTH,AIRPORT,21,2024,558.0,9807.5,1233344.0,36418.22,0.0,28.62704971200249,65.26562724014337,1.5414364640883977
yellow,MN_NORTH,AIRPORT,21,2025,504.0,8835.88,1174033.0,33452.47,0.0,27.09393006840523,66.37394841269841,1.3961218836565097
yellow,MN_NORTH,AIRPORT,22,2024,277.0,4703.47,612157.0,17711.93,0.0,27.66037470779555,63.94198555956679,0.7651933701657458
yellow,MN_NORTH,AIRPORT,22,2025,266.0,4780.29,670326.0,18047.79,0.0,25.67264883056901,67.84883458646617,0.7368421052631579
yellow,MN_NORTH,AIRPORT,23,2024,113.0,1986.87,267076.0,7359.3,0.0,26.781635189983373,65.12654867256637,0.31215469613259667
yellow,MN_NORTH,AIRPORT,23,2025,99.0,1656.9,229327.0,6193.36,0.0,26.010195048991182,62.55919191919192,0.2742382271468144
yellow,MN_NORTH,CRZ,0,2024,16643.0,64115.22,15517615.0,326406.61,0.0,14.874372898154775,19.61224598930481,45.97513812154696
yellow,MN_NORTH,CRZ,0,2025,27201.0,123895.26,27956200.0,582763.72,0.0,15.954347729662828,21.424349104812322,75.34903047091413
yellow,MN_NORTH,CRZ,1,2024,7552.0,27380.96,6217701.0,136625.8,0.0,15.853360590996576,18.09134004237288,20.861878453038674
yellow,MN_NORTH,CRZ,1,2025,12979.0,58579.16,12485064.0,264391.14,0.0,16.890980775108563,20.37068649356653,35.95290858725762
yellow,MN_NORTH,CRZ,2,2024,3719.0,13454.62,2817465.0,65620.27,0.0,17.191564757681107,17.644600699112665,10.273480662983426
yellow,MN_NORTH,CRZ,2,2025,6571.0,29757.64,5817950.0,128747.5,0.0,18.413273403862185,19.59328869274083,18.202216066481995
yellow,MN_NORTH,CRZ,3,2024,2345.0,8878.93,1739107.0,41760.38,0.0,18.379632765551516,17.808264392324094,6.4779005524861875
yellow,MN_NORTH,CRZ,3,2025,4672.0,22157.38,4046167.0,90254.17,0.0,19.714106708892636,19.31810145547945,12.941828254847646
yellow,MN_NORTH,CRZ,4,2024,5061.0,21263.94,4058975.0,95942.96,0.0,18.859486446701442,18.957312784034777,13.980662983425415
yellow,MN_NORTH,CRZ,4,2025,9368.0,46457.94,8412824.0,195737.51,0.0,19.880195282820612,20.89426878736123,25.950138504155124
yellow,MN_NORTH,CRZ,5,2024,14968.0,59508.51,11759667.0,274573.56,0.0,18.217406666362237,18.344037947621594,41.348066298342545
yellow,MN_NORTH,CRZ,5,2025,23515.0,107566.79000000001,20195232.0,465813.78,0.0,19.17484503272852,19.809218796512866,65.13850415512465
yellow,MN_NORTH,CRZ,6,2024,52824.0,189973.59,41413667.0,924189.1,0.0,16.513990997223214,17.49562888081175,145.92265193370164
yellow,MN_NORTH,CRZ,6,2025,66809.0,276855.89,57848308.0,1258059.81,0.0,17.2292196342199,18.830693619123174,185.06648199445982
yellow,MN_NORTH,CRZ,7,2024,113630.0,386143.41000000003,101009023.0,2053673.57,0.0,13.76229800777303,18.07333952301329,313.89502762430936
yellow,MN_NORTH,CRZ,7,2025,130705.0,496284.71,123643998.0,2518912.72,0.0,14.449750775609829,19.271739566198693,362.06371191135736
yellow,MN_NORTH,CRZ,8,2024,140499.0,465953.93,154908685.0,2813646.15,0.0,10.828535198010362,20.026093780026905,388.11878453038673
yellow,MN_NORTH,CRZ,8,2025,159773.0,588721.28,183027450.0,3365326.19,0.0,11.57966527971624,21.063172062864187,442.584487534626
yellow,MN_NORTH,CRZ,9,2024,129488.0,416113.3,141666167.0,2546884.78,0.0,10.574210566450915,19.66888653774867,357.70165745856355
yellow,MN_NORTH,CRZ,9,2025,145794.0,520038.51,166347396.0,3002482.5700000003,0.0,11.254390997500195,20.5940064062993,403.8614958448753
yellow,MN_NORTH,CRZ,10,2024,106655.0,338330.18,118177067.0,2092945.53,0.0,10.306472134733212,19.62351066522901,294.6270718232044
yellow,MN_NORTH,CRZ,10,2025,119800.0,420846.57,138913712.0,2442660.33,0.0,10.906393833893086,20.389485225375626,331.85595567867034
yellow,MN_NORTH,CRZ,11,2024,102475.0,329176.27,126497356.0,2147345.66,0.0,9.368058032770266,20.954824688948527,283.08011049723757
yellow,MN_NORTH,CRZ,11,2025,114253.0,402575.02,145005743.0,2465341.31,0.0,9.994570159886702,21.577913140136364,316.4903047091413
yellow,MN_NORTH,CRZ,12,2024,106489.0,347001.68,132870709.0,2261164.1,0.0,9.40166615653417,21.23378095390134,294.1685082872928
yellow,MN_NORTH,CRZ,12,2025,116799.0,411800.67,148499729.0,2539455.73,0.0,9.983064763707413,21.742101644705862,323.54293628808864
yellow,MN_NORTH,CRZ,13,2024,102527.0,335559.63,127004350.0,2170398.53,0.0,9.511600728636461,21.169043569011087,283.22375690607737
yellow,MN_NORTH,CRZ,13,2025,113067.0,398881.2,143248892.0,2457874.4,0.0,10.024317116533089,21.738211856686743,313.2049861495845
yellow,MN_NORTH,CRZ,14,2024,98255.0,319398.57,124008235.0,2100167.66,0.0,9.272245927861162,21.374664495445526,271.4226519337017
yellow,MN_NORTH,CRZ,14,2025,109137.0,386257.21,140762612.0,2398895.82,0.0,9.878517713212085,21.980591550070095,302.3185595567867
yellow,MN_NORTH,CRZ,15,2024,95950.0,310642.26,125624054.0,2093168.8900000001,0.0,8.902054187807058,21.81520468994268,265.0552486187845
yellow,MN_NORTH,CRZ,15,2025,109186.0,374789.37,146312369.0,2456536.27,0.0,9.221651875515734,22.4986378290257,302.45429362880884
yellow,MN_NORTH,CRZ,16,2024,91523.0,296686.55,122082334.0,2016768.61,0.0,8.748780802306744,22.035647979196487,252.82596685082873
yellow,MN_NORTH,CRZ,16,2025,97387.0,325634.8,130186019.0,2168443.9,0.0,9.004694121570765,22.266256276505075,269.77008310249306
yellow,MN_NORTH,CRZ,17,2024,106654.0,355521.6,143137851.0,2384824.99,0.0,8.941574510574425,22.360389577512333,294.6243093922652
yellow,MN_NORTH,CRZ,17,2025,112522.0,382468.88999999996,150863694.0,2540029.96,0.0,9.126702173950479,22.57362969019392,311.69529085872574
yellow,MN_NORTH,CRZ,18,2024,107654.0,367435.88,138241971.0,2364014.9699999997,0.0,9.568506282364854,21.95937884333141,297.3867403314917
yellow,MN_NORTH,CRZ,18,2025,112306.0,393661.01999999996,146103019.0,2524897.0500000003,0.0,9.699865763896362,22.482298808612185,311.09695290858724
yellow,MN_NORTH,CRZ,19,2024,82555.0,290213.29,99241122.0,1773575.66,0.0,10.527569851537955,21.483564411604384,228.05248618784532
yellow,MN_NORTH,CRZ,19,2025,92833.0,337964.41,115283299.0,2066173.6099999999,0.0,10.553756585331584,22.256887206058188,257.1551246537396
yellow,MN_NORTH,CRZ,20,2024,68047.0,248624.95,76323717.0,1418112.67,0.0,11.727020842027388,20.84019383661293,187.97513812154696
yellow,MN_NORTH,CRZ,20,2025,84429.0,344609.42,98150588.0,1832695.63,0.0,12.639699234404993,21.706944651719194,233.8753462603878
yellow,MN_NORTH,CRZ,21,2024,63696.0,229794.44,68720231.0,1294715.54,0.0,12.038085029137926,20.326481097714144,175.95580110497238
yellow,MN_NORTH,CRZ,21,2025,79625.0,320052.08999999997,89944472.0,1687962.8699999999,0.0,12.80998707736035,21.198905745682886,220.56786703601108
yellow,MN_NORTH,CRZ,22,2024,54002.0,200034.91999999998,58186172.0,1112897.59,0.0,12.376234545898637,20.60845135365357,149.1767955801105
yellow,MN_NORTH,CRZ,22,2025,71575.0,302856.26,81617589.0,1565127.8,0.0,13.358426159831797,21.866961928047502,198.26869806094183
yellow,MN_NORTH,CRZ,23,2024,33741.0,129729.68000000001,34468037.0,689460.94,0.0,13.549563266396634,20.433921341987492,93.20718232044199
yellow,MN_NORTH,CRZ,23,2025,48212.0,216430.23,52571799.0,1061480.26,0.0,14.82066132072064,22.01693063967477,133.5512465373961
yellow,MN_NORTH,CRZ_PARTIAL,0,2024,9333.0,13787.88,3962357.0,90884.93000000001,0.0,12.526980279666873,9.738018857816352,25.781767955801104
yellow,MN_NORTH,CRZ_PARTIAL,0,2025,10574.0,18248.65,5016504.0,112973.52,0.0,13.09580137880883,10.684085492717989,29.290858725761773
yellow,MN_NORTH,CRZ_PARTIAL,1,2024,4809.0,6646.8099999999995,1834780.0,43704.91,0.0,13.041626789042827,9.088149303389478,13.284530386740332
yellow,MN_NORTH,CRZ_PARTIAL,1,2025,5419.0,9182.05,2456880.0,55408.89,0.0,13.454210217837256,10.224928953681491,15.011080332409973
yellow,MN_NORTH,CRZ_PARTIAL,2,2024,2366.0,3206.14,837939.0,20980.3,0.0,13.774396465613846,8.867413355874895,6.535911602209945
yellow,MN_NORTH,CRZ_PARTIAL,2,2025,2844.0,4764.99,1210829.0,28189.260000000002,0.0,14.167123516202535,9.911835443037976,7.878116343490305
yellow,MN_NORTH,CRZ_PARTIAL,3,2024,1334.0,1896.18,489856.0,12040.69,0.0,13.935213613796707,9.026004497751124,3.685082872928177
yellow,MN_NORTH,CRZ_PARTIAL,3,2025,1796.0,3475.2,821415.0,18807.68,0.0,15.23069337667318,10.471982182628063,4.975069252077562
yellow,MN_NORTH,CRZ_PARTIAL,4,2024,2345.0,4609.96,1162324.0,27293.6,0.0,14.278166845044927,11.639061833688698,6.4779005524861875
yellow,MN_NORTH,CRZ_PARTIAL,4,2025,3191.0,7534.41,1763217.0,41340.73,0.0,15.383175184903502,12.95541523033532,8.839335180055402
yellow,MN_NORTH,CRZ_PARTIAL,5,2024,7054.0,14249.9,3564646.0,81858.58,0.0,14.391229872475416,11.60456195066629,19.486187845303867
yellow,MN_NORTH,CRZ_PARTIAL,5,2025,8052.0,18751.38,4404672.0,100523.35,0.0,15.325765005884662,12.484270988574268,22.304709141274238
yellow,MN_NORTH,CRZ_PARTIAL,6,2024,22719.0,40727.76,11084419.0,247558.1,0.0,13.227570700818871,10.896522734275276,62.75966850828729
yellow,MN_NORTH,CRZ_PARTIAL,6,2025,26883.0,54459.659999999996,14393908.0,312890.65,0.0,13.62067730320355,11.638978164639363,74.46814404432133
yellow,MN_NORTH,CRZ_PARTIAL,7,2024,57424.0,100056.79000000001,33562240.0,671268.43,0.0,10.732431565950307,11.689684278350516,158.62983425414365
yellow,MN_NORTH,CRZ_PARTIAL,7,2025,60995.0,116988.01,38073898.0,763943.91,0.0,11.061563383922497,12.524697270268055,168.9612188365651
yellow,MN_NORTH,CRZ_PARTIAL,8,2024,80284.0,129183.34999999999,51091845.0,958385.0,0.0,9.1024322961913,11.937434607144636,221.77900552486187
yellow,MN_NORTH,CRZ_PARTIAL,8,2025,82441.0,142166.38999999998,54019839.0,1025449.4700000001,0.0,9.474278588649625,12.438586019092442,228.3684210526316
yellow,MN_NORTH,CRZ_PARTIAL,9,2024,90613.0,139919.92,54765780.0,1031970.37,0.0,9.197563003758917,11.388767285047399,250.3121546961326
yellow,MN_NORTH,CRZ_PARTIAL,9,2025,91804.0,147915.55000000002,56438073.0,1066083.44,0.0,9.435048925217558,11.612603372402074,254.30470914127423
yellow,MN_NORTH,CRZ_PARTIAL,10,2024,97393.0,143402.83,59837974.0,1100177.63,0.0,8.627467701363017,11.296270060476624,269.0414364640884
yellow,MN_NORTH,CRZ_PARTIAL,10,2025,101876.0,154725.46,64256703.0,1168866.7,0.0,8.668537755508558,11.473425536927245,282.2049861495845
yellow,MN_NORTH,CRZ_PARTIAL,11,2024,102256.0,148083.04,68680245.0,1211943.25,0.0,7.762041967089663,11.852050246440307,282.47513812154693
yellow,MN_NORTH,CRZ_PARTIAL,11,2025,106283.0,158955.34,72829572.0,1276194.09,0.0,7.857237222264604,12.007509103055051,294.41274238227146
yellow,MN_NORTH,CRZ_PARTIAL,12,2024,111039.0,161072.8,74432642.0,1317751.48,0.0,7.79042721605932,11.867465304982934,306.73756906077347
yellow,MN_NORTH,CRZ_PARTIAL,12,2025,115431.0,172035.79,78776147.0,1387989.45,0.0,7.86188291234909,12.024408087948645,319.7534626038781
yellow,MN_NORTH,CRZ_PARTIAL,13,2024,103933.0,151334.45,67696586.0,1215330.29,0.0,8.047732569556759,11.693401422069988,287.1077348066298
yellow,MN_NORTH,CRZ_PARTIAL,13,2025,107504.0,162329.16999999998,71924195.0,1281461.19,0.0,8.1250128972594,11.920125669742522,297.7950138504155
yellow,MN_NORTH,CRZ_PARTIAL,14,2024,105322.0,151567.06,69728720.0,1240117.55,0.0,7.825203388216505,11.774534760069121,290.9447513812155
yellow,MN_NORTH,CRZ_PARTIAL,14,2025,108890.0,162840.56,73912800.0,1309436.59,0.0,7.931319284345879,12.025315364128938,301.6343490304709
yellow,MN_NORTH,CRZ_PARTIAL,15,2024,113386.0,161779.69,76928444.0,1352631.21,0.0,7.570761264845029,11.929437584887022,313.2209944751381
yellow,MN_NORTH,CRZ_PARTIAL,15,2025,119244.0,174832.19,83236411.0,1458093.79,0.0,7.561545199251803,12.227816829358291,330.3157894736842
yellow,MN_NORTH,CRZ_PARTIAL,16,2024,97699.0,138008.82,61312460.0,1118198.85,0.0,8.103275451678174,11.445345909374714,269.8867403314917
yellow,MN_NORTH,CRZ_PARTIAL,16,2025,100229.0,142247.53,63627524.0,1158314.1199999999,0.0,8.04826395570571,11.556676411018765,277.6426592797784
yellow,MN_NORTH,CRZ_PARTIAL,17,2024,108052.0,156574.47,66059416.0,1227108.32,0.0,8.532744098131294,11.35664605930478,298.48618784530385
yellow,MN_NORTH,CRZ_PARTIAL,17,2025,111104.0,161665.58,69208684.0,1281761.42,0.0,8.4092927991522,11.536591121831796,307.7673130193906
yellow,MN_NORTH,CRZ_PARTIAL,18,2024,112203.0,163450.7,66539998.0,1256750.22,0.0,8.843140031353773,11.200682869441993,309.95303867403317
yellow,MN_NORTH,CRZ_PARTIAL,18,2025,113835.0,166090.72999999998,68772668.0,1296634.97,0.0,8.694247953271203,11.390477181886062,315.33240997229916
yellow,MN_NORTH,CRZ_PARTIAL,19,2024,81744.0,117220.29,44057398.0,868779.36,0.0,9.578256164832974,10.628050499119201,225.8121546961326
yellow,MN_NORTH,CRZ_PARTIAL,19,2025,84157.0,121525.06,46459787.0,912358.35,0.0,9.416535121006904,10.841146309873213,233.1218836565097
yellow,MN_NORTH,CRZ_PARTIAL,20,2024,59645.0,86828.42,30163451.0,615453.01,0.0,10.362949252723105,10.318601894542711,164.76519337016575
yellow,MN_NORTH,CRZ_PARTIAL,20,2025,62760.0,96782.63,33177082.0,669676.46,0.0,10.501751419850608,10.67043435309114,173.85041551246536
yellow,MN_NORTH,CRZ_PARTIAL,21,2024,50108.0,74123.59,25029497.0,517066.33,0.0,10.661218002103677,10.319037479045262,138.41988950276243
yellow,MN_NORTH,CRZ_PARTIAL,21,2025,52538.0,82347.31,27609931.0,561973.42,0.0,10.737090070960337,10.696513380791048,145.53462603878117
yellow,MN_NORTH,CRZ_PARTIAL,22,2024,35041.0,53286.4,17331243.0,366073.20999999996,0.0,11.068510204374839,10.446996661054193,96.79834254143647
yellow,MN_NORTH,CRZ_PARTIAL,22,2025,37162.0,62503.62,19801759.0,414100.91,0.0,11.363285049575648,11.143127657284323,102.94182825484765
yellow,MN_NORTH,CRZ_PARTIAL,23,2024,18934.0,28926.02,8594170.0,191945.15,0.0,12.116780561706365,10.137591105946973,52.30386740331492
yellow,MN_NORTH,CRZ_PARTIAL,23,2025,20358.0,36001.45,10272423.0,226311.5,0.0,12.616811048376803,11.116588073484625,56.393351800554015
yellow,MN_NORTH,MN_NORTH,0,2024,28963.0,51331.08,13742504.0,319114.99,0.0,13.446740710426573,11.018022649587405,80.00828729281768
yellow,MN_NORTH,MN_NORTH,0,2025,41805.0,85787.37,22735022.0,495418.3,0.0,13.584087668795744,11.850694892955389,115.80332409972299
yellow,MN_NORTH,MN_NORTH,1,2024,14403.0,24607.49,6547640.0,154177.0,0.0,13.529602116182321,10.704506005693258,39.78729281767956
yellow,MN_NORTH,MN_NORTH,1,2025,22228.0,44997.64,11691545.0,254183.05,0.0,13.855440320334052,11.435264081338852,61.57340720221607
yellow,MN_NORTH,MN_NORTH,2,2024,7885.0,13386.23,3474348.0,83993.84,0.0,13.870351501922086,10.652357641090678,21.781767955801104
yellow,MN_NORTH,MN_NORTH,2,2025,12381.0,24983.05,6322152.0,137419.39,0.0,14.226007220326242,11.099215733785641,34.29639889196676
yellow,MN_NORTH,MN_NORTH,3,2024,5336.0,8837.71,2278442.0,55287.71,0.0,13.963820891644376,10.361264992503749,14.740331491712707
yellow,MN_NORTH,MN_NORTH,3,2025,8653.0,17985.38,4370185.0,95079.55,0.0,14.815704140671391,10.988044608806195,23.969529085872576
yellow,MN_NORTH,MN_NORTH,4,2024,6597.0,12082.92,3031256.0,73443.23,0.0,14.34999617320345,11.132822495073517,18.223756906077348
yellow,MN_NORTH,MN_NORTH,4,2025,10124.0,21161.6,5141888.0,119971.06,0.0,14.81591197630131,11.850163966811536,28.04432132963989
yellow,MN_NORTH,MN_NORTH,5,2024,11389.0,20778.37,5192986.0,127065.04000000001,0.0,14.404454778040996,11.156821494424445,31.46132596685083
yellow,MN_NORTH,MN_NORTH,5,2025,14991.0,30826.39,7415168.0,176019.79,0.0,14.9659460176762,11.741697685277835,41.526315789473685
yellow,MN_NORTH,MN_NORTH,6,2024,37000.0,66747.28,17678919.0,406149.51,0.0,13.591906156705623,10.977013783783784,102.20994475138122
yellow,MN_NORTH,MN_NORTH,6,2025,41266.0,84561.27,21692050.0,479657.36,0.0,14.033739180944172,11.623548684146755,114.31024930747922
yellow,MN_NORTH,MN_NORTH,7,2024,96926.0,154024.96,52632154.0,1081451.17,0.0,10.535192156490497,11.157493035924313,267.7513812154696
yellow,MN_NORTH,MN_NORTH,7,2025,105286.0,182183.19999999998,62157951.0,1253837.46,0.0,10.551498391573428,11.908871644853066,291.6509695290859
yellow,MN_NORTH,MN_NORTH,8,2024,130747.0,186661.09,69168685.0,1403277.69,0.0,9.715088901863611,10.73277161235057,361.1795580110497
yellow,MN_NORTH,MN_NORTH,8,2025,135344.0,210978.08,77954312.0,1542279.73,0.0,9.743156837815462,11.395257492020333,374.9141274238227
yellow,MN_NORTH,MN_NORTH,9,2024,132804.0,180270.94,64701412.0,1335111.24,0.0,10.030312537846934,10.053245685370923,366.8618784530387
yellow,MN_NORTH,MN_NORTH,9,2025,138311.0,200392.03,72005736.0,1446744.31,0.0,10.018803335334285,10.460081338432952,383.13296398891964
yellow,MN_NORTH,MN_NORTH,10,2024,144684.0,189342.05,70373968.0,1426931.85,0.0,9.68584548195435,9.8624025462387,399.6795580110497
yellow,MN_NORTH,MN_NORTH,10,2025,151167.0,209327.14,78429685.0,1542767.2,0.0,9.608322461068154,10.205714210111996,418.7451523545706
yellow,MN_NORTH,MN_NORTH,11,2024,154664.0,199484.88,77096184.0,1533815.9700000002,0.0,9.314930139732986,9.917084583354887,427.2486187845304
yellow,MN_NORTH,MN_NORTH,11,2025,160787.0,218227.88,85175813.0,1646372.4100000001,0.0,9.223514755297963,10.239462207765554,445.393351800554
yellow,MN_NORTH,MN_NORTH,12,2024,168633.0,220039.77,84736859.0,1686937.59,0.0,9.348271594537154,10.003603031435128,465.8370165745856
yellow,MN_NORTH,MN_NORTH,12,2025,176772.0,241951.86,94062303.0,1825955.54,0.0,9.260103869666045,10.329438712013214,489.6731301939058
yellow,MN_NORTH,MN_NORTH,13,2024,168342.0,222607.46,85380878.0,1698125.1600000001,0.0,9.38602266423168,10.087352888762164,465.03314917127074
yellow,MN_NORTH,MN_NORTH,13,2025,177487.0,246575.54,95390531.0,1854693.3000000003,0.0,9.305660998993705,10.449741671220993,491.65373961218836
yellow,MN_NORTH,MN_NORTH,14,2024,185247.0,244586.83,99320028.0,1922157.4,0.0,8.865408173263905,10.376186388983356,511.73204419889504
yellow,MN_NORTH,MN_NORTH,14,2025,198009.0,275707.74,113046035.0,2139146.5,0.0,8.780032523918242,10.8032791438773,548.5013850415512
yellow,MN_NORTH,MN_NORTH,15,2024,200294.0,262881.97000000003,111156058.0,2111723.6700000004,0.0,8.513931755298485,10.543119963653432,553.2983425414365
yellow,MN_NORTH,MN_NORTH,15,2025,216326.0,295966.23,127972059.0,2390574.1700000004,0.0,8.325867664597004,11.05079449534499,599.2409972299168
yellow,MN_NORTH,MN_NORTH,16,2024,184133.0,244120.38,97377199.0,1905103.4200000004,0.0,9.025042587228247,10.346344327198278,508.6546961325967
yellow,MN_NORTH,MN_NORTH,16,2025,190553.0,257827.14999999997,105973454.0,2033620.0700000003,0.0,8.758587221286568,10.672201802123295,527.8476454293628
yellow,MN_NORTH,MN_NORTH,17,2024,197661.0,266022.68,102840974.0,2031923.5600000003,0.0,9.312257661036933,10.279840535057499,546.0248618784531
yellow,MN_NORTH,MN_NORTH,17,2025,204077.0,280233.76999999996,110992296.0,2170079.6,0.0,9.089293656921917,10.633631423433313,565.3102493074792
yellow,MN_NORTH,MN_NORTH,18,2024,193949.0,260919.97,94485514.0,1937221.5800000003,0.0,9.941332297774238,9.988304038690584,535.7707182320441
yellow,MN_NORTH,MN_NORTH,18,2025,199809.0,277104.58999999997,102757132.0,2076867.2400000002,0.0,9.708100105401929,10.394262720898459,553.4875346260388
yellow,MN_NORTH,MN_NORTH,19,2024,154995.0,215422.46,72764203.0,1541448.95,0.0,10.657999730994097,9.945152746862801,428.1629834254144
yellow,MN_NORTH,MN_NORTH,19,2025,163158.0,235294.77,81660805.0,1690698.24,0.0,10.3729221381053,10.362337366233957,451.9612188365651
yellow,MN_NORTH,MN_NORTH,20,2024,130837.0,196581.05000000002,62083079.0,1333448.7,0.0,11.399108926282475,10.191678959315789,361.4281767955801
yellow,MN_NORTH,MN_NORTH,20,2025,143760.0,234589.0,73914943.0,1535727.39,0.0,11.425570604850497,10.682577838063438,398.2271468144044
yellow,MN_NORTH,MN_NORTH,21,2024,112225.0,175972.32,53516866.0,1164511.51,0.0,11.837396307922814,10.376578391623969,310.01381215469615
yellow,MN_NORTH,MN_NORTH,21,2025,126305.0,217156.38999999998,65416976.0,1378952.5599999998,0.0,11.950460748904076,10.917640315110248,349.8753462603878
yellow,MN_NORTH,MN_NORTH,22,2024,85282.0,141911.57,41397398.0,925380.9299999999,0.0,12.34091215104872,10.850835229004948,235.58563535911603
yellow,MN_NORTH,MN_NORTH,22,2025,98733.0,184691.75,53103625.0,1142853.38,0.0,12.520619825859345,11.575191476000931,273.49861495844874
yellow,MN_NORTH,MN_NORTH,23,2024,53354.0,94313.68,26185484.0,595303.6799999999,0.0,12.96631553573728,11.15762042208644,147.38674033149172
yellow,MN_NORTH,MN_NORTH,23,2025,68410.0,137835.5,37664019.0,821736.39,0.0,13.17458447543795,12.011933781610876,189.50138504155126
yellow,MN_NORTH,OUTER,0,2024,3481.0,24868.16,4953181.0,113580.33,0.0,18.074319513056356,32.62864981327205,9.616022099447514
yellow,MN_NORTH,OUTER,0,2025,8130.0,69338.83,12180168.0,261416.3,0.0,20.49395279276936,32.15452644526445,22.520775623268698
yellow,MN_NORTH,OUTER,1,2024,2049.0,13993.16,2574873.0,62478.39,0.0,19.564217730350197,30.492137628111273,5.6602209944751385
yellow,MN_NORTH,OUTER,1,2025,4698.0,40393.45,6523669.0,146026.58,0.0,22.290588317708945,31.08271179225202,13.013850415512465
yellow,MN_NORTH,OUTER,2,2024,1206.0,8208.5,1418157.0,36276.82,0.0,20.83732619166989,30.08028192371476,3.3314917127071824
yellow,MN_NORTH,OUTER,2,2025,3005.0,26293.62,4008965.0,92564.65,0.0,23.611339086272892,30.803544093178036,8.32409972299169
yellow,MN_NORTH,OUTER,3,2024,828.0,5737.83,952345.0,24946.61,0.0,21.689816190561196,30.128756038647342,2.287292817679558
yellow,MN_NORTH,OUTER,3,2025,2062.0,17605.5,2700371.0,60230.32,0.0,23.47077494166542,29.209660523763336,5.71191135734072
yellow,MN_NORTH,OUTER,4,2024,914.0,6857.82,1208274.0,28892.54,0.0,20.43257737897199,31.61109409190372,2.5248618784530388
yellow,MN_NORTH,OUTER,4,2025,2422.0,21333.74,3488506.0,75387.12,0.0,22.015574575477295,31.12597853014038,6.7091412742382275
yellow,MN_NORTH,OUTER,5,2024,1527.0,12263.25,2528815.0,51282.7,0.0,17.457860697599468,33.58395546823837,4.218232044198895
yellow,MN_NORTH,OUTER,5,2025,3345.0,31405.35,5546651.0,111099.04,0.0,20.383337621206017,33.21346487294469,9.265927977839334
yellow,MN_NORTH,OUTER,6,2024,2829.0,23215.86,5160193.0,98765.02,0.0,16.196505828367272,34.911636620714035,7.814917127071824
yellow,MN_NORTH,OUTER,6,2025,6929.0,65076.45,12672113.0,238082.91,0.0,18.487462982692783,34.360356472795495,19.193905817174514
yellow,MN_NORTH,OUTER,7,2024,4789.0,36489.83,8976186.0,162546.27,0.0,14.634655297918291,33.94158905825851,13.2292817679558
yellow,MN_NORTH,OUTER,7,2025,10444.0,89703.73,20191473.0,356465.65,0.0,15.99355470499849,34.13114228265033,28.930747922437675
yellow,MN_NORTH,OUTER,8,2024,4562.0,37280.14,9314711.0,164527.21,0.0,14.408230593520292,36.06471065322227,12.602209944751381
yellow,MN_NORTH,OUTER,8,2025,10614.0,92245.56999999999,21324263.0,373869.86,0.0,15.57306116511506,35.22421895609572,29.401662049861496
yellow,MN_NORTH,OUTER,9,2024,5339.0,43693.38,10758857.0,190357.61000000002,0.0,14.620156025867802,35.6541693200974,14.748618784530386
yellow,MN_NORTH,OUTER,9,2025,10356.0,91562.04,20910697.0,361391.25,0.0,15.763383879552173,34.8967989571263,28.68698060941828
yellow,MN_NORTH,OUTER,10,2024,5779.0,50830.19,12493987.0,215762.67,0.0,14.646140099233335,37.335641114379655,15.964088397790055
yellow,MN_NORTH,OUTER,10,2025,10762.0,95400.77,22400514.0,379742.58,0.0,15.331914794455164,35.28550269466642,29.81163434903047
yellow,MN_NORTH,OUTER,11,2024,6561.0,57816.15,15173706.0,246062.37,0.0,13.717027336630881,37.50379058070416,18.124309392265193
yellow,MN_NORTH,OUTER,11,2025,11647.0,103245.11,25905076.0,416462.17,0.0,14.34785970131877,35.75703357087662,32.26315789473684
yellow,MN_NORTH,OUTER,12,2024,7124.0,62723.91,16641581.0,266358.56,0.0,13.568787484794866,37.38890510948905,19.679558011049725
yellow,MN_NORTH,OUTER,12,2025,12405.0,111314.6,28420930.0,454227.55,0.0,14.099910171834631,36.61648931882306,34.362880886426595
yellow,MN_NORTH,OUTER,13,2024,7067.0,61090.45,16494574.0,264297.55,0.0,13.333210060472005,37.39883260223574,19.522099447513813
yellow,MN_NORTH,OUTER,13,2025,12073.0,106539.27,27929037.0,439599.81,0.0,13.732710225562021,36.41181230845689,33.443213296398895
yellow,MN_NORTH,OUTER,14,2024,6931.0,62298.23,18311293.0,269852.53,0.0,12.247831324636662,38.93414081662098,19.146408839779006
yellow,MN_NORTH,OUTER,14,2025,13249.0,120051.71,34455740.0,497070.2,0.0,12.543226643804488,37.517563589704885,36.70083102493075
yellow,MN_NORTH,OUTER,15,2024,7059.0,61036.65,19657316.0,275556.38,0.0,11.178125233373672,39.03617792888511,19.5
yellow,MN_NORTH,OUTER,15,2025,14173.0,120447.15,39466054.0,538196.25,0.0,10.986903833861879,37.97334720948282,39.26038781163435
yellow,MN_NORTH,OUTER,16,2024,6109.0,51550.85,16858902.0,239864.91,0.0,11.008015824518107,39.264185627762316,16.875690607734807
yellow,MN_NORTH,OUTER,16,2025,12500.0,107073.87,35489995.0,478997.59,0.0,10.861256306178685,38.3198072,34.62603878116344
yellow,MN_NORTH,OUTER,17,2024,6090.0,49869.22,15140987.0,237017.44,0.0,11.857165718456796,38.91911986863711,16.823204419889503
yellow,MN_NORTH,OUTER,17,2025,12418.0,101452.73,31735127.0,468220.05,0.0,11.508692812226652,37.70494846191013,34.398891966759
yellow,MN_NORTH,OUTER,18,2024,5997.0,47455.26,12678274.0,221603.39,0.0,13.474936414846374,36.95237452059363,16.566298342541437
yellow,MN_NORTH,OUTER,18,2025,11908.0,94265.96,26180257.0,433501.26,0.0,12.962342424675205,36.40420389654014,32.986149584487535
yellow,MN_NORTH,OUTER,19,2024,5852.0,47147.91,11061600.0,214976.38,0.0,15.344297027554786,36.735539986329464,16.165745856353592
yellow,MN_NORTH,OUTER,19,2025,12762.0,99611.53,25724904.0,456894.08,0.0,13.939857967983087,35.80113461839837,35.35180055401662
yellow,MN_NORTH,OUTER,20,2024,6289.0,50149.47,11050783.0,227709.57,0.0,16.33713122409516,36.207595802194305,17.37292817679558
yellow,MN_NORTH,OUTER,20,2025,13678.0,119557.05,25377783.0,481608.2,0.0,16.959928296336997,35.21042550080421,37.88919667590028
yellow,MN_NORTH,OUTER,21,2024,6463.0,52978.63,11123744.0,238974.13,0.0,17.145582278772324,36.975727990097475,17.853591160220994
yellow,MN_NORTH,OUTER,21,2025,13281.0,117118.64,23397957.0,469193.37,0.0,18.01982557707923,35.32816580076801,36.78947368421053
yellow,MN_NORTH,OUTER,22,2024,6060.0,48653.28,10219937.0,223259.09,0.0,17.138247329704676,36.84143399339934,16.740331491712706
yellow,MN_NORTH,OUTER,22,2025,13431.0,119267.88,23244394.0,473678.06,0.0,18.471738518973652,35.26751991661082,37.204986149584485
yellow,MN_NORTH,OUTER,23,2024,4959.0,37634.16,7984133.0,174320.63,0.0,16.969027945802004,35.152375478927205,13.69889502762431
yellow,MN_NORTH,OUTER,23,2025,11395.0,99354.22,18493316.0,385364.36,0.0,19.340781934402678,33.81872400175516,31.565096952908586
yellow,OUTER,AIRPORT,0,2024,185.0,1380.3,211113.0,6685.42,0.0,23.537536769407854,36.1374054054054,0.511049723756906
yellow,OUTER,AIRPORT,0,2025,191.0,1292.52,181602.0,6272.04,0.0,25.622360987213796,32.837905759162304,0.5290858725761773
yellow,OUTER,AIRPORT,1,2024,133.0,1100.28,154656.0,4904.14,0.0,25.611731843575416,36.87323308270677,0.3674033149171271
yellow,OUTER,AIRPORT,1,2025,153.0,1254.74,179085.0,5300.2699999999995,0.0,25.223017003099088,34.64228758169934,0.42382271468144045
yellow,OUTER,AIRPORT,2,2024,154.0,1498.17,204324.0,6927.7300000000005,0.0,26.396370470429318,44.98525974025974,0.425414364640884
yellow,OUTER,AIRPORT,2,2025,275.0,2603.83,351092.0,12115.46,0.0,26.698950702380003,44.05621818181818,0.7617728531855956
yellow,OUTER,AIRPORT,3,2024,666.0,6543.18,735484.0,35440.15,0.0,32.02713859173007,53.21343843843844,1.839779005524862
yellow,OUTER,AIRPORT,3,2025,1198.0,10548.66,1368602.0,54356.19,0.0,27.74742109101112,45.372445742904844,3.3185595567867034
yellow,OUTER,AIRPORT,4,2024,1932.0,19057.62,2143298.0,103427.8,0.0,32.0102160315551,53.53405797101449,5.337016574585635
yellow,OUTER,AIRPORT,4,2025,3020.0,28970.75,3533749.0,155196.29,0.0,29.513895865269433,51.389500000000005,8.365650969529085
yellow,OUTER,AIRPORT,5,2024,2402.0,23569.38,2943446.0,133009.93,0.0,28.826677302726125,55.37465861781848,6.6353591160221
yellow,OUTER,AIRPORT,5,2025,3397.0,32811.0,4386043.0,188376.51,0.0,26.930789324226872,55.45378569325876,9.409972299168976
yellow,OUTER,AIRPORT,6,2024,2351.0,23490.11,3245756.0,130335.93,0.0,26.053836455975127,55.43850701829009,6.494475138121547
yellow,OUTER,AIRPORT,6,2025,3321.0,31802.99,4546736.0,192256.53,0.0,25.180869089386324,57.891156278229445,9.199445983379501
yellow,OUTER,AIRPORT,7,2024,2415.0,24577.11,3512109.0,138532.11,0.0,25.192155482645898,57.363192546583846,6.671270718232044
yellow,OUTER,AIRPORT,7,2025,3399.0,33424.58,4911070.0,203138.67,0.0,24.50148093999882,59.76424536628421,9.415512465373961
yellow,OUTER,AIRPORT,8,2024,2387.0,25266.19,3594814.0,140621.38,0.0,25.302639858418264,58.91134478424801,6.593922651933702
yellow,OUTER,AIRPORT,8,2025,3523.0,34619.8,5183999.0,213189.58,0.0,24.041532415419063,60.513647459551514,9.759002770083102
yellow,OUTER,AIRPORT,9,2024,2181.0,23037.23,3213582.0,128725.6,0.0,25.80734768865397,59.02136634571298,6.024861878453039
yellow,OUTER,AIRPORT,9,2025,3082.0,31640.46,4549367.0,192531.0,0.0,25.037693375803713,62.46950032446463,8.537396121883656
yellow,OUTER,AIRPORT,10,2024,1901.0,18942.08,2743355.0,111652.58,0.0,24.856968201344703,58.733603366649135,5.251381215469613
yellow,OUTER,AIRPORT,10,2025,3042.0,28414.6,4344942.0,187201.36,0.0,23.542905751100935,61.53890861275476,8.426592797783934
yellow,OUTER,AIRPORT,11,2024,2001.0,18573.11,2806990.0,116078.24,0.0,23.820247311176743,58.01011494252874,5.527624309392265
yellow,OUTER,AIRPORT,11,2025,3198.0,26996.09,4313148.0,196508.47,0.0,22.532480684641474,61.447301438399,8.858725761772853
yellow,OUTER,AIRPORT,12,2024,2355.0,22263.579999999998,3611422.0,143439.76,0.0,22.193166016045755,60.90860297239915,6.505524861878453
yellow,OUTER,AIRPORT,12,2025,3986.0,34178.62,5802429.0,254183.84,0.0,21.205435172063286,63.769152032112395,11.041551246537397
yellow,OUTER,AIRPORT,13,2024,2635.0,24797.02,4470776.0,160768.18,0.0,19.967288005482718,61.01259203036053,7.279005524861878
yellow,OUTER,AIRPORT,13,2025,4611.0,41109.46,7528561.0,301082.11,0.0,19.657681726959506,65.29648883105617,12.772853185595569
yellow,OUTER,AIRPORT,14,2024,3120.0,30830.52,6106576.0,195903.24,0.0,18.175467234011336,62.7895,8.61878453038674
yellow,OUTER,AIRPORT,14,2025,5442.0,50205.84,10125661.0,373078.66,0.0,17.849800027869783,68.55543182653436,15.074792243767313
yellow,OUTER,AIRPORT,15,2024,3294.0,30009.21,6437316.0,208506.96,0.0,16.782329157058623,63.29901639344262,9.099447513812155
yellow,OUTER,AIRPORT,15,2025,5449.0,45129.09,10426412.0,367428.91,0.0,15.58203569933741,67.43052119654982,15.094182825484765
yellow,OUTER,AIRPORT,16,2024,3306.0,30022.32,6364322.0,212810.78,0.0,16.982225600778843,64.37107683000605,9.132596685082873
yellow,OUTER,AIRPORT,16,2025,4767.0,40557.62,8755723.0,332601.52,0.0,16.67565682468484,69.77166352003357,13.204986149584487
yellow,OUTER,AIRPORT,17,2024,2351.0,20967.48,4332124.0,144710.44,0.0,17.423999867039818,61.55271799234369,6.494475138121547
yellow,OUTER,AIRPORT,17,2025,3780.0,32003.41,6733322.0,263216.31,0.0,17.110762859699864,69.63394444444444,10.470914127423823
yellow,OUTER,AIRPORT,18,2024,1796.0,16348.61,3006312.0,109232.74,0.0,19.577141693876083,60.82001113585746,4.961325966850829
yellow,OUTER,AIRPORT,18,2025,2743.0,22632.489999999998,4224095.0,184145.71,0.0,19.28862016597638,67.13296026248632,7.598337950138504
yellow,OUTER,AIRPORT,19,2024,1198.0,10704.18,1709880.0,68297.12,0.0,22.536697312092077,57.00928213689482,3.3093922651933703
yellow,OUTER,AIRPORT,19,2025,1608.0,13876.63,2322344.0,102081.71,0.0,21.51096822865174,63.48365049751244,4.454293628808864
yellow,OUTER,AIRPORT,20,2024,694.0,6490.33,981636.0,36212.6,0.0,23.80229331442612,52.17953890489913,1.9171270718232045
yellow,OUTER,AIRPORT,20,2025,926.0,8596.29,1293402.0,55551.19,0.0,23.92654719878275,59.99048596112311,2.565096952908587
yellow,OUTER,AIRPORT,21,2024,508.0,4890.94,660079.0,25599.55,0.0,26.674661669285037,50.39281496062992,1.4033149171270718
yellow,OUTER,AIRPORT,21,2025,712.0,6648.01,981927.0,38494.08,0.0,24.373335288672173,54.0647191011236,1.9722991689750693
yellow,OUTER,AIRPORT,22,2024,357.0,3201.83,459488.0,16947.47,0.0,25.08572149871161,47.47190476190477,0.9861878453038674
yellow,OUTER,AIRPORT,22,2025,473.0,4540.59,645811.0,26317.81,0.0,25.311002754675904,55.64019027484144,1.3102493074792243
yellow,OUTER,AIRPORT,23,2024,307.0,2513.38,375135.0,11708.02,0.0,24.11976488464153,38.136872964169385,0.8480662983425414
yellow,OUTER,AIRPORT,23,2025,309.0,2780.3,451547.0,13507.2,0.0,22.166197538683683,43.712621359223306,0.8559556786703602
yellow,OUTER,CRZ,0,2024,10741.0,73358.55,14026310.0,366801.54,0.0,18.82824349383409,34.149663904664365,29.671270718232044
yellow,OUTER,CRZ,0,2025,22018.0,133974.21,28227272.0,655545.5599999999,0.0,17.08656635327707,29.773165591788533,60.99168975069252
yellow,OUTER,CRZ,1,2024,5848.0,34858.47,6947561.0,181197.3,0.0,18.06252467592584,30.984490424076604,16.154696132596683
yellow,OUTER,CRZ,1,2025,14752.0,83583.45,17904232.0,400080.76,0.0,16.80610595305065,27.120441973969633,40.86426592797784
yellow,OUTER,CRZ,2,2024,4337.0,24207.32,4957976.0,124129.48,0.0,17.577001582903993,28.621046806548303,11.980662983425415
yellow,OUTER,CRZ,2,2025,10866.0,60225.09,12633982.0,284401.6,0.0,17.160885934458353,26.173532118534876,30.099722991689752
yellow,OUTER,CRZ,3,2024,3797.0,22568.15,4576002.0,111143.84,0.0,17.754655701636494,29.27148801685541,10.488950276243093
yellow,OUTER,CRZ,3,2025,9805.0,59442.52,12038124.0,266170.37,0.0,17.776280756038066,27.146391636919937,27.1606648199446
yellow,OUTER,CRZ,4,2024,5342.0,40429.03,8477763.0,174497.52,0.0,17.167796268897824,32.665204043429426,14.756906077348066
yellow,OUTER,CRZ,4,2025,13549.0,106571.63,21211024.0,432281.0,0.0,18.087663660179725,31.905011439958667,37.53185595567867
yellow,OUTER,CRZ,5,2024,8738.0,82836.83,19696942.0,339192.56,0.0,15.14004498769403,38.81810025177386,24.138121546961326
yellow,OUTER,CRZ,5,2025,21340.0,203355.12,44703705.0,763366.11,0.0,16.37623619787219,35.77160777881912,59.11357340720222
yellow,OUTER,CRZ,6,2024,16456.0,148324.91,41874812.0,624563.54,0.0,12.751571899594438,37.95354521147302,45.4585635359116
yellow,OUTER,CRZ,6,2025,37441.0,341982.47,88393142.0,1330236.96,0.0,13.927968438999486,35.52888437808819,103.71468144044321
yellow,OUTER,CRZ,7,2024,19744.0,164576.76,52263155.0,745915.79,0.0,11.336405848441412,37.77936537682334,54.5414364640884
yellow,OUTER,CRZ,7,2025,42291.0,343597.11,102664031.0,1501187.48,0.0,12.048519661184937,35.496618192996145,117.14958448753463
yellow,OUTER,CRZ,8,2024,20291.0,159173.44,53024578.0,767048.42,0.0,10.806769343831458,37.80239613621803,56.052486187845304
yellow,OUTER,CRZ,8,2025,42426.0,318007.64,102646946.0,1516734.2,0.0,11.153059575683821,35.75011078112478,117.5235457063712
yellow,OUTER,CRZ,9,2024,17696.0,147733.9,45817972.0,697981.97,0.0,11.607716727401204,39.44292325949367,48.88397790055249
yellow,OUTER,CRZ,9,2025,33828.0,256271.06,80303743.0,1206757.38,0.0,11.488578010616516,35.67332919474991,93.70637119113573
yellow,OUTER,CRZ,10,2024,15249.0,132018.47,38376757.0,616593.22,0.0,12.384227567743674,40.43499377008328,42.1243093922652
yellow,OUTER,CRZ,10,2025,27442.0,214988.82,65208337.0,988645.57,0.0,11.869030673179108,36.026731652211936,76.01662049861496
yellow,OUTER,CRZ,11,2024,15025.0,132187.37,38875951.0,617073.93,0.0,12.240846069591969,41.06981231281198,41.505524861878456
yellow,OUTER,CRZ,11,2025,25666.0,202459.78,60823347.0,937748.44,0.0,11.983148641918701,36.53660250915608,71.09695290858726
yellow,OUTER,CRZ,12,2024,15461.0,133233.95,38063332.0,634995.15,0.0,12.601162189374278,41.07076838496863,42.709944751381215
yellow,OUTER,CRZ,12,2025,24758.0,191816.01,56978852.0,908037.99,0.0,12.119191801196697,36.676548590354635,68.58171745152355
yellow,OUTER,CRZ,13,2024,14967.0,126524.64,35449069.0,620318.64,0.0,12.849102017319552,41.445756664662255,41.34530386740332
yellow,OUTER,CRZ,13,2025,24122.0,179382.74,52767785.0,880083.05,0.0,12.238108232134435,36.48466337782937,66.81994459833795
yellow,OUTER,CRZ,14,2024,13399.0,111387.84,31898727.0,568223.63,0.0,12.570916199884717,42.40791327711023,37.01381215469613
yellow,OUTER,CRZ,14,2025,24143.0,178561.01,53808112.0,909086.8200000001,0.0,11.946519067608245,37.65426086236177,66.8781163434903
yellow,OUTER,CRZ,15,2024,13487.0,109435.31,31597915.0,576529.1900000001,0.0,12.468136457737797,42.747029732334845,37.25690607734806
yellow,OUTER,CRZ,15,2025,23215.0,161069.72,50988974.0,873570.14,0.0,11.37208589449162,37.62955589058798,64.30747922437673
yellow,OUTER,CRZ,16,2024,14425.0,121625.71,33930577.0,677656.6,0.0,12.904365168915342,46.97792720970537,39.848066298342545
yellow,OUTER,CRZ,16,2025,21112.0,154842.01,47001026.0,863527.6799999999,0.0,11.85998016298623,40.9022205380826,58.48199445983379
yellow,OUTER,CRZ,17,2024,12142.0,93504.12,26280695.0,499257.21,0.0,12.80844482994076,41.118202108384125,33.5414364640884
yellow,OUTER,CRZ,17,2025,20467.0,135304.82,41236104.0,744633.16,0.0,11.812399929925485,36.38213514437876,56.69529085872576
yellow,OUTER,CRZ,18,2024,12374.0,91006.81,23138519.0,478087.81,0.0,14.15926905261309,38.63648052367868,34.18232044198895
yellow,OUTER,CRZ,18,2025,21784.0,135134.81,38329668.0,746753.97,0.0,12.692134875783427,34.27992884686008,60.34349030470914
yellow,OUTER,CRZ,19,2024,11970.0,90786.56,20073524.0,460118.55,0.0,16.281725919175926,38.43931077694236,33.06629834254144
yellow,OUTER,CRZ,19,2025,21512.0,130007.09,34661350.0,714576.11,0.0,13.502807132440024,33.21755810710301,59.59002770083102
yellow,OUTER,CRZ,20,2024,11317.0,87724.68,17409796.0,429792.14,0.0,18.13972133849242,37.97756826013961,31.26243093922652
yellow,OUTER,CRZ,20,2025,23183.0,152069.35,34770602.0,737672.5,0.0,15.744612647201219,31.81954449381012,64.21883656509695
yellow,OUTER,CRZ,21,2024,12134.0,93246.85,17937280.0,457648.84,0.0,18.71457991401149,37.716238668205044,33.51933701657459
yellow,OUTER,CRZ,21,2025,26025.0,172740.59,38471289.0,828451.08,0.0,16.16442131689427,31.832894524495675,72.09141274238227
yellow,OUTER,CRZ,22,2024,15686.0,113290.62999999999,22542111.0,557710.36,0.0,18.092638617563367,35.55465765650899,43.331491712707184
yellow,OUTER,CRZ,22,2025,32854.0,213258.47,46886875.0,1035178.85,0.0,16.374102390061182,31.508457113289097,91.00831024930748
yellow,OUTER,CRZ,23,2024,15523.0,109779.47,21444469.0,543866.88,0.0,18.429278523986767,35.03619661147974,42.88121546961326
yellow,OUTER,CRZ,23,2025,29972.0,193711.15,41038885.0,944022.37,0.0,16.992667807617092,31.496809355398373,83.02493074792244
yellow,OUTER,CRZ_PARTIAL,0,2024,1479.0,12091.02,2082615.0,57099.12,0.0,20.900489048623964,38.606572008113595,4.085635359116022
yellow,OUTER,CRZ_PARTIAL,0,2025,2664.0,19760.41,3885291.0,90565.24,0.0,18.309433193034963,33.995960960960964,7.379501385041551
yellow,OUTER,CRZ_PARTIAL,1,2024,675.0,4953.14,921210.0,24749.96,0.0,19.35639430748689,36.666607407407405,1.8646408839779005
yellow,OUTER,CRZ_PARTIAL,1,2025,1682.0,12216.67,2435806.0,54876.34,0.0,18.055630046070995,32.62564803804994,4.659279778393352
yellow,OUTER,CRZ_PARTIAL,2,2024,460.0,3175.19,626582.0,15312.02,0.0,18.242917926145342,33.287,1.270718232044199
yellow,OUTER,CRZ_PARTIAL,2,2025,1245.0,8769.09,1751017.0,38263.58,0.0,18.02879355254689,30.73379919678715,3.4487534626038783
yellow,OUTER,CRZ_PARTIAL,3,2024,450.0,3348.29,644609.0,15134.74,0.0,18.69946587776466,33.632755555555555,1.2430939226519337
yellow,OUTER,CRZ_PARTIAL,3,2025,1335.0,10795.43,2139621.0,44024.99,0.0,18.163753300234013,32.97752059925094,3.698060941828255
yellow,OUTER,CRZ_PARTIAL,4,2024,849.0,7441.79,1514572.0,31772.73,0.0,17.68845852161535,37.423710247349824,2.345303867403315
yellow,OUTER,CRZ_PARTIAL,4,2025,2339.0,23154.93,4730644.0,87691.51,0.0,17.620803425495556,37.49102607952116,6.479224376731302
yellow,OUTER,CRZ_PARTIAL,5,2024,1754.0,17346.93,4099398.0,71257.59,0.0,15.233687482893831,40.625763968072974,4.845303867403315
yellow,OUTER,CRZ_PARTIAL,5,2025,4467.0,42476.24,9492738.0,162438.37,0.0,16.10857310082718,36.36408551600627,12.373961218836564
yellow,OUTER,CRZ_PARTIAL,6,2024,3336.0,28201.91,7987189.0,120381.36,0.0,12.71121492179539,36.085539568345325,9.215469613259668
yellow,OUTER,CRZ_PARTIAL,6,2025,8012.0,67081.99,16837071.0,266812.99,0.0,14.343062638388828,33.301671243135296,22.193905817174514
yellow,OUTER,CRZ_PARTIAL,7,2024,3495.0,29908.39,10200653.0,134425.44,0.0,10.555226611472815,38.46221459227468,9.654696132596685
yellow,OUTER,CRZ_PARTIAL,7,2025,8206.0,66826.39,20881222.0,294079.17,0.0,11.52111710703521,35.83709115281501,22.73130193905817
yellow,OUTER,CRZ_PARTIAL,8,2024,3594.0,30624.8,11170493.0,139506.97,0.0,9.869687935886088,38.8166304952699,9.92817679558011
yellow,OUTER,CRZ_PARTIAL,8,2025,6836.0,56524.020000000004,19236549.0,254688.62,0.0,10.578117311998115,37.256966062024574,18.93628808864266
yellow,OUTER,CRZ_PARTIAL,9,2024,3164.0,27413.34,9639526.0,121644.23,0.0,10.237850284339707,38.446343236409604,8.740331491712707
yellow,OUTER,CRZ_PARTIAL,9,2025,5643.0,46744.0,15727354.0,206820.91,0.0,10.699727366726787,36.65087896508949,15.631578947368421
yellow,OUTER,CRZ_PARTIAL,10,2024,2629.0,22835.27,7523528.0,102163.69,0.0,10.926651964344389,38.860285279573986,7.262430939226519
yellow,OUTER,CRZ_PARTIAL,10,2025,4731.0,39329.8,12685216.0,172385.5,0.0,11.161597878979752,36.437433946311565,13.105263157894736
yellow,OUTER,CRZ_PARTIAL,11,2024,2678.0,23349.54,7586676.0,103181.76,0.0,11.079732942332058,38.52941000746826,7.397790055248619
yellow,OUTER,CRZ_PARTIAL,11,2025,4193.0,35177.87,11249825.0,155048.39,0.0,11.257093510343497,36.97791318864775,11.614958448753463
yellow,OUTER,CRZ_PARTIAL,12,2024,2691.0,23621.07,7257418.0,106509.2,0.0,11.717094426695555,39.57978446674099,7.433701657458563
yellow,OUTER,CRZ_PARTIAL,12,2025,4209.0,35337.35,10966904.0,157696.46,0.0,11.599851699258059,37.466490852934186,11.659279778393351
yellow,OUTER,CRZ_PARTIAL,13,2024,2372.0,20658.06,6185494.0,95773.75,0.0,12.02313283304454,40.37679173693086,6.552486187845304
yellow,OUTER,CRZ_PARTIAL,13,2025,3878.0,31226.329999999998,9648513.0,146340.74,0.0,11.650996169046982,37.73613718411552,10.742382271468143
yellow,OUTER,CRZ_PARTIAL,14,2024,1983.0,16103.38,4767525.0,78481.96,0.0,12.159803671716457,39.57738779626828,5.4779005524861875
yellow,OUTER,CRZ_PARTIAL,14,2025,3474.0,26374.13,8155351.0,130792.3,0.0,11.642278548158137,37.64890616004606,9.623268698060942
yellow,OUTER,CRZ_PARTIAL,15,2024,1798.0,14414.37,4091291.0,73428.95,0.0,12.68346152840265,40.83923804226919,4.966850828729282
yellow,OUTER,CRZ_PARTIAL,15,2025,3104.0,22189.920000000002,6865503.0,117758.09,0.0,11.635522116879129,37.93752899484536,8.598337950138504
yellow,OUTER,CRZ_PARTIAL,16,2024,1884.0,16381.15,4166076.0,82000.95,0.0,14.155320258199803,43.524920382165604,5.204419889502763
yellow,OUTER,CRZ_PARTIAL,16,2025,2748.0,21373.26,6194718.0,111419.03,0.0,12.420861772884574,40.545498544395926,7.61218836565097
yellow,OUTER,CRZ_PARTIAL,17,2024,1618.0,13213.33,3380785.0,64695.31,0.0,14.070101470516462,39.98474042027194,4.469613259668508
yellow,OUTER,CRZ_PARTIAL,17,2025,2704.0,19428.72,5455788.0,99162.06,0.0,12.820034796073456,36.67235946745562,7.490304709141275
yellow,OUTER,CRZ_PARTIAL,18,2024,1603.0,13233.14,3120566.0,63528.19,0.0,15.266238240114133,39.6308109794136,4.428176795580111
yellow,OUTER,CRZ_PARTIAL,18,2025,2783.0,19357.49,5193878.0,99412.14,0.0,13.417135327398912,35.721214516708585,7.7091412742382275
yellow,OUTER,CRZ_PARTIAL,19,2024,1458.0,12416.84,2416060.0,57701.39,0.0,18.501454434078624,39.57571330589849,4.027624309392265
yellow,OUTER,CRZ_PARTIAL,19,2025,2565.0,17949.989999999998,4211794.0,90181.08,0.0,15.342622170030156,35.15831578947368,7.105263157894737
yellow,OUTER,CRZ_PARTIAL,20,2024,1438.0,12544.98,2231008.0,57153.52,0.0,20.242835525466514,39.74514603616133,3.972375690607735
yellow,OUTER,CRZ_PARTIAL,20,2025,2630.0,20268.81,4048731.0,92520.95,0.0,18.022367008329276,35.179068441064636,7.285318559556787
yellow,OUTER,CRZ_PARTIAL,21,2024,1734.0,15334.51,2638328.0,70294.38,0.0,20.923947287827744,40.53885813148789,4.790055248618785
yellow,OUTER,CRZ_PARTIAL,21,2025,3245.0,26426.27,5200962.0,118384.83,0.0,18.291726030684323,36.482228043143294,8.988919667590027
yellow,OUTER,CRZ_PARTIAL,22,2024,2144.0,18275.89,3306109.0,84300.01,0.0,19.900494508801735,39.31903451492537,5.922651933701657
yellow,OUTER,CRZ_PARTIAL,22,2025,4156.0,32760.41,6605747.0,147699.29,0.0,17.853768241502436,35.538808950914344,11.512465373961218
yellow,OUTER,CRZ_PARTIAL,23,2024,2054.0,17647.8,3101222.0,79958.3,0.0,20.486143849102064,38.928091528724444,5.6740331491712706
yellow,OUTER,CRZ_PARTIAL,23,2025,3852.0,30135.79,5907992.0,138997.86000000002,0.0,18.363065488240338,36.084595015576326,10.670360110803324
yellow,OUTER,MN_NORTH,0,2024,3768.0,34460.909999999996,5577127.0,146700.49,0.0,22.244298184351905,38.93325106157112,10.408839779005525
yellow,OUTER,MN_NORTH,0,2025,10148.0,92767.04,15767672.0,358161.04,0.0,21.18013007880935,35.29375640520299,28.110803324099724
yellow,OUTER,MN_NORTH,1,2024,1940.0,17407.15,2818177.0,72554.08,0.0,22.23626833942652,37.39901030927835,5.359116022099448
yellow,OUTER,MN_NORTH,1,2025,6842.0,63909.77,10491448.0,238771.33,0.0,21.929782428507483,34.89788512130956,18.952908587257618
yellow,OUTER,MN_NORTH,2,2024,1408.0,12788.08,2221928.0,52945.479999999996,0.0,20.719432852909726,37.60332386363636,3.889502762430939
yellow,OUTER,MN_NORTH,2,2025,5104.0,48301.02,7832285.0,175494.38999999998,0.0,22.200886714413482,34.383697100313476,14.138504155124654
yellow,OUTER,MN_NORTH,3,2024,1439.0,15135.57,2373234.0,57305.81,0.0,22.95940981799519,39.82335649756775,3.9751381215469612
yellow,OUTER,MN_NORTH,3,2025,4858.0,48978.53,7793647.0,172577.29,0.0,22.623902262958538,35.52434952655414,13.457063711911358
yellow,OUTER,MN_NORTH,4,2024,1844.0,18969.5,3261391.0,71583.91,0.0,20.938979717549966,38.81990780911063,5.093922651933702
yellow,OUTER,MN_NORTH,4,2025,5353.0,52122.659999999996,8580787.0,186317.61000000002,0.0,21.867641744282896,34.80620399775827,14.828254847645429
yellow,OUTER,MN_NORTH,5,2024,2662.0,28713.56,6182136.0,111675.44,0.0,16.720566483817244,41.951705484598044,7.3535911602209945
yellow,OUTER,MN_NORTH,5,2025,6866.0,71770.19,14376877.0,255005.48,0.0,17.97140533371747,37.14032624526653,19.019390581717452
yellow,OUTER,MN_NORTH,6,2024,5378.0,53227.64,14372397.0,213493.72,0.0,13.33246667205199,39.69760505764225,14.856353591160222
yellow,OUTER,MN_NORTH,6,2025,13834.0,132746.95,32214549.0,497271.13,0.0,14.83457117465776,35.94557828538384,38.3213296398892
yellow,OUTER,MN_NORTH,7,2024,6355.0,55828.54,17378379.0,242268.15,0.0,11.565103051326018,38.12244689221086,17.555248618784532
yellow,OUTER,MN_NORTH,7,2025,16696.0,135894.35,39343751.0,582321.82,0.0,12.434494616438581,34.877924053665545,46.24930747922438
yellow,OUTER,MN_NORTH,8,2024,6250.0,53355.04,17132069.0,232307.27,0.0,11.211613962096465,37.1691632,17.265193370165747
yellow,OUTER,MN_NORTH,8,2025,14873.0,119020.76,36252473.0,514962.24,0.0,11.819186404193722,34.623965575203385,41.199445983379505
yellow,OUTER,MN_NORTH,9,2024,5660.0,49762.4,15313481.0,207129.74,0.0,11.698492328426175,36.595360424028264,15.6353591160221
yellow,OUTER,MN_NORTH,9,2025,11989.0,99188.95,29334714.0,412321.44,0.0,12.172616375261065,34.39164567520227,33.21052631578947
yellow,OUTER,MN_NORTH,10,2024,4972.0,43499.82,13105538.0,183351.46,0.0,11.94909754944818,36.87680209171359,13.734806629834255
yellow,OUTER,MN_NORTH,10,2025,10139.0,83595.92,24484516.0,349308.03,0.0,12.291250192570683,34.45192129401322,28.085872576177284
yellow,OUTER,MN_NORTH,11,2024,4748.0,41867.4,12672203.0,174993.03,0.0,11.893957191184517,36.85615627632687,13.116022099447514
yellow,OUTER,MN_NORTH,11,2025,9120.0,75240.88,22381810.0,318455.75,0.0,12.102111848862982,34.91839364035088,25.263157894736842
yellow,OUTER,MN_NORTH,12,2024,5024.0,44379.2,12997260.0,188821.85,0.0,12.292215436176548,37.58396695859873,13.878453038674033
yellow,OUTER,MN_NORTH,12,2025,9496.0,78395.46,23100407.0,334161.95,0.0,12.217259029245676,35.18975884582982,26.304709141274238
yellow,OUTER,MN_NORTH,13,2024,4839.0,41406.51,12109326.0,179851.76,0.0,12.309804525867088,37.16713370531102,13.367403314917127
yellow,OUTER,MN_NORTH,13,2025,9463.0,76136.91,22970059.0,332861.9,0.0,11.932615236208143,35.17509246539153,26.213296398891966
yellow,OUTER,MN_NORTH,14,2024,4576.0,36955.87,11253442.0,170019.24,0.0,11.822261313471914,37.154554195804195,12.640883977900552
yellow,OUTER,MN_NORTH,14,2025,9736.0,76586.78,23847147.0,350491.84,0.0,11.56165171456359,35.9995727198028,26.969529085872576
yellow,OUTER,MN_NORTH,15,2024,4377.0,35241.09,10808867.0,164176.45,0.0,11.737393382673687,37.50889878912498,12.091160220994475
yellow,OUTER,MN_NORTH,15,2025,9609.0,70701.17,23247777.0,342116.41000000003,0.0,10.948324736597396,35.60374752835883,26.617728531855956
yellow,OUTER,MN_NORTH,16,2024,4493.0,37544.5,10629944.0,175170.31,0.0,12.715043465892201,38.987382595148006,12.411602209944752
yellow,OUTER,MN_NORTH,16,2025,8625.0,67709.44,21117825.0,316667.32,0.0,11.542570506195595,36.7150515942029,23.89196675900277
yellow,OUTER,MN_NORTH,17,2024,3896.0,31548.35,8555418.0,147925.06,0.0,13.275103565950838,37.96844455852156,10.762430939226519
yellow,OUTER,MN_NORTH,17,2025,8235.0,62617.83,18490529.0,294025.41,0.0,12.19133254651611,35.7043606557377,22.81163434903047
yellow,OUTER,MN_NORTH,18,2024,3630.0,29696.76,6930580.0,135468.57,0.0,15.42559728045849,37.3191652892562,10.027624309392266
yellow,OUTER,MN_NORTH,18,2025,7907.0,61289.76,15653672.0,281723.2,0.0,14.095295723584856,35.629594030605794,21.90304709141274
yellow,OUTER,MN_NORTH,19,2024,3650.0,30637.72,6051514.0,137050.86,0.0,18.226148365516465,37.5481808219178,10.082872928176796
yellow,OUTER,MN_NORTH,19,2025,7752.0,60611.61,14118763.0,277168.02,0.0,15.454738917283334,35.75438854489164,21.473684210526315
yellow,OUTER,MN_NORTH,20,2024,3650.0,31785.63,5598588.0,138089.85,0.0,20.43877277627859,37.83283561643836,10.082872928176796
yellow,OUTER,MN_NORTH,20,2025,8637.0,73476.41,14379185.0,301570.97000000003,0.0,18.3956932190524,34.91617112423295,23.925207756232687
yellow,OUTER,MN_NORTH,21,2024,4237.0,37896.33,6535313.0,163483.04,0.0,20.875325787762574,38.58462119424121,11.704419889502763
yellow,OUTER,MN_NORTH,21,2025,10056.0,88596.57,16716411.0,355685.79,0.0,19.079912069642223,35.37050417661098,27.85595567867036
yellow,OUTER,MN_NORTH,22,2024,5207.0,46891.69,7907627.0,201559.15,0.0,21.347755021828927,38.70926637219128,14.383977900552486
yellow,OUTER,MN_NORTH,22,2025,13067.0,118227.96,21826336.0,476340.12,0.0,19.500325478357887,36.453671079819394,36.19667590027701
yellow,OUTER,MN_NORTH,23,2024,5500.0,50669.25,8299104.0,215314.33000000002,0.0,21.979396811993198,39.14806,15.193370165745856
yellow,OUTER,MN_NORTH,23,2025,13339.0,120665.51,21478292.0,481298.73,0.0,20.224878030338726,36.08206987030512,36.95013850415513
yellow,OUTER,OUTER,0,2024,28639.0,149175.13999999998,28984918.0,687241.27,0.0,18.5279290422695,23.996692272774887,79.11325966850829
yellow,OUTER,OUTER,0,2025,87818.0,475082.81,94400291.0,2000759.33,0.0,18.117508938611216,22.783020906875585,243.26315789473685
yellow,OUTER,OUTER,1,2024,15239.0,70783.29000000001,13842557.0,331386.65,0.0,18.40843740069122,21.74595774000919,42.09668508287293
yellow,OUTER,OUTER,1,2025,56961.0,296977.13,57456791.0,1222558.08,0.0,18.607333430786277,21.46307262864065,157.78670360110803
yellow,OUTER,OUTER,2,2024,10729.0,50826.31,9750516.0,234470.72,0.0,18.765644402819298,21.853921148289682,29.638121546961326
yellow,OUTER,OUTER,2,2025,41879.0,218476.03,41104931.0,882054.7,0.0,19.13429091998719,21.061980945103752,116.00831024930748
yellow,OUTER,OUTER,3,2024,10873.0,54497.340000000004,10384594.0,243960.84,0.0,18.89245010445281,22.437307090959255,30.035911602209946
yellow,OUTER,OUTER,3,2025,40166.0,217694.42,40129646.0,868723.71,0.0,19.529200731050555,21.628335159089776,111.26315789473684
yellow,OUTER,OUTER,4,2024,15485.0,88446.91,17040564.0,384942.54,0.0,18.68534844269239,24.85905973522764,42.77624309392265
yellow,OUTER,OUTER,4,2025,47696.0,271764.86,50065281.0,1107919.26,0.0,19.54155607355924,23.228766772895003,132.1218836565097
yellow,OUTER,OUTER,5,2024,14475.0,99749.53,22169416.0,416486.51,0.0,16.19791464060217,28.772815889464596,39.98618784530387
yellow,OUTER,OUTER,5,2025,42978.0,279066.91,56791087.0,1080825.01,0.0,17.690115281646218,25.148331937270232,119.05263157894737
yellow,OUTER,OUTER,6,2024,23786.0,160242.63999999998,44307894.0,682286.83,0.0,13.019655233444405,28.684387034389975,65.70718232044199
yellow,OUTER,OUTER,6,2025,61956.0,408013.92,100175038.0,1640449.31,0.0,14.662835585847244,26.47765042933695,171.62326869806094
yellow,OUTER,OUTER,7,2024,35563.0,201589.0,66124615.0,955129.86,0.0,10.97504159381495,26.857404043528387,98.24033149171271
yellow,OUTER,OUTER,7,2025,95213.0,526050.71,155738626.0,2449266.75,0.0,12.1600055467293,25.72407916986126,263.74792243767314
yellow,OUTER,OUTER,8,2024,38025.0,205811.05,68266627.0,1002306.97,0.0,10.853323396218183,26.359157659434583,105.04143646408839
yellow,OUTER,OUTER,8,2025,105992.0,550272.97,168981758.0,2627588.27,0.0,11.723056473350217,24.790439561476337,293.606648199446
yellow,OUTER,OUTER,9,2024,34614.0,197360.83,62109374.0,927666.71,0.0,11.439480745692267,26.800332524412088,95.61878453038673
yellow,OUTER,OUTER,9,2025,91390.0,479745.89,144600706.0,2221186.7,0.0,11.94382276390822,24.304482985009304,253.1578947368421
yellow,OUTER,OUTER,10,2024,32196.0,180599.76,57162793.0,852562.77,0.0,11.373816811225442,26.48039414834141,88.93922651933701
yellow,OUTER,OUTER,10,2025,79628.0,424558.6,128730060.0,1957632.51,0.0,11.872991902590584,24.584725347867586,220.57617728531855
yellow,OUTER,OUTER,11,2024,31676.0,182638.59,58595677.0,854393.71,0.0,11.220945941114392,26.972904091425683,87.50276243093923
yellow,OUTER,OUTER,11,2025,76299.0,412518.08,127401997.0,1905317.21,0.0,11.656529120183258,24.971719288588318,211.3545706371191
yellow,OUTER,OUTER,12,2024,33263.0,192569.66,61787113.0,897766.9199999999,0.0,11.21998977359567,26.989956408020923,91.88674033149171
yellow,OUTER,OUTER,12,2025,80516.0,434702.39,135177767.0,2022739.19,0.0,11.576819463218387,25.1222016742014,223.0360110803324
yellow,OUTER,OUTER,13,2024,33633.0,190595.56,61790398.0,908687.0499999999,0.0,11.10437929207059,27.017722177623167,92.90883977900552
yellow,OUTER,OUTER,13,2025,87073.0,455629.79,145093286.0,2185800.18,0.0,11.304914853193138,25.10307649902955,241.1994459833795
yellow,OUTER,OUTER,14,2024,33674.0,185519.61,63935719.0,906617.34,0.0,10.44596989673331,26.92336342578844,93.02209944751381
yellow,OUTER,OUTER,14,2025,93395.0,472475.14,159319484.0,2334128.99,0.0,10.676098499038574,24.992012313293007,258.71191135734074
yellow,OUTER,OUTER,15,2024,31394.0,174461.29,62667615.0,864436.4199999999,0.0,10.022092655034024,27.535083773969546,86.72375690607734
yellow,OUTER,OUTER,15,2025,89425.0,451195.07,161746787.0,2315127.63,0.0,10.042253587392745,25.889042549622587,247.7146814404432
yellow,OUTER,OUTER,16,2024,27982.0,158555.91,55994536.0,777767.33,0.0,10.193874559474875,27.795273032663854,77.29834254143647
yellow,OUTER,OUTER,16,2025,68803.0,364680.39999999997,129177911.0,1824989.55,0.0,10.163110936203326,26.524854294144152,190.59002770083103
yellow,OUTER,OUTER,17,2024,27782.0,147179.14,50197544.0,747234.72,0.0,10.555195768143559,26.896361673025698,76.74585635359117
yellow,OUTER,OUTER,17,2025,71629.0,356867.62,122837741.0,1854969.55,0.0,10.458702850942203,25.89690697901688,198.41828254847644
yellow,OUTER,OUTER,18,2024,26352.0,131515.29,39498579.0,666704.25,0.0,11.986634860965506,25.299948770491802,72.79558011049724
yellow,OUTER,OUTER,18,2025,72388.0,344890.44,107235270.0,1787611.28,0.0,11.5783322408756,24.694856606067304,200.5207756232687
yellow,OUTER,OUTER,19,2024,25253.0,128392.45,33833995.0,633831.2,0.0,13.661195492876322,25.0992436542193,69.75966850828729
yellow,OUTER,OUTER,19,2025,73343.0,346319.95999999996,100314723.0,1779009.98,0.0,12.428403515603586,24.256029614278116,203.16620498614958
yellow,OUTER,OUTER,20,2024,24632.0,129870.23000000001,29915211.0,612648.25,0.0,15.628598708529918,24.87204652484573,68.04419889502762
yellow,OUTER,OUTER,20,2025,82791.0,427468.13,103447912.0,1937674.61,0.0,14.87594324765105,23.404411228273606,229.33795013850417
yellow,OUTER,OUTER,21,2024,25636.0,136088.83,29002362.0,628758.36,0.0,16.892409935439048,24.526383211109376,70.81767955801105
yellow,OUTER,OUTER,21,2025,85768.0,456682.75,102588045.0,2013553.1800000002,0.0,16.025823476799857,23.476741675216864,237.58448753462605
yellow,OUTER,OUTER,22,2024,34424.0,182368.87,37972439.0,846127.04,0.0,17.28959080031704,24.579567743434815,95.0939226519337
yellow,OUTER,OUTER,22,2025,106202.0,576846.2999999999,124319915.0,2537004.56,0.0,16.704054857180363,23.888481949492476,294.1883656509695
yellow,OUTER,OUTER,23,2024,38277.0,206527.51,41413026.0,950169.09,0.0,17.9532651393308,24.823499490555687,105.73756906077348
yellow,OUTER,OUTER,23,2025,111551.0,621309.8,127177218.0,2693381.27,0.0,17.587389590484676,24.14484200051994,309.005540166205
