d,service,pu_grp,n,expected_log,mad,z,dev_pct,grp,flag
2024-01-01,hvfhv,AIRPORT,21152.0,10.011986513315012,0.06973112233761695,-0.7528456290926553,-5.1142614769453925,AIRPORT,False
2024-01-02,hvfhv,AIRPORT,23292.0,9.735332685873335,0.10842854621641652,2.956163835710879,37.786134502649496,AIRPORT,False
2024-01-03,hvfhv,AIRPORT,21697.0,9.830213358892061,0.1806042623435012,0.8566570922730868,16.73263025475824,AIRPORT,False
2024-01-04,hvfhv,AIRPORT,19550.0,9.844529155235271,0.01749262791598716,2.0695238218126253,3.6864660557672346,AIRPORT,False
2024-01-05,hvfhv,AIRPORT,18153.0,9.830923798316578,0.04218813200982049,-0.5767660682507315,-2.4039029905714937,AIRPORT,False
2024-01-06,hvfhv,AIRPORT,17171.0,9.518358016399404,0.18498618782128973,1.2574948413939235,26.19008268446885,AIRPORT,False
2024-01-07,hvfhv,AIRPORT,23445.0,9.95326884822693,0.01687307803675382,6.468510550298821,11.532259205611783,AIRPORT,True
2024-01-08,hvfhv,AIRPORT,20764.0,9.99501787038172,0.052674002172953815,-1.0259686221896318,-5.260756490395558,AIRPORT,False
2024-01-09,hvfhv,AIRPORT,15047.0,9.765202019731785,0.08856854875707833,-1.6514677842817918,-13.607395073778417,AIRPORT,False
2024-01-10,hvfhv,AIRPORT,20728.0,9.721185995542177,0.062499531402775296,3.4889017854314104,24.36551268974614,AIRPORT,False
2024-01-11,hvfhv,AIRPORT,20820.0,9.847446161652503,0.03471491303261454,2.7718110780244705,10.100475938656839,AIRPORT,False
2024-01-12,hvfhv,AIRPORT,21416.0,9.821246597152218,0.028694836892559594,5.24996843899233,16.258617881765304,AIRPORT,True
2024-01-13,hvfhv,AIRPORT,18188.0,9.417842227300435,0.05410609102916303,7.22053802470951,47.797822200552616,AIRPORT,True
2024-01-14,hvfhv,AIRPORT,20632.0,9.957360018000617,0.03345874694204876,-0.680284604765959,-2.25043824323673,AIRPORT,False
2024-01-15,hvfhv,AIRPORT,25363.0,9.98299713727402,0.026337001086476908,6.001046219790726,17.122424009203385,AIRPORT,True
2024-01-16,hvfhv,AIRPORT,23138.0,9.716285828606342,0.10808376696698654,3.0804416548896527,39.50715970165426,AIRPORT,False
2024-01-17,hvfhv,AIRPORT,21265.0,9.722085168545567,0.04234285872493884,5.732551992272636,27.47277662453762,AIRPORT,True
2024-01-18,hvfhv,AIRPORT,18910.0,9.856236599263537,0.04216635642402292,-0.20847040997895538,-0.8751914674799188,AIRPORT,False
2024-01-19,hvfhv,AIRPORT,18421.0,9.86863266333447,0.0756003509769308,-0.626796907288324,-4.628087219592203,AIRPORT,False
2024-01-20,hvfhv,AIRPORT,15228.0,9.459716648302713,0.0980444954811362,1.7458855630769126,18.669777317225943,AIRPORT,False
2024-01-21,hvfhv,AIRPORT,23226.0,9.941985040408891,0.01687307803675382,6.581050544241772,11.744248586852923,AIRPORT,True
2024-01-22,hvfhv,AIRPORT,22812.0,9.988931034353595,0.04364965907765604,1.0563875846269508,4.719059860448138,AIRPORT,False
2024-01-23,hvfhv,AIRPORT,17417.0,9.727108305197802,0.1603793512647485,0.23752256280858997,3.8828581653346017,AIRPORT,False
2024-01-24,hvfhv,AIRPORT,16667.0,9.76984186766621,0.13463672741386742,-0.3613863249547616,-4.749114184478209,AIRPORT,False
2024-01-25,hvfhv,AIRPORT,18800.0,9.870861049709035,0.03471491303261454,-0.8425457054584982,-2.882529186899596,AIRPORT,False
2024-01-26,hvfhv,AIRPORT,18781.0,9.874676470682008,0.07921513049526699,-0.4301636693397438,-3.3501440922189873,AIRPORT,False
2024-01-27,hvfhv,AIRPORT,12159.0,9.50159106930499,0.17827212418511612,-0.537190850483881,-9.132351842164265,AIRPORT,False
2024-01-28,hvfhv,AIRPORT,20935.0,9.957360018000617,0.0549518714776375,-0.14890010708193618,-0.8148955322877627,AIRPORT,False
2024-01-29,hvfhv,AIRPORT,21784.0,10.015029931329074,0.09606812342409386,-0.2716707274510397,-2.576126442007731,AIRPORT,False
2024-01-30,hvfhv,AIRPORT,16407.0,9.841000293163791,0.2432137194213363,-0.5572750643811669,-12.675309641126475,AIRPORT,False
2024-01-31,hvfhv,AIRPORT,15979.0,9.845044102008647,0.17927114844867545,-0.9260467415189668,-15.29651694065447,AIRPORT,False
2024-02-01,hvfhv,AIRPORT,18469.0,9.871325757750954,0.0397286428897512,-1.1950276783124252,-4.636742943030847,AIRPORT,False
2024-02-02,hvfhv,AIRPORT,17742.0,9.885670398935005,0.07850229759308663,-1.2990754790781334,-9.695275767751033,AIRPORT,False
2024-02-03,hvfhv,AIRPORT,11865.0,9.540331703166558,0.1579331423067082,-1.006650864882718,-14.698959573026738,AIRPORT,False
2024-02-04,hvfhv,AIRPORT,21107.0,9.971801112990736,0.08779147125486435,-0.16449314248527797,-1.4337322507852912,AIRPORT,False
2024-02-05,hvfhv,AIRPORT,21917.0,10.064120200019183,0.12156093733400555,-0.5684583481582974,-6.67688220161744,AIRPORT,False
2024-02-06,hvfhv,AIRPORT,16766.0,9.819939245206896,0.18932541090503818,-0.4903247776689416,-8.865244031671327,AIRPORT,False
2024-02-07,hvfhv,AIRPORT,16449.0,9.826052891875356,0.1541425466087463,-0.7657387943823013,-11.133320971233218,AIRPORT,False
2024-02-08,hvfhv,AIRPORT,19358.0,9.859618313722688,0.06956162166909943,0.16162268383891001,1.1306173055081414,AIRPORT,False
2024-02-09,hvfhv,AIRPORT,20102.0,9.885670398935005,0.07850229759308663,0.2917646152014903,2.3168507787548753,AIRPORT,False
2024-02-10,hvfhv,AIRPORT,12306.0,9.520077734522944,0.1258786596397532,-0.8121750542553685,-9.718309327198826,AIRPORT,False
2024-02-11,hvfhv,AIRPORT,20636.0,9.975892282764423,0.08779147125486435,-0.4681534528629556,-4.02667333820067,AIRPORT,False
2024-02-12,hvfhv,AIRPORT,21527.0,10.115167072128681,0.09285224985260808,-1.487350410501177,-12.899175142074903,AIRPORT,False
2024-02-13,hvfhv,AIRPORT,15054.0,9.895737518638903,0.15245855131795039,-1.8125483986013096,-24.144388625684797,AIRPORT,False
2024-02-14,hvfhv,AIRPORT,16697.0,9.826052891875356,0.14756343064164185,-0.698469464136424,-9.79348654974046,AIRPORT,False
2024-02-15,hvfhv,AIRPORT,17662.0,9.871325757750954,0.05639374746729932,-1.6341357661262592,-8.803625202220456,AIRPORT,False
2024-02-16,hvfhv,AIRPORT,19864.0,9.891625531133347,0.06267705784199973,0.0803929895266935,0.5051512136439174,AIRPORT,False
2024-02-17,hvfhv,AIRPORT,13381.0,9.512016689048622,0.14853149037643887,-0.07019130904301411,-1.0371461345140331,AIRPORT,False
2024-02-18,hvfhv,AIRPORT,18736.0,10.023726083666967,0.08839272485859183,-2.0988604902299905,-16.933109890890208,AIRPORT,False
2024-02-19,hvfhv,AIRPORT,27005.0,10.064120200019183,0.10986414569773777,1.2711800753636109,14.987945254611489,AIRPORT,False
2024-02-20,hvfhv,AIRPORT,21181.0,9.819939245206896,0.1406173907743353,1.0021561800506829,15.133321374518083,AIRPORT,False
2024-02-21,hvfhv,AIRPORT,17498.0,9.802624128816728,0.13237818182440847,-0.24764096846413072,-3.2250746740906666,AIRPORT,False
2024-02-22,hvfhv,AIRPORT,19376.0,9.894273660822488,0.07746864156805155,-0.29022317384854096,-2.2232331588015963,AIRPORT,False
2024-02-23,hvfhv,AIRPORT,19432.0,9.91460710146919,0.036942552763839336,-1.0808844489563267,-3.9143909328844484,AIRPORT,False
2024-02-24,hvfhv,AIRPORT,13167.0,9.520077734522944,0.15973212000395104,-0.21666748156691285,-3.4016722664736765,AIRPORT,False
2024-02-25,hvfhv,AIRPORT,21904.0,10.008605044080301,0.1051220983296162,-0.134895486081416,-1.4080426881811992,AIRPORT,False
2024-02-26,hvfhv,AIRPORT,24178.0,10.147749019253608,0.06244246679270253,-0.8736139728875298,-5.308941691205082,AIRPORT,False
2024-02-27,hvfhv,AIRPORT,20268.0,9.89256981847728,0.1114936488357373,0.21731056765587672,2.4524649174054503,AIRPORT,False
2024-02-28,hvfhv,AIRPORT,20338.0,9.813538017842438,0.11693516169478123,0.9125426173110337,11.260967949475752,AIRPORT,False
2024-02-29,hvfhv,AIRPORT,21423.0,9.893306763996375,0.04875398415728408,1.6186087677729981,8.211085202993896,AIRPORT,False
2024-03-01,hvfhv,AIRPORT,20879.0,9.902619459386344,0.03006111216751904,1.4596828120831455,4.485663931046813,AIRPORT,False
2024-03-02,hvfhv,AIRPORT,14459.0,9.493530023830667,0.08949134643011622,0.9558724570566082,8.930765245871996,AIRPORT,False
2024-03-03,hvfhv,AIRPORT,23385.0,10.020897985196466,0.11093076363558999,0.35113870748676373,3.972066420306364,AIRPORT,False
2024-03-04,hvfhv,AIRPORT,25856.0,10.128411393055664,0.061347060917268464,0.5197733646630492,3.240039169556219,AIRPORT,False
2024-03-05,hvfhv,AIRPORT,19432.0,9.938829199494899,0.04349330711732769,-1.4750023179389946,-6.21382499198968,AIRPORT,False
2024-03-06,hvfhv,AIRPORT,19580.0,9.813538017842438,0.12990495336663968,0.5290475571635274,7.11425668456751,AIRPORT,False
2024-03-07,hvfhv,AIRPORT,20286.0,9.924759270930098,0.07444870297576839,-0.09500499956943119,-0.7048044206496629,AIRPORT,False
2024-03-08,hvfhv,AIRPORT,20438.0,9.902619459386344,0.030039733362880197,0.7500643402399065,2.2787489545829764,AIRPORT,False
2024-03-09,hvfhv,AIRPORT,13885.0,9.493530023830667,0.06841556976947133,0.6582474729360143,4.606381868658382,AIRPORT,False
2024-03-10,hvfhv,AIRPORT,23780.0,10.035918450976869,0.10572417046279599,0.3847910945039666,4.152055686016798,AIRPORT,False
2024-03-11,hvfhv,AIRPORT,25264.0,10.13902467581385,0.05566610525793145,-0.03393338387290113,-0.1887156395340206,AIRPORT,False
2024-03-12,hvfhv,AIRPORT,21394.0,9.938829199494899,0.043076670883231846,0.7437108698120853,3.25552841299781,AIRPORT,False
2024-03-13,hvfhv,AIRPORT,19895.0,9.869749042051584,0.05809466282889398,0.4901428018148889,2.888395999569049,AIRPORT,False
2024-03-14,hvfhv,AIRPORT,20871.0,9.916254667067907,0.06363065142935112,0.4692903003986749,3.0311565754189473,AIRPORT,False
2024-03-15,hvfhv,AIRPORT,20346.0,9.910907759680079,0.049209407974692095,0.19776404704199163,0.9779360132138315,AIRPORT,False
2024-03-16,hvfhv,AIRPORT,15395.0,9.520077734522944,0.06176481867318538,1.9707064385586983,12.943818292522025,AIRPORT,False
2024-03-17,hvfhv,AIRPORT,25399.0,10.053610746512346,0.03864744655375096,2.2990997740805605,9.292144502865307,AIRPORT,False
2024-03-18,hvfhv,AIRPORT,25806.0,10.148716848908123,0.04943253680527494,0.19512357097238614,0.9692120408209437,AIRPORT,False
2024-03-19,hvfhv,AIRPORT,20140.0,9.962768276621276,0.010722213901590212,-4.8782006056571285,-5.096073903560338,AIRPORT,True
2024-03-20,hvfhv,AIRPORT,19665.0,9.882034036894735,0.030385557004644265,0.15012553399883657,0.45720681256147255,AIRPORT,False
2024-03-21,hvfhv,AIRPORT,20634.0,9.931901093263846,0.04784768556349239,0.05840170456661653,0.2798294333389295,AIRPORT,False
2024-03-22,hvfhv,AIRPORT,21044.0,9.922895401762926,0.05553625175961594,0.5667534284454431,3.197594851758212,AIRPORT,False
2024-03-23,hvfhv,AIRPORT,15265.0,9.550167995666381,0.07911645533267843,1.0509812295426748,8.670470369976835,AIRPORT,False
2024-03-24,hvfhv,AIRPORT,25490.0,10.06459549339138,0.02166727043284365,3.7589415903225207,8.485463816842454,AIRPORT,True
2024-03-25,hvfhv,AIRPORT,26264.0,10.128411393055664,0.045840121864138786,1.0371496451661288,4.869136322293577,AIRPORT,False
2024-03-26,hvfhv,AIRPORT,21262.0,9.928443003823194,0.043076670883231846,0.8411447839963403,3.6898158926852886,AIRPORT,False
2024-03-27,hvfhv,AIRPORT,19096.0,9.892108029561996,0.014935701528480581,-2.3349329441827633,-3.4272776083321244,AIRPORT,False
2024-03-28,hvfhv,AIRPORT,20228.0,9.951121677226029,0.034147451294500274,-1.062996318908317,-3.5647719598688288,AIRPORT,False
2024-03-29,hvfhv,AIRPORT,19747.0,9.950434955490035,0.03817241397173342,-1.5633827998647458,-5.79322593118351,AIRPORT,False
2024-03-30,hvfhv,AIRPORT,13094.0,9.58563397573667,0.07024077357383482,-1.5051740087187202,-10.032760433077648,AIRPORT,False
2024-03-31,hvfhv,AIRPORT,23095.0,10.074619802763106,0.03564718312850799,-0.7643908299898641,-2.6880491819845864,AIRPORT,False
2024-04-01,hvfhv,AIRPORT,24827.0,10.159330131666307,0.03167780294758335,-1.2514467027904923,-3.886757664608942,AIRPORT,False
2024-04-02,hvfhv,AIRPORT,21357.0,9.94820576816139,0.03388822978790372,0.6175909966847459,2.1149614444021303,AIRPORT,False
2024-04-03,hvfhv,AIRPORT,16563.0,9.892108029561996,0.014935701528480581,-11.862948537902765,-16.237222404001006,AIRPORT,True
2024-04-04,hvfhv,AIRPORT,23486.0,9.940405697126035,0.03580631716418093,3.456208026967618,13.173752078788258,AIRPORT,False
2024-04-05,hvfhv,AIRPORT,19538.0,9.961167167285595,0.04349305916494451,-1.8635295522747315,-7.785297136481906,AIRPORT,False
2024-04-06,hvfhv,AIRPORT,13055.0,9.612756759807095,0.0888700455643615,-1.5284146397280027,-12.700921493021667,AIRPORT,False
2024-04-07,hvfhv,AIRPORT,22572.0,10.092268815823928,0.04436451883765905,-1.5283235006561626,-6.5555773639477515,AIRPORT,False
2024-04-08,hvfhv,AIRPORT,24364.0,10.16715838059661,0.03649782522148919,-1.8164498360631465,-6.414662801688397,AIRPORT,False
2024-04-09,hvfhv,AIRPORT,21345.0,9.966905777310267,0.038749421979669574,0.043020561253016266,0.1668412135192865,AIRPORT,False
2024-04-10,hvfhv,AIRPORT,19883.0,9.89240970386347,0.056954883296860624,0.09148768451428091,0.5224269547566163,AIRPORT,False
2024-04-11,hvfhv,AIRPORT,19436.0,9.96610734240539,0.04839456445276335,-1.885026715523788,-8.718773776893073,AIRPORT,False
2024-04-12,hvfhv,AIRPORT,21518.0,9.961167167285595,0.06414621048809033,0.24129104042916072,1.559830904759063,AIRPORT,False
2024-04-13,hvfhv,AIRPORT,14650.0,9.63755798276379,0.09898030084678631,-0.4582969331321168,-4.434887860813985,AIRPORT,False
2024-04-14,hvfhv,AIRPORT,23686.0,10.118562647017555,0.056858140508037856,-0.8076805067099055,-4.488469897932679,AIRPORT,False
2024-04-15,hvfhv,AIRPORT,26539.0,10.16715838059661,0.08397749592126816,0.22877852445847446,1.9397990439168789,AIRPORT,False
2024-04-16,hvfhv,AIRPORT,20573.0,9.968853816482023,0.04362986193349832,-0.8507705356567349,-3.643853625908411,AIRPORT,False
2024-04-17,hvfhv,AIRPORT,19571.0,9.915842813629173,0.07936819178742968,-0.4288702458456888,-3.346585835515803,AIRPORT,False
2024-04-18,hvfhv,AIRPORT,21081.0,9.98803304883768,0.09380970312578178,-0.3401099024329483,-3.1401995279428996,AIRPORT,False
2024-04-19,hvfhv,AIRPORT,21673.0,9.972304322437173,0.05605874271929633,0.20546666215660542,1.1584792668339006,AIRPORT,False
2024-04-20,hvfhv,AIRPORT,14211.0,9.657486772907845,0.08350010934572276,-1.1462880955003905,-9.127719955419678,AIRPORT,False
2024-04-21,hvfhv,AIRPORT,23608.0,10.118562647017555,0.05676485518391479,-0.8671162858656978,-4.802997439432377,AIRPORT,False
2024-04-22,hvfhv,AIRPORT,23694.0,10.183119567716975,0.05749314260009122,-1.915749117566863,-10.429345572433213,AIRPORT,False
2024-04-23,hvfhv,AIRPORT,20438.0,9.976570951683453,0.042054221089808407,-1.2227015072158545,-5.0120134271001815,AIRPORT,False
2024-04-24,hvfhv,AIRPORT,20621.0,9.921844187164663,0.07936819178742968,0.1539793909924941,1.2296048204168741,AIRPORT,False
2024-04-25,hvfhv,AIRPORT,21506.0,9.98242184246796,0.08674227713269152,-0.07302779828800772,-0.631457625249332,AIRPORT,False
2024-04-26,hvfhv,AIRPORT,21332.0,9.995497094500706,0.03133266112532923,-0.878748302612439,-2.7157930364064,AIRPORT,False
2024-04-27,hvfhv,AIRPORT,16021.0,9.621265668713193,0.1219322765741317,0.4952747019104943,6.225071374804281,AIRPORT,False
2024-04-28,hvfhv,AIRPORT,24537.0,10.070990175952108,0.07763068068142324,0.47593664163011273,3.7638320760296162,AIRPORT,False
2024-04-29,hvfhv,AIRPORT,26367.0,10.176687813094905,0.08397749592126816,0.03787555347961124,0.3185757912798959,AIRPORT,False
2024-04-30,hvfhv,AIRPORT,24381.0,9.976570951683453,0.06772245240143986,1.845598664929677,13.313538537717328,AIRPORT,False
2024-05-01,hvfhv,AIRPORT,24583.0,9.936556490467472,0.04942989710215157,3.505043421281575,18.916803890844626,AIRPORT,True
2024-05-02,hvfhv,AIRPORT,22026.0,9.996541019140096,0.05612334197301259,0.061254969214864806,0.3443749712281896,AIRPORT,False
2024-05-03,hvfhv,AIRPORT,22185.0,9.980233799171128,0.039886282923421786,0.67536663402805,2.7303968880336704,AIRPORT,False
2024-05-04,hvfhv,AIRPORT,16241.0,9.665995681813943,0.09169621455617961,0.3195170760589079,2.9731930132944617,AIRPORT,False
2024-05-05,hvfhv,AIRPORT,25064.0,10.090288448342262,0.09247620890934762,0.4206420737672902,3.96658716673568,AIRPORT,False
2024-05-06,hvfhv,AIRPORT,27805.0,10.183119567716975,0.05669289063320605,0.8793266906642838,5.1115069789184675,AIRPORT,False
2024-05-07,hvfhv,AIRPORT,21677.0,10.027112029276879,0.09876176818369467,-0.4364539079715601,-4.218914673156416,AIRPORT,False
2024-05-08,hvfhv,AIRPORT,21254.0,9.936556490467472,0.03591422501530002,0.7725045285913598,2.813234751495486,AIRPORT,False
2024-05-09,hvfhv,AIRPORT,22739.0,9.98803304883768,0.04512096912687772,0.9708067662052344,4.4777288996777465,AIRPORT,False
2024-05-10,hvfhv,AIRPORT,22316.0,9.995497094500706,0.03776825813788023,0.4649961457210832,1.7717214794466862,AIRPORT,False
2024-05-11,hvfhv,AIRPORT,16579.0,9.688474914410659,0.0554509994854859,0.4944401198031389,2.779650882917295,AIRPORT,False
2024-05-12,hvfhv,AIRPORT,26199.0,10.118562647017555,0.07053094560163277,0.7785784466076583,5.644962304486412,AIRPORT,False
2024-05-13,hvfhv,AIRPORT,28509.0,10.185616451807219,0.03248390288678131,2.2275234082678717,7.504084270537614,AIRPORT,False
2024-05-14,hvfhv,AIRPORT,24002.0,10.003549110888443,0.0995856862012818,0.8268590742700923,8.582854151166487,AIRPORT,False
2024-05-15,hvfhv,AIRPORT,21848.0,9.942557864002962,0.012734954181152891,3.871768869302245,5.054260688298284,AIRPORT,True
2024-05-16,hvfhv,AIRPORT,23719.0,9.98803304883768,0.038643940177285764,2.225410878775091,8.980485147607919,AIRPORT,False
2024-05-17,hvfhv,AIRPORT,22960.0,9.995497094500706,0.03776825813788023,1.2182652365068727,4.7086720365700385,AIRPORT,False
2024-05-18,hvfhv,AIRPORT,16510.0,9.705593150707035,0.05870720738089953,0.10438899209389735,0.6147203185489447,AIRPORT,False
2024-05-19,hvfhv,AIRPORT,25571.0,10.118562647017555,0.07755717078862041,0.3952120548154083,3.112612354976063,AIRPORT,False
2024-05-20,hvfhv,AIRPORT,27196.0,10.182365391322998,0.07422783046071793,0.38341133166235697,2.886864055632543,AIRPORT,False
2024-05-21,hvfhv,AIRPORT,22541.0,10.007569987983361,0.11915748641535633,0.1302575663982704,1.5642243084985852,AIRPORT,False
2024-05-22,hvfhv,AIRPORT,20870.0,9.95437159608937,0.026412675595025362,-0.3143792073714559,-0.8269216388701817,AIRPORT,False
2024-05-23,hvfhv,AIRPORT,21266.0,10.008486823027305,0.048276939886119453,-0.9035782077151816,-4.268423676398269,AIRPORT,False
2024-05-24,hvfhv,AIRPORT,22447.0,9.98756761776675,0.05838936298884599,0.5368209992423435,3.1841052379173673,AIRPORT,False
2024-05-25,hvfhv,AIRPORT,15527.0,9.720515104867019,0.04261492550426523,-1.6468263420717377,-6.777341965549777,AIRPORT,False
2024-05-26,hvfhv,AIRPORT,18956.0,10.143075991344787,0.04121368648906582,-7.114146615714569,-25.41272041449473,AIRPORT,True
2024-05-27,hvfhv,AIRPORT,26030.0,10.22135839857709,0.054198541224581454,-1.0028572607379886,-5.290265740581801,AIRPORT,False
2024-05-28,hvfhv,AIRPORT,29149.0,10.027112029276879,0.07552762448185801,3.350613213802082,28.796551930256207,AIRPORT,False
2024-05-29,hvfhv,AIRPORT,20724.0,9.95437159608937,0.02255711759912495,-0.6793362710174513,-1.5207055124076163,AIRPORT,False
2024-05-30,hvfhv,AIRPORT,22404.0,10.01590782184434,0.08092539442692157,0.01343177247487389,0.10875624529891326,AIRPORT,False
2024-05-31,hvfhv,AIRPORT,21147.0,10.010115426389214,0.04207911138359425,-1.2087255237775598,-4.95902731512542,AIRPORT,False
2024-06-01,hvfhv,AIRPORT,18027.0,9.71380682507682,0.04261492550426523,2.0138270080192595,8.960918701432208,AIRPORT,False
2024-06-02,hvfhv,AIRPORT,27135.0,10.133062819735503,0.0560592147169902,1.3470910561848068,7.844141737936994,AIRPORT,False
2024-06-03,hvfhv,AIRPORT,27775.0,10.197843729029795,0.07061533913038252,0.482159908843174,3.463414949275889,AIRPORT,False
2024-06-04,hvfhv,AIRPORT,22723.0,10.003549110888443,0.10880708132008506,0.2535110320826496,2.7967750552853055,AIRPORT,False
2024-06-05,hvfhv,AIRPORT,20617.0,9.946834063612847,0.023555051929765064,-0.5503195866827908,-1.2879151126206856,AIRPORT,False
2024-06-06,hvfhv,AIRPORT,23990.0,9.996378247367936,0.08130185374812351,1.0948595187211034,9.309607812617982,AIRPORT,False
2024-06-07,hvfhv,AIRPORT,23411.0,9.971999118642524,0.06521453733494115,1.364146114552437,9.303929244231735,AIRPORT,False
2024-06-08,hvfhv,AIRPORT,16733.0,9.734336524175445,0.10220632920007282,-0.0899986111707952,-0.9156251562030593,AIRPORT,False
2024-06-09,hvfhv,AIRPORT,26063.0,10.143075991344787,0.10914460078003856,0.23084945553470276,2.5516072925207745,AIRPORT,False
2024-06-10,hvfhv,AIRPORT,26499.0,10.22135839857709,0.0674361409794598,-0.541195309129044,-3.5838168213476296,AIRPORT,False
2024-06-11,hvfhv,AIRPORT,20765.0,10.036995510177867,0.05921944973358463,-1.6206053001972718,-9.150995980101762,AIRPORT,False
2024-06-12,hvfhv,AIRPORT,20902.0,9.936459492552622,0.05936978523970838,0.18764822134433362,1.1202922565737072,AIRPORT,False
2024-06-13,hvfhv,AIRPORT,21499.0,10.0035593262627,0.11258093515162446,-0.2469123641504128,-2.7414826049768637,AIRPORT,False
2024-06-14,hvfhv,AIRPORT,19696.0,9.971999118642524,0.08630427138123184,-0.971310792347629,-8.041083661766402,AIRPORT,False
2024-06-15,hvfhv,AIRPORT,19388.0,9.723102043618207,0.0759426357521574,1.9660570359229015,16.103001297087015,AIRPORT,False
2024-06-16,hvfhv,AIRPORT,23420.0,10.143075991344787,0.11368477386884585,-0.7189208493950842,-7.847959068762666,AIRPORT,False
2024-06-17,hvfhv,AIRPORT,23972.0,10.199971351754064,0.048100448825697216,-2.3976822044615402,-10.892759320831512,AIRPORT,False
2024-06-18,hvfhv,AIRPORT,19387.0,10.027112029276879,0.09411572105983929,-1.6442950252623307,-14.337412869330779,AIRPORT,False
2024-06-19,hvfhv,AIRPORT,21187.0,9.900113955684244,0.06926723201494751,0.8810675346010093,6.292985492345271,AIRPORT,False
2024-06-20,hvfhv,AIRPORT,20377.0,10.0035593262627,0.08934705326151403,-0.9110231450333054,-7.817256199898259,AIRPORT,False
2024-06-21,hvfhv,AIRPORT,20684.0,9.934634762470406,0.0721927875723528,0.03436591284440785,0.24840512011032878,AIRPORT,False
2024-06-22,hvfhv,AIRPORT,17202.0,9.738465142889254,0.09608523909497994,0.1489905458633378,1.4418753915009574,AIRPORT,False
2024-06-23,hvfhv,AIRPORT,25259.0,10.058283332356883,0.1929492592271625,0.40764330890482176,8.183045745505414,AIRPORT,False
2024-06-24,hvfhv,AIRPORT,31520.0,10.175933636700925,0.09266784310185042,1.9687941486926381,20.014682955447306,AIRPORT,False
2024-06-25,hvfhv,AIRPORT,23576.0,9.986078531218325,0.08769151703255895,0.9340241333582425,8.535377439755054,AIRPORT,False
2024-06-26,hvfhv,AIRPORT,19271.0,9.908246308512656,0.06838535136123547,-0.6125530319126277,-4.102440644660277,AIRPORT,False
2024-06-27,hvfhv,AIRPORT,24474.0,9.990375973523403,0.07029948090198865,1.6357252364712487,12.186293130130954,AIRPORT,False
2024-06-28,hvfhv,AIRPORT,21693.0,9.907401451383288,0.03688528138508489,2.096864997512227,8.041308644959066,AIRPORT,False
2024-06-29,hvfhv,AIRPORT,15286.0,9.752286562197678,0.05823647037148431,-2.019248516346015,-11.094298031324312,AIRPORT,False
2024-06-30,hvfhv,AIRPORT,18436.0,10.103456949766368,0.07726929728837563,-3.64176206851957,-24.527089536510495,AIRPORT,True
2024-07-01,hvfhv,AIRPORT,23542.0,10.18698989813751,0.11886086118215958,-1.0133576180345092,-11.347731036021447,AIRPORT,False
2024-07-02,hvfhv,AIRPORT,16149.0,9.986078531218325,0.08769151703255895,-3.3807731240318613,-25.655844491236614,AIRPORT,False
2024-07-03,hvfhv,AIRPORT,16695.0,9.874489007026332,0.07115698798225262,-2.130844193213932,-14.068906962212345,AIRPORT,False
2024-07-04,hvfhv,AIRPORT,16122.0,9.990375973523403,0.07504167760860445,-4.030238999416753,-26.098413915013086,AIRPORT,True
2024-07-05,hvfhv,AIRPORT,14766.0,9.907401451383288,0.03688528138508489,-8.331749690499752,-26.458398402643034,AIRPORT,True
2024-07-06,hvfhv,AIRPORT,18159.0,9.736190555973433,0.023863938828067293,2.963929345275322,7.3292502039351115,AIRPORT,False
2024-07-07,hvfhv,AIRPORT,28578.0,10.065660864922734,0.026945579463133244,7.22684792778762,21.498484699560017,AIRPORT,True
2024-07-08,hvfhv,AIRPORT,28141.0,10.122721190599256,0.08771131018357639,1.393910041755456,13.004977004327788,AIRPORT,False
2024-07-09,hvfhv,AIRPORT,22991.0,9.898460947738627,0.14510655766831057,0.9951112380143192,15.53428806084256,AIRPORT,False
2024-07-10,hvfhv,AIRPORT,18730.0,9.874489007026332,0.10167694200497934,-0.360034545358425,-3.5945269483221187,AIRPORT,False
2024-07-11,hvfhv,AIRPORT,21810.0,9.966560859703382,0.07064329407085919,0.3335489914818871,2.3842800291495214,AIRPORT,False
2024-07-12,hvfhv,AIRPORT,19680.0,9.907401451383288,0.03628284331860891,-0.5524175875919779,-1.9843749535429112,AIRPORT,False
2024-07-13,hvfhv,AIRPORT,16665.0,9.749517602368112,0.059873353468371,-0.4751965603747558,-2.805067594458577,AIRPORT,False
2024-07-14,hvfhv,AIRPORT,23277.0,10.065660864922734,0.026945579463133244,-0.38744156068191443,-1.0385531404696002,AIRPORT,False
2024-07-15,hvfhv,AIRPORT,26612.0,10.080095037599548,0.037484958338909975,2.9084328246154856,11.518742311085695,AIRPORT,False
2024-07-16,hvfhv,AIRPORT,20426.0,9.85123405003528,0.16737709164305553,0.43811149651916415,7.608540159573485,AIRPORT,False
2024-07-17,hvfhv,AIRPORT,18223.0,9.8564781722635,0.03848798246291601,-1.1961749572559057,-4.499467325876061,AIRPORT,False
2024-07-18,hvfhv,AIRPORT,24995.0,9.939761055400776,0.05519773968971398,3.381841892371541,20.522952797007953,AIRPORT,False
2024-07-19,hvfhv,AIRPORT,20131.0,9.908740870777395,0.03688528138508489,0.03457540985302198,0.1276137292549384,AIRPORT,False
2024-07-20,hvfhv,AIRPORT,17185.0,9.723609763997526,0.07389253958107024,0.38139743803889753,2.8583306911719397,AIRPORT,False
2024-07-21,hvfhv,AIRPORT,23097.0,10.06259856012791,0.07082957913071591,-0.21376016019816954,-1.5026500449636493,AIRPORT,False
2024-07-22,hvfhv,AIRPORT,23301.0,10.174959070241107,0.12560183415272413,-0.9451097108105018,-11.193248915493337,AIRPORT,False
2024-07-23,hvfhv,AIRPORT,22748.0,9.877336980434698,0.18961862773594815,0.8168792794328716,16.75359799051823,AIRPORT,False
2024-07-24,hvfhv,AIRPORT,19587.0,9.842240742883607,0.041451155502305215,0.9741734936409815,4.1206999837106295,AIRPORT,False
2024-07-25,hvfhv,AIRPORT,21821.0,9.950346544229435,0.05519773968971398,0.729767991373025,4.110384908199904,AIRPORT,False
2024-07-26,hvfhv,AIRPORT,20026.0,9.911355613892935,0.04360748119954131,-0.15063712566035728,-0.6547377529100618,AIRPORT,False
2024-07-27,hvfhv,AIRPORT,15551.0,9.736698276352751,0.02424252155042357,-3.4987306066737176,-8.13205790415168,AIRPORT,False
2024-07-28,hvfhv,AIRPORT,23623.0,10.053370289458634,0.06113797259791471,0.27161193820305435,1.6744445947048936,AIRPORT,False
2024-07-29,hvfhv,AIRPORT,23755.0,10.140223694848164,0.11686927613247382,-0.5533993481214922,-6.2628297554364725,AIRPORT,False
2024-07-30,hvfhv,AIRPORT,18290.0,9.957664719390618,0.15771011556754053,-0.9102458487783437,-13.372682709341333,AIRPORT,False
2024-07-31,hvfhv,AIRPORT,18894.0,9.860251577646439,0.08785927409522662,-0.15538356602584613,-1.3559122919871713,AIRPORT,False
2024-08-01,hvfhv,AIRPORT,21107.0,9.966728464826964,0.07516042433529459,-0.12464600764564238,-0.932469964933369,AIRPORT,False
2024-08-02,hvfhv,AIRPORT,19468.0,9.911355613892935,0.023139693842615838,-1.5051298075278354,-3.422871995088972,AIRPORT,False
2024-08-03,hvfhv,AIRPORT,17107.0,9.738972863268573,0.06364475169725155,0.1299424062970265,0.8304444360943242,AIRPORT,False
2024-08-04,hvfhv,AIRPORT,23952.0,10.053370289458634,0.05088504194517729,0.5981486117977148,3.090475254301883,AIRPORT,False
2024-08-05,hvfhv,AIRPORT,25869.0,10.154382145468835,0.13110387627820194,0.0489571653699988,0.6439116697734226,AIRPORT,False
2024-08-06,hvfhv,AIRPORT,17802.0,10.011499034534939,0.12399630226172212,-1.8099970799318335,-20.103085023276414,AIRPORT,False
2024-08-07,hvfhv,AIRPORT,23260.0,9.864610525091912,0.06529330064925017,2.90810694347896,20.910437668715943,AIRPORT,False
2024-08-08,hvfhv,AIRPORT,20245.0,9.973741938598145,0.06307367672806923,-0.9208090148649449,-5.6424418809565395,AIRPORT,False
2024-08-09,hvfhv,AIRPORT,20185.0,9.914294692226498,0.03329266022131004,-0.04804839651811745,-0.15983801670526043,AIRPORT,False
2024-08-10,hvfhv,AIRPORT,16750.0,9.734154503097066,0.07462477287032095,-0.10721594902214918,-0.7969043310404378,AIRPORT,False
2024-08-11,hvfhv,AIRPORT,23191.0,10.06259856012791,0.0474561385036466,-0.2334578649261376,-1.1017862576417237,AIRPORT,False
2024-08-12,hvfhv,AIRPORT,23234.0,10.140223694848164,0.08418885332757252,-1.031629358779958,-8.318694444866836,AIRPORT,False
2024-08-13,hvfhv,AIRPORT,18585.0,9.957664719390618,0.18505480668729832,-0.6892803215579524,-11.975467914330729,AIRPORT,False
2024-08-14,hvfhv,AIRPORT,18596.0,9.905790854181951,0.09977109988529831,-0.7526134467576489,-7.233914537603803,AIRPORT,False
2024-08-15,hvfhv,AIRPORT,20260.0,9.962989832737264,0.05304928521720216,-0.8781655538590262,-4.551758088646174,AIRPORT,False
2024-08-16,hvfhv,AIRPORT,20304.0,9.922482193624312,0.047183973340807754,-0.08284600455135269,-0.39013734607069583,AIRPORT,False
2024-08-17,hvfhv,AIRPORT,15570.0,9.736698276352751,0.07552993027207253,-1.106806417317955,-8.01981490371304,AIRPORT,False
2024-08-18,hvfhv,AIRPORT,20101.0,10.076891599676586,0.039947112163048,-4.21474160474941,-15.495614674060675,AIRPORT,True
2024-08-19,hvfhv,AIRPORT,28019.0,10.115622725546135,0.06319753443736487,1.9781690223720283,13.316590925607287,AIRPORT,False
2024-08-20,hvfhv,AIRPORT,24145.0,9.882253195434869,0.12107694410275825,1.7309604601095865,23.31592876135289,AIRPORT,False
2024-08-21,hvfhv,AIRPORT,20516.0,9.898969332072223,0.08942834969192529,0.3353636351364326,3.0445276841807534,AIRPORT,False
2024-08-22,hvfhv,AIRPORT,20813.0,9.962989832737264,0.05304928521720216,-0.3705377404903968,-1.9464827788249095,AIRPORT,False
2024-08-23,hvfhv,AIRPORT,22177.0,9.925421271957873,0.05154145087814595,1.5791119850812412,8.479358299974438,AIRPORT,False
2024-08-24,hvfhv,AIRPORT,17219.0,9.655759567858134,0.059738794705602165,1.640627952255306,10.297286229467284,AIRPORT,False
2024-08-25,hvfhv,AIRPORT,24475.0,10.076891599676586,0.06671712230625622,0.4274145337268508,2.8926337422200854,AIRPORT,False
2024-08-26,hvfhv,AIRPORT,24826.0,10.140854982499572,0.07009952992916255,-0.302544288743613,-2.098489976018736,AIRPORT,False
2024-08-27,hvfhv,AIRPORT,21824.0,9.858848300044489,0.08020833782494527,1.644682637441123,14.101390855387685,AIRPORT,False
2024-08-28,hvfhv,AIRPORT,20843.0,9.914773476678867,0.09977109988529831,0.3006879025819334,3.0454495582278973,AIRPORT,False
2024-08-29,hvfhv,AIRPORT,22716.0,9.950346544229435,0.03673442836556993,2.1908128246067373,8.38052809562666,AIRPORT,False
2024-08-30,hvfhv,AIRPORT,23601.0,9.951357187311295,0.052963032019017156,2.2220626576628106,12.489216270210623,AIRPORT,False
2024-08-31,hvfhv,AIRPORT,18470.0,9.655759567858134,0.06431220921820124,2.6144880945493187,18.31063805437372,AIRPORT,False
2024-09-01,hvfhv,AIRPORT,20991.0,10.098884162750075,0.04278235755925201,-3.4368164291187018,-13.673633172998901,AIRPORT,False
2024-09-02,hvfhv,AIRPORT,30516.0,10.140854982499572,0.030507348667369507,6.069076494627822,20.340066055418315,AIRPORT,True
2024-09-03,hvfhv,AIRPORT,27841.0,9.861710751541189,0.06834728478482863,5.450900982755686,45.14372636354549,AIRPORT,True
2024-09-04,hvfhv,AIRPORT,21616.0,9.914773476678867,0.08456131906070469,0.7854132865812447,6.8670746845778785,AIRPORT,False
2024-09-05,hvfhv,AIRPORT,20314.0,9.95466291417289,0.05035366431874145,-0.7069462005408469,-3.4971198209425625,AIRPORT,False
2024-09-06,hvfhv,AIRPORT,20584.0,9.972800929943748,0.07434832294801356,-0.5451579050479605,-3.9721157714912136,AIRPORT,False
2024-09-07,hvfhv,AIRPORT,15446.0,9.655759567858134,0.06891401443623199,-0.15460162662243715,-1.0597663569107851,AIRPORT,False
2024-09-08,hvfhv,AIRPORT,25375.0,10.098884162750075,0.039947112163048,1.0673000195857165,4.3557504756873255,AIRPORT,False
2024-09-09,hvfhv,AIRPORT,24627.0,10.15055297007243,0.07523764557335141,-0.517749974221036,-3.820532731607784,AIRPORT,False
2024-09-10,hvfhv,AIRPORT,18811.0,9.952026678639307,0.13390239351566938,-0.8202212945016037,-10.401319667383058,AIRPORT,False
2024-09-11,hvfhv,AIRPORT,17731.0,9.914773476678867,0.04493880928726665,-2.930733584416456,-12.339928699470315,AIRPORT,False
2024-09-12,hvfhv,AIRPORT,21346.0,9.931199326478849,0.046891292321919235,0.798022812810572,3.8129276678565027,AIRPORT,False
2024-09-13,hvfhv,AIRPORT,21486.0,9.968876042955046,0.06517999779742815,0.09636079293776506,0.6300561831828366,AIRPORT,False
2024-09-14,hvfhv,AIRPORT,14557.0,9.649103306978628,0.01967600655077541,-3.215899031679922,-6.131568627321659,AIRPORT,False
2024-09-15,hvfhv,AIRPORT,24234.0,10.103791094365842,0.06655232617003988,-0.1244015055645172,-0.8245031306839623,AIRPORT,False
2024-09-16,hvfhv,AIRPORT,25494.0,10.155471042510786,0.059079114731792996,-0.1569528116664408,-0.9229774877020924,AIRPORT,False
2024-09-17,hvfhv,AIRPORT,20380.0,9.986254805572543,0.18464901450688517,-0.3463083676162374,-6.194387667413359,AIRPORT,False
2024-09-18,hvfhv,AIRPORT,20238.0,9.921594998788596,0.07193370895540215,-0.08727055215216596,-0.6258030943561588,AIRPORT,False
2024-09-19,hvfhv,AIRPORT,21684.0,9.95466291417289,0.06488078114578333,0.45725445476188253,3.0111476716887076,AIRPORT,False
2024-09-20,hvfhv,AIRPORT,22446.0,9.972800929943748,0.05525771832982112,0.8336712956096272,4.714433025316289,AIRPORT,False
2024-09-21,hvfhv,AIRPORT,15653.0,9.635832022376729,0.04609977395005051,0.48993404037006993,2.2842839930696357,AIRPORT,False
2024-09-22,hvfhv,AIRPORT,25741.0,10.103791094365842,0.033287167688057624,1.5636426792525198,5.342760787037348,AIRPORT,False
2024-09-23,hvfhv,AIRPORT,25223.0,10.155471042510786,0.04624318133219606,-0.4316201065650749,-1.976161495736617,AIRPORT,False
2024-09-24,hvfhv,AIRPORT,19448.0,9.986254805572543,0.14994891660110937,-0.7386201386917176,-10.484222343270734,AIRPORT,False
2024-09-25,hvfhv,AIRPORT,20216.0,9.930045371865688,0.07193370895540215,-0.2198652485368661,-1.5691311004859654,AIRPORT,False
2024-09-26,hvfhv,AIRPORT,21290.0,9.97647479392707,0.0828471086724761,-0.12652265368708923,-1.0427290946755874,AIRPORT,False
2024-09-27,hvfhv,AIRPORT,21385.0,9.997012271401346,0.06414516050168435,-0.4141738914136684,-2.6217445964245134,AIRPORT,False
2024-09-28,hvfhv,AIRPORT,15351.0,9.638916748204732,0.05067318846264826,0.0003778974453855635,0.0019149451818023522,AIRPORT,False
2024-09-29,hvfhv,AIRPORT,24398.0,10.103299008703225,0.05584758330644545,-0.01866809506906147,-0.1042024709350775,AIRPORT,False
2024-09-30,hvfhv,AIRPORT,25717.0,10.151978686102105,0.03448261578145776,0.08493684813390316,0.29331379559309756,AIRPORT,False
2024-10-01,hvfhv,AIRPORT,18919.0,9.952026678639307,0.10772572917571406,-0.9663865109056693,-9.886904831599663,AIRPORT,False
2024-10-02,hvfhv,AIRPORT,17116.0,9.914773476678867,0.0641077974168103,-2.605057510498205,-15.380419582659366,AIRPORT,False
2024-10-03,hvfhv,AIRPORT,19349.0,9.967306202680717,0.06548009159957814,-1.479994648410237,-9.236247819483513,AIRPORT,False
2024-10-04,hvfhv,AIRPORT,19572.0,9.972800929943748,0.06419535656931935,-1.4167018051613882,-8.693269038069618,AIRPORT,False
2024-10-05,hvfhv,AIRPORT,15256.0,9.623623347897645,0.04244118005991601,0.2145274794375868,0.914637414935382,AIRPORT,False
2024-10-06,hvfhv,AIRPORT,24473.0,10.101764355046065,0.05812286081855069,0.061273532079840716,0.35677422721132057,AIRPORT,False
2024-10-07,hvfhv,AIRPORT,27478.0,10.147060613663747,0.015213698834977729,4.869318804302136,7.689333020544997,AIRPORT,True
2024-10-08,hvfhv,AIRPORT,21628.0,9.87936666975241,0.059387190675423265,1.7238966784777316,10.780145579707234,AIRPORT,False
2024-10-09,hvfhv,AIRPORT,19617.0,9.902417287886571,0.10552633466583808,-0.1730892266373655,-1.809966895264703,AIRPORT,False
2024-10-10,hvfhv,AIRPORT,19985.0,9.967306202680717,0.08943694609577124,-0.7219491983341079,-6.252850931437203,AIRPORT,False
2024-10-11,hvfhv,AIRPORT,21318.0,9.993704553277002,0.04401374451701338,-0.5997555608502196,-2.6052119963869247,AIRPORT,False
2024-10-12,hvfhv,AIRPORT,14782.0,9.635832022376729,0.03856376316608575,-0.8989402533823021,-3.4072519015169944,AIRPORT,False
2024-10-13,hvfhv,AIRPORT,22141.0,10.101764355046065,0.033287167688057624,-2.90135777216492,-9.206090868929696,AIRPORT,False
2024-10-14,hvfhv,AIRPORT,25746.0,10.15141517439331,0.015656540501657476,0.2950447339104632,0.46300656088198444,AIRPORT,False
2024-10-15,hvfhv,AIRPORT,25082.0,9.902771565142789,0.09920229560989226,2.289605999990148,25.499824131634252,AIRPORT,False
2024-10-16,hvfhv,AIRPORT,22386.0,9.902417287886571,0.05018396192495967,2.2671337654202808,12.049858851129368,AIRPORT,False
2024-10-17,hvfhv,AIRPORT,22190.0,9.934365014516475,0.08445921700447953,0.8647013789660223,7.576496235966967,AIRPORT,False
2024-10-18,hvfhv,AIRPORT,22650.0,9.991348643994263,0.05955050997949246,0.6140415410297994,3.724326483200091,AIRPORT,False
2024-10-19,hvfhv,AIRPORT,14888.0,9.635832022376729,0.034905169275951255,-0.7884569714321092,-2.7145965572848763,AIRPORT,False
2024-10-20,hvfhv,AIRPORT,25347.0,10.101764355046065,0.0494971742037667,0.7808789975721102,3.9407982812537545,AIRPORT,False
2024-10-21,hvfhv,AIRPORT,26424.0,10.152393150686011,0.006013230070970974,4.92826917228356,3.007829754318503,AIRPORT,True
2024-10-22,hvfhv,AIRPORT,22184.0,9.90634073885726,0.09920229560989226,1.0159628647575791,10.603975625858354,AIRPORT,False
2024-10-23,hvfhv,AIRPORT,21389.0,9.88737837146725,0.07813129691384113,1.0655612025743721,8.681747602378387,AIRPORT,False
2024-10-24,hvfhv,AIRPORT,23437.0,9.894742749838628,0.059487192353088095,2.8128491645741605,18.214253454253804,AIRPORT,False
2024-10-25,hvfhv,AIRPORT,23217.0,9.9891913372768,0.04580101566776242,1.3853123066532305,6.550483536209839,AIRPORT,False
2024-10-26,hvfhv,AIRPORT,16229.0,9.62626282431707,0.022702386000721216,3.008151654043857,7.067813633299758,AIRPORT,False
2024-10-27,hvfhv,AIRPORT,24374.0,10.076154415163323,0.07778460259039366,0.3229155049154399,2.5435965359236423,AIRPORT,False
2024-10-28,hvfhv,AIRPORT,25538.0,10.155101916933049,0.023832199365892967,-0.3012352673876993,-0.7153390774860879,AIRPORT,False
2024-10-29,hvfhv,AIRPORT,19599.0,9.955595852353778,0.1337888433701869,-0.5408674372398569,-6.980592224156091,AIRPORT,False
2024-10-30,hvfhv,AIRPORT,19744.0,9.862615954318448,0.14622082821092572,0.19141576975813232,2.8384343733993234,AIRPORT,False
2024-10-31,hvfhv,AIRPORT,18748.0,9.894742749838628,0.10155884010703274,-0.5504236828336954,-5.43666750179842,AIRPORT,False
2024-11-01,hvfhv,AIRPORT,20260.0,10.010094960610054,0.05679265984074261,-1.6497058435035001,-8.943608338168884,AIRPORT,False
2024-11-02,hvfhv,AIRPORT,13873.0,9.634560130486495,0.03856376316608575,-2.511693321749044,-9.231724155800347,AIRPORT,False
2024-11-03,hvfhv,AIRPORT,21967.0,10.103299008703225,0.06698629146017689,-1.5824491874140791,-10.057751277933914,AIRPORT,False
2024-11-04,hvfhv,AIRPORT,19759.0,10.155665428641841,0.025282147017451007,-10.45405936946691,-23.225763619301897,AIRPORT,True
2024-11-05,hvfhv,AIRPORT,17668.0,9.994435318898756,0.1306090243695214,-1.645559694055046,-19.33980235367737,AIRPORT,False
2024-11-06,hvfhv,AIRPORT,18551.0,9.92122699005956,0.09603686628596605,-0.9678368184611438,-8.875913018893334,AIRPORT,False
2024-11-07,hvfhv,AIRPORT,19668.0,9.95506714353603,0.10220201817690867,-0.6684693338045639,-6.603742860037931,AIRPORT,False
2024-11-08,hvfhv,AIRPORT,22298.0,10.017926392401886,0.06325734006771627,-0.08969907789823912,-0.5658057630615554,AIRPORT,False
2024-11-09,hvfhv,AIRPORT,15683.0,9.628094807523311,0.06922966672183896,0.46566444903805343,3.2763061598584553,AIRPORT,False
2024-11-10,hvfhv,AIRPORT,23157.0,10.105459984096687,0.10024547005279238,-0.5527191847127211,-5.390055555636486,AIRPORT,False
2024-11-11,hvfhv,AIRPORT,25727.0,10.152956662394804,0.03159427403222771,0.07405268014424386,0.23423797642783128,AIRPORT,False
2024-11-12,hvfhv,AIRPORT,22661.0,9.968287120750638,0.18285788901433733,0.32874459947185,6.1957118011519485,AIRPORT,False
2024-11-13,hvfhv,AIRPORT,20991.0,9.92594478898373,0.1298097472659139,0.19955561871030197,2.6242695841221186,AIRPORT,False
2024-11-14,hvfhv,AIRPORT,22257.0,9.947072622229236,0.13454184319045706,0.4707771287088535,6.538818171933558,AIRPORT,False
2024-11-15,hvfhv,AIRPORT,23021.0,10.020083699119349,0.04730954766850807,0.5089548280668851,2.4370648652307425,AIRPORT,False
2024-11-16,hvfhv,AIRPORT,15060.0,9.666511192209741,0.054088527577871755,-0.8636524776645546,-4.563939935498662,AIRPORT,False
2024-11-17,hvfhv,AIRPORT,24756.0,10.075662329500705,0.10609415369739797,0.387965141566097,4.201968359443198,AIRPORT,False
2024-11-18,hvfhv,AIRPORT,25588.0,10.151609560524363,0.1701726740415355,-0.010170786608857172,-0.17292930011637564,AIRPORT,False
2024-11-19,hvfhv,AIRPORT,20526.0,9.945180205402238,0.16084251303634026,-0.09781338838583958,-1.5609441070659424,AIRPORT,False
2024-11-20,hvfhv,AIRPORT,18790.0,9.92122699005956,0.10552633466583808,-0.7594966498727023,-7.701924727777776,AIRPORT,False
2024-11-21,hvfhv,AIRPORT,19584.0,9.948580036694732,0.16547957623800746,-0.3995166828780811,-6.397383738429818,AIRPORT,False
2024-11-22,hvfhv,AIRPORT,22202.0,10.028207194573206,0.06791326761367009,-0.2984621620022584,-2.0065494507199078,AIRPORT,False
2024-11-23,hvfhv,AIRPORT,15312.0,9.666511192209741,0.06639011370466213,-0.4536681267182449,-2.967001878642439,AIRPORT,False
2024-11-24,hvfhv,AIRPORT,19015.0,10.075662329500705,0.0886050364409878,-2.5131631121968163,-19.962819988899117,AIRPORT,False
2024-11-25,hvfhv,AIRPORT,16790.0,10.148900794277328,0.1586658317613889,-2.6493545556670797,-34.3191017122618,AIRPORT,False
2024-11-26,hvfhv,AIRPORT,15045.0,9.90634073885726,0.17735889855010256,-1.621231030096219,-24.989325040973696,AIRPORT,False
2024-11-27,hvfhv,AIRPORT,15576.0,9.865842509556312,0.1345079106083903,-1.5787618850354175,-19.13232122875218,AIRPORT,False
2024-11-28,hvfhv,AIRPORT,10750.0,9.884608206921943,0.1938738569592267,-3.1048393156624905,-45.225595557645335,AIRPORT,False
2024-11-29,hvfhv,AIRPORT,17853.0,10.010094960610054,0.09380797059657059,-2.3470086699129733,-19.761611039552285,AIRPORT,False
2024-11-30,hvfhv,AIRPORT,24037.0,9.64836235791358,0.05887515169369646,7.456239488247169,55.11354807116078,AIRPORT,True
2024-12-01,hvfhv,AIRPORT,34857.0,10.023674497916074,0.13107424857941752,3.321283651465133,54.5480335716086,AIRPORT,False
2024-12-02,hvfhv,AIRPORT,33156.0,10.003565277545498,0.22094040159602568,1.8349459593505675,49.992288556891175,AIRPORT,False
2024-12-03,hvfhv,AIRPORT,28269.0,9.795468729701666,0.23028237286940403,1.9717199432832755,57.46804253865274,AIRPORT,False
2024-12-04,hvfhv,AIRPORT,24095.0,9.834679533672942,0.14920857289341127,1.709553884572771,29.056498505396466,AIRPORT,False
2024-12-05,hvfhv,AIRPORT,22479.0,9.884608206921943,0.20222797189336073,0.6711663616052622,14.537101159040922,AIRPORT,False
2024-12-06,hvfhv,AIRPORT,24231.0,9.96283660984696,0.11978801434103495,1.1065503923128182,14.173778468815158,AIRPORT,False
2024-12-07,hvfhv,AIRPORT,16471.0,9.666511192209741,0.0857826134211849,0.4994642138327826,4.377645771739713,AIRPORT,False
2024-12-08,hvfhv,AIRPORT,24579.0,10.08228521279225,0.16101014688597287,0.16994261881552275,2.7740276731224034,AIRPORT,False
2024-12-09,hvfhv,AIRPORT,26017.0,10.038122015625921,0.16970658171798952,0.7565023852794299,13.698887916981084,AIRPORT,False
2024-12-10,hvfhv,AIRPORT,22551.0,9.85424703571006,0.2122453230214949,0.7976036961642425,18.44608049735308,AIRPORT,False
2024-12-11,hvfhv,AIRPORT,21190.0,9.81009709505194,0.14920857289341127,1.0132632011594038,16.32148057845615,AIRPORT,False
2024-12-12,hvfhv,AIRPORT,25111.0,9.829316799636416,0.14147233544354323,2.132886797600461,35.22156596738526,AIRPORT,False
2024-12-13,hvfhv,AIRPORT,23187.0,9.91694626071906,0.16161141610657964,0.8316293384081617,14.385117768141775,AIRPORT,False
2024-12-14,hvfhv,AIRPORT,15878.0,9.74764926323188,0.1847718966932455,-0.40568659135034957,-7.221892162219678,AIRPORT,False
2024-12-15,hvfhv,AIRPORT,20924.0,10.11208286738823,0.07991168389188243,-2.0451422737986977,-15.077470513527391,AIRPORT,False
2024-12-16,hvfhv,AIRPORT,21004.0,10.038122015625921,0.17801592196587934,-0.4811583139433428,-8.208808017516612,AIRPORT,False
2024-12-17,hvfhv,AIRPORT,18241.0,9.824894892689798,0.22475664374328785,-0.05992172591021142,-1.3377520872308701,AIRPORT,False
2024-12-18,hvfhv,AIRPORT,17164.0,9.813286043352965,0.1350430313584556,-0.46441935293259756,-6.079038943021331,AIRPORT,False
2024-12-19,hvfhv,AIRPORT,16943.0,9.886739108168534,0.1810042625796093,-0.8238980556871537,-13.854207204494584,AIRPORT,False
2024-12-20,hvfhv,AIRPORT,17377.0,9.948118911071452,0.09293481626726532,-1.9929682630086258,-16.907533107527538,AIRPORT,False
2024-12-21,hvfhv,AIRPORT,14728.0,9.74764926323188,0.17247031056645512,-0.8705471673695053,-13.94155610059019,AIRPORT,False
2024-12-22,hvfhv,AIRPORT,16089.0,10.083850065547482,0.16101014688597287,-2.471639120845479,-32.83104187835906,AIRPORT,False
2024-12-23,hvfhv,AIRPORT,14475.0,10.038122015625921,0.1586658317613889,-2.8862150602998677,-36.741691870765216,AIRPORT,False
2024-12-24,hvfhv,AIRPORT,11306.0,9.85424703571006,0.20863817620667222,-2.497904304716393,-40.61676262236376,AIRPORT,False
2024-12-25,hvfhv,AIRPORT,11574.0,9.782303045997395,0.07122645367798341,-5.977927327234376,-34.67442443732385,AIRPORT,True
2024-12-26,hvfhv,AIRPORT,16845.0,9.856643764067801,0.1478982945381929,-0.8440571178791487,-11.735712761738116,AIRPORT,False
2024-12-27,hvfhv,AIRPORT,20287.0,9.904645548046712,0.13979095590201052,0.0936399473782346,1.3176067089541554,AIRPORT,False
2024-12-28,hvfhv,AIRPORT,19323.0,9.691023160033867,0.13968780381394538,1.2744721466038365,19.48590339232661,AIRPORT,False
2024-12-29,hvfhv,AIRPORT,24699.0,10.009503342234748,0.19013813587534242,0.5523073698410328,11.072693095941212,AIRPORT,False
2024-12-30,hvfhv,AIRPORT,23264.0,10.000505603514942,0.1586658317613889,0.3413260197050417,5.565009064481585,AIRPORT,False
2024-12-31,hvfhv,AIRPORT,17019.0,9.85424703571006,0.20075285346335753,-0.5587038379798394,-10.610002040510158,AIRPORT,False
2025-01-01,hvfhv,AIRPORT,18895.0,9.782303045997395,0.038172707011367664,1.6857481385072346,6.646513759872663,AIRPORT,False
2025-01-02,hvfhv,AIRPORT,20387.0,9.840409991801772,0.12383010377657885,0.6641578056314417,8.57193144921884,AIRPORT,False
2025-01-03,hvfhv,AIRPORT,19586.0,9.91694626071906,0.10420237050746421,-0.32989610765003724,-3.379181584214186,AIRPORT,False
2025-01-04,hvfhv,AIRPORT,20408.0,9.64707296693911,0.14911441688366092,1.855013744904015,31.865106401829422,AIRPORT,False
2025-01-05,hvfhv,AIRPORT,26000.0,9.95480317833748,0.19132491497754914,1.1030901996789277,23.497242101189464,AIRPORT,False
2025-01-06,hvfhv,AIRPORT,22507.0,9.978014077732368,0.0757565645931159,0.5750996421264284,4.453057418635686,AIRPORT,False
2025-01-07,hvfhv,AIRPORT,19872.0,9.754434882641904,0.05664818831868773,2.5178581402972857,15.330542495321353,AIRPORT,False
2025-01-08,hvfhv,AIRPORT,17661.0,9.779947696711506,0.038172707011367664,-0.021837566167005797,-0.08332516679981916,AIRPORT,False
2025-01-09,hvfhv,AIRPORT,17609.0,9.84405717803946,0.09306902650575939,-0.72947753541272,-6.563840040704328,AIRPORT,False
2025-01-10,hvfhv,AIRPORT,20255.0,9.889788629191752,0.059156022809980856,0.4457420426950838,2.6719046613887576,AIRPORT,False
2025-01-11,hvfhv,AIRPORT,17782.0,9.609480937253037,0.19965045669527942,0.8838499763482867,19.298796067728464,AIRPORT,False
2025-01-12,hvfhv,AIRPORT,23343.0,9.95480317833748,0.17279085925943588,0.5975388651348551,10.876773937233342,AIRPORT,False
2025-01-13,hvfhv,AIRPORT,21578.0,9.999090125136025,0.059813321951977694,-0.32869883134939576,-1.946856042922196,AIRPORT,False
2025-01-14,hvfhv,AIRPORT,17201.0,9.749116305316047,0.06250551271787821,0.05769883604701405,0.36130065598471983,AIRPORT,False
2025-01-15,hvfhv,AIRPORT,17774.0,9.76819249468327,0.030285736589583525,0.5712094722867175,1.7450002581361534,AIRPORT,False
2025-01-16,hvfhv,AIRPORT,19752.0,9.825924683348273,0.06647399527980931,0.9791099121209471,6.725010781446272,AIRPORT,False
2025-01-17,hvfhv,AIRPORT,21558.0,9.889788629191752,0.04026390450238633,2.2033041317332827,9.276767252047492,AIRPORT,False
2025-01-18,hvfhv,AIRPORT,15085.0,9.540499057778277,0.18512780253407035,0.4373038123216818,8.432437134645543,AIRPORT,False
2025-01-19,hvfhv,AIRPORT,15476.0,9.994567124338952,0.13598126956996276,-2.5556564489916505,-29.35631099995887,AIRPORT,False
2025-01-20,hvfhv,AIRPORT,30748.0,10.000505603514942,0.04971791342075788,6.69928812448952,39.525141794819476,AIRPORT,True
2025-01-21,hvfhv,AIRPORT,23113.0,9.747404223320533,0.024233403809570026,12.410402097017373,35.086656356200805,AIRPORT,True
2025-01-22,hvfhv,AIRPORT,17578.0,9.782303045997395,0.042746217523941726,-0.18480341256813654,-0.7868526662587638,AIRPORT,False
2025-01-23,hvfhv,AIRPORT,18440.0,9.844353187305122,0.050513117149202785,-0.4370288637965307,-2.1833805340383927,AIRPORT,False
2025-01-24,hvfhv,AIRPORT,19794.0,9.91694626071906,0.04809487625957669,-0.4951072154527486,-2.3530848707207563,AIRPORT,False
2025-01-25,hvfhv,AIRPORT,13141.0,9.593405044090705,0.23706572599994352,-0.4636378834749512,-10.408761147048162,AIRPORT,False
2025-01-26,hvfhv,AIRPORT,21183.0,10.018756473556458,0.12993307266403772,-0.4448614982072894,-5.616340031398115,AIRPORT,False
2025-01-27,hvfhv,AIRPORT,21292.0,10.043908810495704,0.07904446463933006,-0.9845359388307551,-7.48710226372018,AIRPORT,False
2025-01-28,hvfhv,AIRPORT,17260.0,9.824894892689798,0.13912107021644227,-0.4941589936407408,-6.6438024793380235,AIRPORT,False
2025-01-29,hvfhv,AIRPORT,18071.0,9.782303045997395,0.042746217523941726,0.4622789464284666,1.9957210984206997,AIRPORT,False
2025-01-30,hvfhv,AIRPORT,19121.0,9.848000746600754,0.0509514273907668,0.20689783254465624,1.0597499795403031,AIRPORT,False
2025-01-31,hvfhv,AIRPORT,18731.0,9.922290496731474,0.05601824057158179,-1.5058543712701946,-8.08953712330165,AIRPORT,False
2025-02-01,hvfhv,AIRPORT,12915.0,9.587972924809854,0.15869205752315682,-0.767702058826331,-11.469956701274919,AIRPORT,False
2025-02-02,hvfhv,AIRPORT,20728.0,10.018756473556458,0.0901417571082175,-0.8821189409371177,-7.643652748469121,AIRPORT,False
2025-02-03,hvfhv,AIRPORT,21517.0,10.059607159371726,0.08762396671327026,-0.9473271198723712,-7.9656730968796,AIRPORT,False
2025-02-04,hvfhv,AIRPORT,16899.0,9.858314651165786,0.15401214481350733,-0.8006181834054166,-11.60059291966019,AIRPORT,False
2025-02-05,hvfhv,AIRPORT,17361.0,9.782303045997395,0.04233051178831973,-0.48006638466993573,-2.011636655985838,AIRPORT,False
2025-02-06,hvfhv,AIRPORT,18575.0,9.86219004578859,0.05332816301674415,-0.6116500992616033,-3.2091940626628013,AIRPORT,False
2025-02-07,hvfhv,AIRPORT,19662.0,9.93134162451452,0.05167353058557623,-0.8688879215112616,-4.390548579628084,AIRPORT,False
2025-02-08,hvfhv,AIRPORT,11674.0,9.584509678389214,0.10227253450928128,-2.1451531799631596,-19.69917190921534,AIRPORT,False
2025-02-09,hvfhv,AIRPORT,22656.0,9.985143601401962,0.12625750886690704,0.34086206418701137,4.39758897572089,AIRPORT,False
2025-02-10,hvfhv,AIRPORT,22769.0,10.089090774735983,0.16468231097755892,-0.3396572087541359,-5.439990709244558,AIRPORT,False
2025-02-11,hvfhv,AIRPORT,16766.0,9.86267361459159,0.16047474398860284,-0.8447766048682078,-12.677786854189254,AIRPORT,False
2025-02-12,hvfhv,AIRPORT,17068.0,9.793777858348292,0.058517354697792415,-0.8342348059394201,-4.7644809052499575,AIRPORT,False
2025-02-13,hvfhv,AIRPORT,19261.0,9.874776258758988,0.0665970899020893,-0.13421988390045256,-0.8898822676855822,AIRPORT,False
2025-02-14,hvfhv,AIRPORT,20505.0,9.927277357694187,0.05663358558689213,0.020247351815877047,0.11473378209971852,AIRPORT,False
2025-02-15,hvfhv,AIRPORT,13074.0,9.574214796024838,0.06198637371980601,-1.546049334735365,-9.138515898387178,AIRPORT,False
2025-02-16,hvfhv,AIRPORT,16555.0,9.995885153066999,0.06788479339483912,-4.145872573386184,-24.530508922254658,AIRPORT,True
2025-02-17,hvfhv,AIRPORT,27891.0,10.089090774735983,0.12485546102295705,1.1771095888305698,15.83175454031618,AIRPORT,False
2025-02-18,hvfhv,AIRPORT,25232.0,9.86267361459159,0.1531173293544005,1.7842179965071305,31.415607902606357,AIRPORT,False
2025-02-19,hvfhv,AIRPORT,18787.0,9.788233560761377,0.06805084049540122,0.7742279025853105,5.409951219100462,AIRPORT,False
2025-02-20,hvfhv,AIRPORT,18586.0,9.878929839755536,0.0665970899020893,-0.7322534920061194,-4.759598778637397,AIRPORT,False
2025-02-21,hvfhv,AIRPORT,21223.0,9.924359771005827,0.05125517485354603,0.7507731139298182,3.9230990295175516,AIRPORT,False
2025-02-22,hvfhv,AIRPORT,14262.0,9.533284024052534,0.10194410577763506,0.31458329337516333,3.258969374549281,AIRPORT,False
2025-02-23,hvfhv,AIRPORT,22233.0,10.005308676003988,0.10623799685460113,0.03787980510388971,0.40323828815516105,AIRPORT,False
2025-02-24,hvfhv,AIRPORT,24006.0,10.110834660158954,0.15041280522749936,-0.1647172395740566,-2.447118638187318,AIRPORT,False
2025-02-25,hvfhv,AIRPORT,20479.0,9.85919451262615,0.1531173293544005,0.44384745669683623,7.032328377562713,AIRPORT,False
2025-02-26,hvfhv,AIRPORT,20248.0,9.795014091839377,0.0649765811039292,1.8590884336060827,12.839606216154964,AIRPORT,False
2025-02-27,hvfhv,AIRPORT,20770.0,9.878929839755536,0.0452415128376402,1.377829192810754,6.431891389632072,AIRPORT,False
2025-02-28,hvfhv,AIRPORT,21845.0,9.924359771005827,0.05365590562299961,1.2555481003908662,6.9688591763563235,AIRPORT,False
2025-03-01,hvfhv,AIRPORT,14922.0,9.574214796024838,0.10123017369303194,0.3593505343271493,3.7046860765080902,AIRPORT,False
2025-03-02,hvfhv,AIRPORT,23922.0,10.018756473556458,0.08299577824384757,0.7686817860242383,6.587636962134402,AIRPORT,False
2025-03-03,hvfhv,AIRPORT,24152.0,10.112095903461858,0.08391520154237969,-0.2380192349904064,-1.9775284502644541,AIRPORT,False
2025-03-04,hvfhv,AIRPORT,18390.0,9.916470080710562,0.16878636319779713,-0.5741445059671756,-9.236027986451322,AIRPORT,False
2025-03-05,hvfhv,AIRPORT,16962.0,9.830385660759875,0.05922684076086323,-1.5475219117004435,-8.757996828109993,AIRPORT,False
2025-03-06,hvfhv,AIRPORT,21898.0,9.894745777318708,0.039713300177227975,2.503060930999206,10.45133272387606,AIRPORT,False
2025-03-07,hvfhv,AIRPORT,20625.0,9.924359771005827,0.05663358558689213,0.17479804773911256,0.9948601745181973,AIRPORT,False
2025-03-08,hvfhv,AIRPORT,14819.0,9.574214796024838,0.057154792370031196,0.5152782985313192,2.988858260807814,AIRPORT,False
2025-03-09,hvfhv,AIRPORT,24207.0,10.032705709539584,0.07421633260963548,0.831237745221364,6.363407466326287,AIRPORT,False
2025-03-10,hvfhv,AIRPORT,25073.0,10.106843670097073,0.04469758685765151,0.5079285131536178,2.2962857451852114,AIRPORT,False
2025-03-11,hvfhv,AIRPORT,20046.0,9.912990978745123,0.13165618149505814,-0.05473398270009543,-0.7180165711554443,AIRPORT,False
2025-03-12,hvfhv,AIRPORT,19300.0,9.830385660759875,0.04749649180826394,0.7889996230538904,3.8185745323356057,AIRPORT,False
2025-03-13,hvfhv,AIRPORT,20321.0,9.894745777318708,0.04521069464661527,0.5455420659651774,2.4971016659915746,AIRPORT,False
2025-03-14,hvfhv,AIRPORT,20339.0,9.93134162451452,0.05880946133621247,-0.18782896625893,-1.098533595822293,AIRPORT,False
2025-03-15,hvfhv,AIRPORT,14517.0,9.584509678389214,0.04960207315061092,-0.028910544190993016,-0.14329952082233754,AIRPORT,False
2025-03-16,hvfhv,AIRPORT,21643.0,10.063314528727592,0.06305807359255612,-1.2825823658306308,-7.769303151075258,AIRPORT,False
2025-03-17,hvfhv,AIRPORT,29032.0,10.106843670097073,0.032237484528098465,5.251969292091061,18.448760330005133,AIRPORT,True
2025-03-18,hvfhv,AIRPORT,21220.0,9.902305809619373,0.11404283033129875,0.5295694816864419,6.225457037850357,AIRPORT,False
2025-03-19,hvfhv,AIRPORT,18709.0,9.84510787186,0.03250528138641459,-0.2568167700301717,-0.8313154401227596,AIRPORT,False
2025-03-20,hvfhv,AIRPORT,19772.0,9.905988188916151,0.036100310814924895,-0.3868696466604251,-1.3869040752113482,AIRPORT,False
2025-03-21,hvfhv,AIRPORT,21359.0,9.905095551601079,0.041807249034435244,1.5340144443587076,6.623411733716789,AIRPORT,False
2025-03-22,hvfhv,AIRPORT,16094.0,9.574214796024838,0.048798104530775176,2.2949050123578916,11.849833649331343,AIRPORT,False
2025-03-23,hvfhv,AIRPORT,27092.0,10.040653331715749,0.05427862795834403,3.0645658314484923,18.097507101102117,AIRPORT,False
2025-03-24,hvfhv,AIRPORT,25498.0,10.106843670097073,0.032237484528098465,1.2256423594885515,4.030259399781899,AIRPORT,False
2025-03-25,hvfhv,AIRPORT,19907.0,9.916470080710562,0.1350427786510964,-0.1306502519635879,-1.7488640090422058,AIRPORT,False
2025-03-26,hvfhv,AIRPORT,17818.0,9.850665837198875,0.03250528138641459,-1.9289596411397691,-6.077609330831457,AIRPORT,False
2025-03-27,hvfhv,AIRPORT,19920.0,9.915953479886829,0.03650371910322522,-0.45129507767839605,-1.633899534263572,AIRPORT,False
2025-03-28,hvfhv,AIRPORT,19730.0,9.927277357694187,0.07022726047349379,-0.5322969801966745,-3.669168616394647,AIRPORT,False
2025-03-29,hvfhv,AIRPORT,14987.0,9.593370537825804,0.05300717849536695,0.40688639598272014,2.180216816445335,AIRPORT,False
2025-03-30,hvfhv,AIRPORT,22862.0,10.088475471563013,0.07807757972326601,-0.6563222010584466,-4.995321570830635,AIRPORT,False
2025-03-31,hvfhv,AIRPORT,24213.0,10.137951072814651,0.06790830209047302,-0.6377145870098915,-4.238179593121405,AIRPORT,False
2025-04-01,hvfhv,AIRPORT,25442.0,9.902305809619373,0.11404283033129875,2.1207016731713613,27.360418376860917,AIRPORT,False
2025-04-02,hvfhv,AIRPORT,18472.0,9.850665837198875,0.05922684076086323,-0.4500406542392693,-2.630239059328754,AIRPORT,False
2025-04-03,hvfhv,AIRPORT,19880.0,9.915953479886829,0.043855162684399686,-0.42147830597008695,-1.8314218243552949,AIRPORT,False
2025-04-04,hvfhv,AIRPORT,19494.0,9.927277357694187,0.05880946133621247,-0.8402619523162387,-4.821427927420075,AIRPORT,False
2025-04-05,hvfhv,AIRPORT,14017.0,9.609301928917588,0.03305643297473342,-1.8536716076222317,-5.943617645770072,AIRPORT,False
2025-04-06,hvfhv,AIRPORT,25178.0,10.069236183681195,0.09461534188546963,0.6815986853704292,6.661458421283206,AIRPORT,False
2025-04-07,hvfhv,AIRPORT,24811.0,10.162561669484116,0.05916051878326226,-0.7356136859091608,-4.258591200305329,AIRPORT,False
2025-04-08,hvfhv,AIRPORT,18561.0,9.981883646521482,0.15262324146230705,-1.0028994329817391,-14.19267089364894,AIRPORT,False
2025-04-09,hvfhv,AIRPORT,18997.0,9.858577849172839,0.07796984951460074,-0.08389779214034616,-0.6520149205154535,AIRPORT,False
2025-04-10,hvfhv,AIRPORT,19200.0,9.915953479886829,0.02591432716708461,-2.0563112261174172,-5.189300755916603,AIRPORT,False
2025-04-11,hvfhv,AIRPORT,19574.0,9.935309465779326,0.07625110218311727,-0.6996886637184178,-5.195378867671662,AIRPORT,False
2025-04-12,hvfhv,AIRPORT,13823.0,9.617235149735079,0.07247558208062735,-1.1472277542831373,-7.9783213567649724,AIRPORT,False
2025-04-13,hvfhv,AIRPORT,23019.0,10.128074067701244,0.09908809465092874,-0.8477186603636189,-8.056766527849268,AIRPORT,False
2025-04-14,hvfhv,AIRPORT,22229.0,10.181248779080189,0.07198014049591861,-2.390878320097709,-15.81014486988186,AIRPORT,False
2025-04-15,hvfhv,AIRPORT,18434.0,10.01932458394591,0.13248316990707223,-1.4897931528264508,-17.911521915150175,AIRPORT,False
2025-04-16,hvfhv,AIRPORT,18945.0,9.901656783658513,0.13000705600110257,-0.4027586026205253,-5.101421575561438,AIRPORT,False
2025-04-17,hvfhv,AIRPORT,20181.0,9.914098068860246,0.043855162684399686,-0.036511600197550974,-0.1599940894276508,AIRPORT,False
2025-04-18,hvfhv,AIRPORT,18632.0,9.959775951435983,0.10948917223429004,-1.1612119927233087,-11.93897446587744,AIRPORT,False
2025-04-19,hvfhv,AIRPORT,13079.0,9.62360001722601,0.08884158221131708,-1.630282173412353,-13.483656503097585,AIRPORT,False
2025-04-20,hvfhv,AIRPORT,22661.0,10.147997178883838,0.04507150397358551,-2.653483999979316,-11.27216316738232,AIRPORT,False
2025-04-21,hvfhv,AIRPORT,26469.0,10.162561669484116,0.06694747996989363,0.3161858581624966,2.1393474474674434,AIRPORT,False
2025-04-22,hvfhv,AIRPORT,24653.0,10.01932458394591,0.15262324146230705,0.6115011781912575,9.782318011598301,AIRPORT,False
2025-04-23,hvfhv,AIRPORT,22050.0,9.901656783658513,0.111284727746028,0.8933040429712202,10.452027144833465,AIRPORT,False
2025-04-24,hvfhv,AIRPORT,20977.0,9.92060672663781,0.060103429075958864,0.5087089410878475,3.1047372162957165,AIRPORT,False
2025-04-25,hvfhv,AIRPORT,21869.0,9.92010951319491,0.09331339070215423,0.7792651638339257,7.542493806233752,AIRPORT,False
2025-04-26,hvfhv,AIRPORT,15056.0,9.612798681788231,0.09845777479855934,0.06838647380266033,0.6755898854975628,AIRPORT,False
2025-04-27,hvfhv,AIRPORT,26445.0,10.08324874996103,0.07807757972326601,1.2753166003860963,10.46998107018915,AIRPORT,False
2025-04-28,hvfhv,AIRPORT,27156.0,10.181248779080189,0.07652152322912344,0.3672759657070287,2.8503174192940905,AIRPORT,False
2025-04-29,hvfhv,AIRPORT,22050.0,10.074263596188361,0.07758497139627492,-0.9434264651528104,-7.058108928918583,AIRPORT,False
2025-04-30,hvfhv,AIRPORT,22013.0,9.962704804238719,0.10704816320345242,0.3426837189620177,3.736481171850592,AIRPORT,False
2025-05-01,hvfhv,AIRPORT,23320.0,9.939949242490346,0.05078434901272954,2.3061710989881155,12.425140678097923,AIRPORT,False
2025-05-02,hvfhv,AIRPORT,20959.0,9.937391410937044,0.09331339070215423,0.1385869309732113,1.3015996581075884,AIRPORT,False
2025-05-03,hvfhv,AIRPORT,15179.0,9.615095393878313,0.10976835304913442,0.11453919457931026,1.265214841489204,AIRPORT,False
2025-05-04,hvfhv,AIRPORT,25907.0,10.128074067701244,0.0746095086128996,0.4583117403659382,3.4785763744301867,AIRPORT,False
2025-05-05,hvfhv,AIRPORT,26338.0,10.192307147782346,0.05493831264848604,-0.24644196116484068,-1.3447864063183435,AIRPORT,False
2025-05-06,hvfhv,AIRPORT,24458.0,10.039849853861089,0.0827186981264786,0.7841369286186128,6.701260515216356,AIRPORT,False
2025-05-07,hvfhv,AIRPORT,23594.0,9.975179561640946,0.03566487002630531,2.623538504187151,9.808544603202662,AIRPORT,False
2025-05-08,hvfhv,AIRPORT,20511.0,9.973615788660634,0.06193772935718215,-0.7249084289126188,-4.390613162937873,AIRPORT,False
2025-05-09,hvfhv,AIRPORT,23102.0,9.955261035746666,0.09027744911876802,1.0236602607189378,9.68181936894117,AIRPORT,False
2025-05-10,hvfhv,AIRPORT,16008.0,9.62360001722601,0.12627120452005927,0.45334056371074954,5.891400466275254,AIRPORT,False
2025-05-11,hvfhv,AIRPORT,24895.0,10.162885694033829,0.022997791412208674,-1.75944873280596,-3.965572110124238,AIRPORT,False
2025-05-12,hvfhv,AIRPORT,28188.0,10.1841071736747,0.031152189378565946,2.007706746134691,6.454178821565937,AIRPORT,False
2025-05-13,hvfhv,AIRPORT,22870.0,10.042966486666378,0.09307850517450679,-0.057856533465533044,-0.537072545571482,AIRPORT,False
2025-05-14,hvfhv,AIRPORT,20979.0,9.987262169237603,0.01996727782485366,-1.802196232319378,-3.534519133555225,AIRPORT,False
2025-05-15,hvfhv,AIRPORT,24598.0,9.958704730378052,0.041328716741624694,3.6709508396495,16.38292980839653,AIRPORT,True
2025-05-16,hvfhv,AIRPORT,23366.0,9.955261035746666,0.08060777261335006,1.287421971429591,10.935217356708527,AIRPORT,False
2025-05-17,hvfhv,AIRPORT,19454.0,9.62360001722601,0.07457217920820737,3.38206511974398,28.686363360252322,AIRPORT,False
2025-05-18,hvfhv,AIRPORT,26212.0,10.142345370258877,0.049878884897376366,0.6340805325857427,3.213268538107883,AIRPORT,False
2025-05-19,hvfhv,AIRPORT,26927.0,10.1841071736747,0.03828812425604643,0.4381934692746989,1.6919140459878523,AIRPORT,False
2025-05-20,hvfhv,AIRPORT,23013.0,10.039849853861089,0.09307850517450679,0.042595213136313266,0.39725685815164,AIRPORT,False
2025-05-21,hvfhv,AIRPORT,21464.0,9.987262169237603,0.0369098195960844,-0.35572585495746195,-1.3043957616011737,AIRPORT,False
2025-05-22,hvfhv,AIRPORT,21612.0,9.958704730378052,0.050739403662277,0.43948613851136836,2.25497516135722,AIRPORT,False
2025-05-23,hvfhv,AIRPORT,22109.0,9.976512016004246,0.07216633001096213,0.37729545643844153,2.7602098533344277,AIRPORT,False
2025-05-24,hvfhv,AIRPORT,14923.0,9.672719760258675,0.07282493102022893,-0.8521921470817209,-6.017428861285124,AIRPORT,False
2025-05-25,hvfhv,AIRPORT,18080.0,10.165119473986415,0.009553654320472966,-37.949650246744426,-30.410593802597973,AIRPORT,True
2025-05-26,hvfhv,AIRPORT,27509.0,10.192684805566833,0.03828812425604643,0.7726598742531224,3.0025642201646274,AIRPORT,False
2025-05-27,hvfhv,AIRPORT,25350.0,10.03102338305293,0.031688107770065053,3.4558903535998637,11.573192660212307,AIRPORT,False
2025-05-28,hvfhv,AIRPORT,21509.0,9.962704804238719,0.06367847045490196,0.21234691790047552,1.3613761652358614,AIRPORT,False
2025-05-29,hvfhv,AIRPORT,21295.0,9.95486030077293,0.06704809673814441,0.1695392134511879,1.1432134631020663,AIRPORT,False
2025-05-30,hvfhv,AIRPORT,19513.0,10.00229057110863,0.07216633001096213,-1.7106922576619512,-11.61380396727073,AIRPORT,False
2025-05-31,hvfhv,AIRPORT,16390.0,9.672719760258675,0.11324220203260074,0.2799920074856306,3.2214930619539173,AIRPORT,False
2025-06-01,hvfhv,AIRPORT,26086.0,10.142345370258877,0.041526070002609466,0.6455867523622291,2.717126624640609,AIRPORT,False
2025-06-02,hvfhv,AIRPORT,25544.0,10.192684805566833,0.04786216751527624,-0.9303187357322136,-4.355029247159637,AIRPORT,False
2025-06-03,hvfhv,AIRPORT,22974.0,10.03102338305293,0.09307850517450679,0.1192008577234825,1.1156815848408996,AIRPORT,False
2025-06-04,hvfhv,AIRPORT,21989.0,9.93238230174322,0.0709429958328235,0.9291305615409846,6.813624812880392,AIRPORT,False
2025-06-05,hvfhv,AIRPORT,21687.0,9.924481471466493,0.05332330145332283,1.1249642945387566,6.182254122807507,AIRPORT,False
2025-06-06,hvfhv,AIRPORT,21167.0,10.00229057110863,0.0823538658823483,-0.5111105172475031,-4.121836138739288,AIRPORT,False
2025-06-07,hvfhv,AIRPORT,18561.0,9.672719760258675,0.11324220203260074,1.3784447947725875,16.89408985496805,AIRPORT,False
2025-06-08,hvfhv,AIRPORT,25939.0,10.144579150211463,0.055418234236866336,0.3414716595596028,1.910394551669059,AIRPORT,False
2025-06-09,hvfhv,AIRPORT,26489.0,10.179294051539614,0.05816660894074373,0.08923985795460752,0.5204275358172916,AIRPORT,False
2025-06-10,hvfhv,AIRPORT,21572.0,10.03102338305293,0.0795260309632166,-0.6522634911806968,-5.054954159128311,AIRPORT,False
2025-06-11,hvfhv,AIRPORT,20201.0,9.945668874569474,0.061666218674966404,-0.5218657499438504,-3.1669173766324166,AIRPORT,False
2025-06-12,hvfhv,AIRPORT,20338.0,9.932627602085674,0.07107888317137084,-0.17419049346540835,-1.2304933219817515,AIRPORT,False
2025-06-13,hvfhv,AIRPORT,19831.0,9.980519870956105,0.11463110592848108,-0.7460298090784427,-8.196358562231442,AIRPORT,False
2025-06-14,hvfhv,AIRPORT,14476.0,9.684511157995829,0.11807640518748413,-0.8830195426990167,-9.901239041129939,AIRPORT,False
2025-06-15,hvfhv,AIRPORT,22292.0,10.165119473986415,0.02496515020812223,-6.134003762058909,-14.19872550041552,AIRPORT,True
2025-06-16,hvfhv,AIRPORT,25789.0,10.166321282926901,0.06709559426048257,-0.12844300161790387,-0.8580931354420618,AIRPORT,False
2025-06-17,hvfhv,AIRPORT,18044.0,10.03329194989719,0.11185997334643376,-2.0804890650934764,-20.762732719490263,AIRPORT,False
2025-06-18,hvfhv,AIRPORT,19546.0,9.926773959940714,0.08774349759693605,-0.5270820095909616,-4.519487703022107,AIRPORT,False
2025-06-19,hvfhv,AIRPORT,19911.0,9.943236959354198,0.06684513185263612,-0.6613695913956055,-4.324634794800675,AIRPORT,False
2025-06-20,hvfhv,AIRPORT,22045.0,9.904751072208525,0.06031398791015977,1.5931631933647687,10.085816493176637,AIRPORT,False
2025-06-21,hvfhv,AIRPORT,15750.0,9.607398300574065,0.10059218942065586,0.5686062109705842,5.886475004445613,AIRPORT,False
2025-06-22,hvfhv,AIRPORT,26023.0,10.045660639799248,0.13538935152383957,0.8942756589396521,12.871001564058272,AIRPORT,False
2025-06-23,hvfhv,AIRPORT,29065.0,10.145980278376637,0.04508447018611449,2.912526225033835,14.03208860146059,AIRPORT,False
2025-06-24,hvfhv,AIRPORT,22572.0,9.957843431519724,0.20948389354867872,0.3180294505736121,6.889141171325597,AIRPORT,False
2025-06-25,hvfhv,AIRPORT,19108.0,9.897006664006621,0.09273408494256292,-0.42211328791364183,-3.8388051368389298,AIRPORT,False
2025-06-26,hvfhv,AIRPORT,19817.0,9.90963697908256,0.0620151402381642,-0.24738386233474283,-1.5224462919401383,AIRPORT,False
2025-06-27,hvfhv,AIRPORT,23310.0,9.897566788804298,0.02507758833330418,6.343151546763816,17.242111906626036,AIRPORT,True
2025-06-28,hvfhv,AIRPORT,17386.0,9.634366659735221,0.10486395601572232,1.2306793373734535,13.775145175760883,AIRPORT,False
2025-06-29,hvfhv,AIRPORT,21609.0,10.112616378446415,0.09923424911215062,-1.3276787607879479,-12.344094844086362,AIRPORT,False
2025-06-30,hvfhv,AIRPORT,19127.0,10.152930528899683,0.04508447018611449,-6.522740520076467,-25.4778880922359,AIRPORT,True
2025-07-01,hvfhv,AIRPORT,17204.0,9.957843431519724,0.12332403340605372,-1.6618515625522567,-18.53088850294682,AIRPORT,False
2025-07-02,hvfhv,AIRPORT,17438.0,9.869194157704317,0.06946543176109315,-1.4796877110051494,-9.76809844902088,AIRPORT,False
2025-07-03,hvfhv,AIRPORT,15709.0,9.896661527990624,0.027929242573744673,-8.402392290841867,-20.917015844476662,AIRPORT,True
2025-07-04,hvfhv,AIRPORT,17711.0,9.934784429907227,0.05682690064785719,-2.689628216708986,-14.173574332456218,AIRPORT,False
2025-07-05,hvfhv,AIRPORT,13577.0,9.64823565225781,0.11360925602788753,-1.1627854391116006,-12.374942870601224,AIRPORT,False
2025-07-06,hvfhv,AIRPORT,26634.0,10.031109749345536,0.05994498484450679,2.6496649407545774,17.214350091883635,AIRPORT,False
2025-07-07,hvfhv,AIRPORT,25433.0,10.140685018895535,0.06987450681805198,0.0446200424890287,0.3122668867482803,AIRPORT,False
2025-07-08,hvfhv,AIRPORT,20672.0,9.854142521196726,0.11674219128737216,0.7057678503120068,8.588235333981654,AIRPORT,False
2025-07-09,hvfhv,AIRPORT,20745.0,9.834458380624344,0.08459636200173948,1.2483060694791286,11.137962853471727,AIRPORT,False
2025-07-10,hvfhv,AIRPORT,19636.0,9.888432869223976,0.0741535014404057,-0.0446772435782414,-0.3307492202923257,AIRPORT,False
2025-07-11,hvfhv,AIRPORT,19933.0,9.902185932290056,0.09940735535300504,-0.020662490818670647,-0.20518955455043342,AIRPORT,False
2025-07-12,hvfhv,AIRPORT,14826.0,9.606061522472736,0.08208896180753507,-0.023436126048004245,-0.1921997848121748,AIRPORT,False
2025-07-13,hvfhv,AIRPORT,22688.0,10.031109749345536,0.05994498484450679,-0.025328557803802054,-0.15171679489915935,AIRPORT,False
2025-07-14,hvfhv,AIRPORT,24292.0,10.13373476837249,0.10889373009722564,-0.3290585355376382,-3.5198030210024656,AIRPORT,False
2025-07-15,hvfhv,AIRPORT,25962.0,9.816548481061961,0.06279560128679426,5.53925308880081,41.60067021130038,AIRPORT,True
2025-07-16,hvfhv,AIRPORT,18942.0,9.793093407725202,0.11282697191903668,0.4967212104306212,5.7643743183026785,AIRPORT,False
2025-07-17,hvfhv,AIRPORT,22753.0,9.883845099729342,0.05842406835409239,2.54359527287825,16.021714792676246,AIRPORT,False
2025-07-18,hvfhv,AIRPORT,20118.0,9.915714590949081,0.09940735535300504,-0.06382199015624918,-0.6324292200035053,AIRPORT,False
2025-07-19,hvfhv,AIRPORT,14228.0,9.618006667739252,0.08208896180753507,-0.6704864266641687,-5.3552270285693755,AIRPORT,False
2025-07-20,hvfhv,AIRPORT,23429.0,10.029591429331854,0.07709442297639381,0.41687089278335976,3.266043723554435,AIRPORT,False
2025-07-21,hvfhv,AIRPORT,24926.0,10.088846697010993,0.09291169651911904,0.37476462791920206,3.5433332019067176,AIRPORT,False
2025-07-22,hvfhv,AIRPORT,18630.0,9.890321576123826,0.14210119738702082,-0.4067039095440451,-5.6154803014657695,AIRPORT,False
2025-07-23,hvfhv,AIRPORT,18394.0,9.807771984886905,0.0897558388839614,0.13378314686871265,1.2080201860854123,AIRPORT,False
2025-07-24,hvfhv,AIRPORT,19586.0,9.889707664672578,0.13690981353033668,-0.05213183925822765,-0.7111949925647676,AIRPORT,False
2025-07-25,hvfhv,AIRPORT,19584.0,9.92033373443484,0.06969840038053514,-0.5432771615424506,-3.7157612807503404,AIRPORT,False
2025-07-26,hvfhv,AIRPORT,18273.0,9.591881573923128,0.057833637674310864,3.8264628420522784,24.769551970029013,AIRPORT,True
2025-07-27,hvfhv,AIRPORT,21468.0,10.031109749345536,0.05994498484450679,-0.947385610257941,-5.5208505003920045,AIRPORT,False
2025-07-28,hvfhv,AIRPORT,26666.0,10.088846697010993,0.05887235519992939,1.7376224769165316,10.771344105032687,AIRPORT,False
2025-07-29,hvfhv,AIRPORT,19453.0,9.868707518522735,0.10384189925102554,0.06788262084886118,0.7073963380572312,AIRPORT,False
2025-07-30,hvfhv,AIRPORT,16198.0,9.834458380624344,0.0928934571658254,-1.5266449128085835,-13.221849973461897,AIRPORT,False
2025-07-31,hvfhv,AIRPORT,18354.0,9.929229974806454,0.11905520106450108,-0.9376084407015446,-10.56223461672764,AIRPORT,False
2025-08-01,hvfhv,AIRPORT,21411.0,9.904751072208525,0.06288028620926825,1.0640698295802449,6.919819321179621,AIRPORT,False
2025-08-02,hvfhv,AIRPORT,15243.0,9.591881573923128,0.08433883695375055,0.47420723101320555,4.080461920820433,AIRPORT,False
2025-08-03,hvfhv,AIRPORT,22757.0,10.029591429331854,0.10413380727368457,0.02916094308722773,0.3041255289139233,AIRPORT,False
2025-08-04,hvfhv,AIRPORT,22437.0,10.121253776380799,0.048046735873674244,-2.1393152656878085,-9.7680957244203,AIRPORT,False
2025-08-05,hvfhv,AIRPORT,17996.0,9.920710990016081,0.09869441187157584,-1.2443075319686556,-11.55649505831805,AIRPORT,False
2025-08-06,hvfhv,AIRPORT,16929.0,9.851270505077094,0.07874295367112462,-1.453934518611131,-10.817655574228302,AIRPORT,False
2025-08-07,hvfhv,AIRPORT,18402.0,9.929229974806454,0.11905520106450108,-0.9156705502104465,-10.32833395537872,AIRPORT,False
2025-08-08,hvfhv,AIRPORT,18724.0,9.94716324420992,0.06094952666749142,-1.7982394250227451,-10.380910996996773,AIRPORT,False
2025-08-09,hvfhv,AIRPORT,14099.0,9.62247203231815,0.07587313651100878,-0.9043105848515215,-6.631194097609305,AIRPORT,False
2025-08-10,hvfhv,AIRPORT,22688.0,10.031109749345536,0.10638486852596969,-0.014271954599553697,-0.15171679489915935,AIRPORT,False
2025-08-11,hvfhv,AIRPORT,23023.0,10.118477891228636,0.04393120854707757,-1.6896620520858399,-7.15408510538702,AIRPORT,False
2025-08-12,hvfhv,AIRPORT,17873.0,9.91136035984644,0.08483116758206692,-1.4182745573985927,-11.335791208564372,AIRPORT,False
2025-08-13,hvfhv,AIRPORT,16258.0,9.851270505077094,0.07628898270561836,-2.0308323073125325,-14.35249833574358,AIRPORT,False
2025-08-14,hvfhv,AIRPORT,22399.0,9.908414757741811,0.1327016465735358,0.8165447757847489,11.444534893910042,AIRPORT,False
2025-08-15,hvfhv,AIRPORT,20564.0,9.95955461894987,0.06094952666749142,-0.46361911764518093,-2.786186048251371,AIRPORT,False
2025-08-16,hvfhv,AIRPORT,14467.0,9.62247203231815,0.09497371009353266,-0.45114126473908406,-4.194161643386929,AIRPORT,False
2025-08-17,hvfhv,AIRPORT,19014.0,10.047178959812928,0.07897899451189294,-2.459491059546255,-17.654644534974594,AIRPORT,False
2025-08-18,hvfhv,AIRPORT,23856.0,10.121253776380799,0.059788549292408996,-0.6934896375139649,-4.061491803795958,AIRPORT,False
2025-08-19,hvfhv,AIRPORT,20028.0,9.870900917929038,0.08452147173754118,0.40209493306422306,3.4569766257181778,AIRPORT,False
2025-08-20,hvfhv,AIRPORT,19023.0,9.82939108338618,0.12750206749828608,0.188333957661378,2.4303601979416722,AIRPORT,False
2025-08-21,hvfhv,AIRPORT,22077.0,9.908414757741811,0.13123711964813703,0.7153224949205979,9.842448183082064,AIRPORT,False
2025-08-22,hvfhv,AIRPORT,21227.0,9.963870045147239,0.04963364943436174,-0.016940319971990022,-0.08404565211985737,AIRPORT,False
2025-08-23,hvfhv,AIRPORT,16925.0,9.62247203231815,0.06168193357536074,1.8494080657013172,12.083625781825846,AIRPORT,False
2025-08-24,hvfhv,AIRPORT,24829.0,10.031109749345536,0.09641849037874956,0.9195109167871721,9.270672765314236,AIRPORT,False
2025-08-25,hvfhv,AIRPORT,24806.0,10.09895299054326,0.0859496809895253,0.23138943161916753,2.0086928650552505,AIRPORT,False
2025-08-26,hvfhv,AIRPORT,20702.0,9.870900917929038,0.08890363181183628,0.7545774412977985,6.938602461834398,AIRPORT,False
2025-08-27,hvfhv,AIRPORT,19766.0,9.84620320783893,0.10257641178464133,0.44372151750403777,4.6567080909129865,AIRPORT,False
2025-08-28,hvfhv,AIRPORT,21447.0,9.94765393713177,0.09173983452098666,0.2799887032422699,2.601884836216062,AIRPORT,False
2025-08-29,hvfhv,AIRPORT,21842.0,9.96734466144181,0.04963364943436174,0.4884859282395988,2.454164740570297,AIRPORT,False
2025-08-30,hvfhv,AIRPORT,17462.0,9.610857493630164,0.04446221851655203,3.5293982616312953,16.99077233182562,AIRPORT,True
2025-08-31,hvfhv,AIRPORT,20835.0,10.092165108323094,0.06459653690240122,-2.2876700757165076,-13.737530314808332,AIRPORT,False
2025-09-01,hvfhv,AIRPORT,30080.0,10.079623336181214,0.057605763313309126,4.027243604442672,26.111019717333694,AIRPORT,True
2025-09-02,hvfhv,AIRPORT,27037.0,9.850546678186932,0.08438966632233441,4.199742865621008,42.53464387273487,AIRPORT,True
2025-09-03,hvfhv,AIRPORT,20273.0,9.84620320783893,0.09788114149831403,0.723755582994348,7.341163772492099,AIRPORT,False
2025-09-04,hvfhv,AIRPORT,17810.0,9.967194358747811,0.05043242582346189,-3.562767000204749,-16.446160916080675,AIRPORT,True
2025-09-05,hvfhv,AIRPORT,22327.0,9.95955461894987,0.05243429271986915,1.0298101804681188,5.548182459671702,AIRPORT,False
2025-09-06,hvfhv,AIRPORT,14959.0,9.595378693223058,0.052308463073283046,0.33818067119694334,1.7847100781039904,AIRPORT,False
2025-09-07,hvfhv,AIRPORT,26340.0,10.092165108323094,0.05508838809533034,1.5734507755823441,9.054641301077538,AIRPORT,False
2025-09-08,hvfhv,AIRPORT,24788.0,10.099315937689898,0.06506210770805292,0.28893940043343896,1.8976820206037859,AIRPORT,False
2025-09-09,hvfhv,AIRPORT,20289.0,9.885465915255047,0.09793067493645052,0.33052188202528476,3.2897780256439857,AIRPORT,False
2025-09-10,hvfhv,AIRPORT,20206.0,9.872561310652134,0.06125658923296232,0.6721490512466879,4.20329433553015,AIRPORT,False
2025-09-11,hvfhv,AIRPORT,20625.0,9.98458943401764,0.030573405161291856,-1.6462092642032307,-4.908464129862466,AIRPORT,False
2025-09-12,hvfhv,AIRPORT,21080.0,9.994693616382271,0.037452516171755205,-1.0310018571220447,-3.787761178032334,AIRPORT,False
2025-09-13,hvfhv,AIRPORT,14503.0,9.627822817478119,0.05055320323416148,-0.9042357554699811,-4.468295940884959,AIRPORT,False
2025-09-14,hvfhv,AIRPORT,23888.0,10.103792095885117,0.08164353050535406,-0.2775550734501857,-2.2405753688282015,AIRPORT,False
2025-09-15,hvfhv,AIRPORT,25135.0,10.118014078656307,0.05691811479357238,0.24601126585362226,1.4100991622506998,AIRPORT,False
2025-09-16,hvfhv,AIRPORT,19265.0,9.927909869593371,0.09637256482324495,-0.641931784700123,-5.99898562313933,AIRPORT,False
2025-09-17,hvfhv,AIRPORT,18751.0,9.912223133306563,0.05880261826745474,-1.2451957439005628,-7.060437529409603,AIRPORT,False
2025-09-18,hvfhv,AIRPORT,21966.0,9.967194358747811,0.04564895925721732,0.6584317384131564,3.0512986702624145,AIRPORT,False
2025-09-19,hvfhv,AIRPORT,21988.0,9.980619877773735,0.031231352732261766,0.5645689239903502,1.7788617023283493,AIRPORT,False
2025-09-20,hvfhv,AIRPORT,15488.0,9.610857493630164,0.05304737854606942,0.6967981623087071,3.765495468750224,AIRPORT,False
2025-09-21,hvfhv,AIRPORT,24450.0,10.092165108323094,0.05508838809533034,0.22183234983708874,1.2295360596562332,AIRPORT,False
2025-09-22,hvfhv,AIRPORT,22873.0,10.125428707250975,0.039651073911624084,-2.2122037052293244,-8.397924166188997,AIRPORT,False
2025-09-23,hvfhv,AIRPORT,17814.0,9.951519250568989,0.10099943002938946,-1.6215864438989076,-15.107064566712868,AIRPORT,False
2025-09-24,hvfhv,AIRPORT,20145.0,9.915094001956914,0.07100793284247875,-0.06171992559181396,-0.4373014735353231,AIRPORT,False
2025-09-25,hvfhv,AIRPORT,21185.0,9.980423506237333,0.023901649519232626,-0.810606948323134,-1.9188357223352326,AIRPORT,False
2025-09-26,hvfhv,AIRPORT,23764.0,9.980619877773735,0.0258043605126348,3.693454509567511,9.999675709210942,AIRPORT,True
2025-09-27,hvfhv,AIRPORT,14893.0,9.597589603967355,0.042867026136369765,0.25793669202378683,1.111833323251954,AIRPORT,False
2025-09-28,hvfhv,AIRPORT,24421.0,10.085777483329899,0.053155923563459835,0.3277379522249897,1.7573847948483268,AIRPORT,False
2025-09-29,hvfhv,AIRPORT,23848.0,10.125065760104338,0.07099547121248302,-0.6424371015148702,-4.458561798818761,AIRPORT,False
2025-09-30,hvfhv,AIRPORT,18677.0,9.941443527218667,0.10099943002938946,-1.053426023038944,-10.09309392192208,AIRPORT,False
2025-10-01,hvfhv,AIRPORT,17201.0,9.915094001956914,0.016686863701429078,-9.730480467496026,-14.987442176534271,AIRPORT,True
2025-10-02,hvfhv,AIRPORT,19317.0,9.97427781055018,0.033013257945004766,-3.196806401830958,-10.015881680315298,AIRPORT,False
2025-10-03,hvfhv,AIRPORT,18952.0,9.99802468049371,0.04293647417720111,-3.4553357605191155,-13.787924804530071,AIRPORT,False
2025-10-04,hvfhv,AIRPORT,14276.0,9.610857493630164,0.045028244801839847,-0.9887662558477838,-4.354583334718686,AIRPORT,False
2025-10-05,hvfhv,AIRPORT,25308.0,10.085777483329899,0.026708464574366323,1.9880718634734837,5.453335014455685,AIRPORT,False
2025-10-06,hvfhv,AIRPORT,27512.0,10.110658315480824,0.038963425391887345,2.8672847807302495,11.819886728730978,AIRPORT,False
2025-10-07,hvfhv,AIRPORT,21270.0,9.885831712143432,0.061369296588795454,1.290893010908561,8.244372786940279,AIRPORT,False
2025-10-08,hvfhv,AIRPORT,21753.0,9.903838866585655,0.0375982704650377,2.225317559004463,8.726796038590322,AIRPORT,False
2025-10-09,hvfhv,AIRPORT,21935.0,9.94765393713177,0.0621467867877376,0.7753397876083336,4.936464022119669,AIRPORT,False
2025-10-10,hvfhv,AIRPORT,21978.0,9.977612039162018,0.03126219724491023,0.6456741567689138,2.0390291510927527,AIRPORT,False
2025-10-11,hvfhv,AIRPORT,15407.0,9.581972882036721,0.023704043514415532,2.5567093018622535,6.247845986750278,AIRPORT,False
2025-10-12,hvfhv,AIRPORT,21273.0,10.085777483329899,0.026708464574366323,-4.5148061964416835,-11.359696706080435,AIRPORT,True
2025-10-13,hvfhv,AIRPORT,24783.0,10.103812650034122,0.06990764526744335,0.20170273426531454,1.4200445049020516,AIRPORT,False
2025-10-14,hvfhv,AIRPORT,26400.0,9.885831712143432,0.09637256482324495,3.0640211509630064,34.351266646696054,AIRPORT,False
2025-10-15,hvfhv,AIRPORT,22642.0,9.903838866585655,0.046399992942384664,2.6664443937745244,13.170234721912411,AIRPORT,False
2025-10-16,hvfhv,AIRPORT,21843.0,9.942561424602587,0.08003597175090658,0.6131537780657638,5.029844641171555,AIRPORT,False
2025-10-17,hvfhv,AIRPORT,21368.0,9.991685777770552,0.043457023464584583,-0.5070762151649281,-2.179500344324936,AIRPORT,False
2025-10-18,hvfhv,AIRPORT,14343.0,9.59524077169953,0.05703774785847317,-0.4246919858305299,-2.3932440734063753,AIRPORT,False
2025-10-19,hvfhv,AIRPORT,23614.0,10.06132797765376,0.08327598548168738,0.09927301088635519,0.8301324298321644,AIRPORT,False
2025-10-20,hvfhv,AIRPORT,26881.0,10.102050569777433,0.028508602477037848,3.406846288829581,10.199748283419119,AIRPORT,False
2025-10-21,hvfhv,AIRPORT,22077.0,9.906157359463457,0.09637256482324495,0.9975272766432112,10.090686417366811,AIRPORT,False
2025-10-22,hvfhv,AIRPORT,20261.0,9.903838866585655,0.07682473205147154,0.1641954095205218,1.2694163810912373,AIRPORT,False
2025-10-23,hvfhv,AIRPORT,21753.0,9.896407501175403,0.08299928340812421,1.097593293864294,9.53779426964907,AIRPORT,False
2025-10-24,hvfhv,AIRPORT,21343.0,9.977612039162018,0.08870200949334685,-0.10296207685278162,-0.9091364468207686,AIRPORT,False
2025-10-25,hvfhv,AIRPORT,14499.0,9.568676190952132,0.042983725365430145,0.3061337622365296,1.3245727169000077,AIRPORT,False
2025-10-26,hvfhv,AIRPORT,24111.0,10.01214011897115,0.11009305339276763,0.7110650989976224,8.142901429057003,AIRPORT,False
2025-10-27,hvfhv,AIRPORT,24426.0,10.10245980208052,0.0651474320081887,0.014484310761390324,0.0944060995828444,AIRPORT,False
2025-10-28,hvfhv,AIRPORT,19851.0,9.940678982220511,0.12650736953991246,-0.35309658008696987,-4.368633620545825,AIRPORT,False
2025-10-29,hvfhv,AIRPORT,19870.0,9.891093448925181,0.11060057490212859,0.05309996467810354,0.5890165829026461,AIRPORT,False
2025-10-30,hvfhv,AIRPORT,18497.0,9.896407501175403,0.10261281747608932,-0.6923468935779726,-6.8578779659955185,AIRPORT,False
2025-10-31,hvfhv,AIRPORT,26080.0,9.962374417009332,0.0434570234645859,4.7529624112332325,22.942871117792517,AIRPORT,True
2025-11-01,hvfhv,AIRPORT,16849.0,9.568676190952132,0.023108269700566432,7.0697805592189225,17.74727399869287,AIRPORT,True
2025-11-02,hvfhv,AIRPORT,22748.0,10.030821382491332,0.12875038379283757,0.010960168768334236,0.141212204204888,AIRPORT,False
2025-11-03,hvfhv,AIRPORT,22870.0,10.111067547783911,0.07300120358849106,-1.0066445093333891,-7.085108850286714,AIRPORT,False
2025-11-04,hvfhv,AIRPORT,19451.0,9.983672264894496,0.118150761392782,-0.914242972406294,-10.23890124776623,AIRPORT,False
2025-11-05,hvfhv,AIRPORT,19259.0,9.9223898154046,0.11060057490212859,-0.5122582096026511,-5.5080983967181645,AIRPORT,False
2025-11-06,hvfhv,AIRPORT,20416.0,9.918562783600011,0.10567351546572666,0.05215500326846028,0.5526618263983485,AIRPORT,False
2025-11-07,hvfhv,AIRPORT,21711.0,9.969064425416683,0.058846026845025934,0.28056096567121397,1.6646939627173785,AIRPORT,False
2025-11-08,hvfhv,AIRPORT,14266.0,9.612206095547485,0.08125130218520679,-0.5731813701070909,-4.550391047651781,AIRPORT,False
2025-11-09,hvfhv,AIRPORT,19356.0,10.0466182494189,0.07292591928283791,-2.4114954358494676,-16.126503933158777,AIRPORT,False
2025-11-10,hvfhv,AIRPORT,24446.0,10.102050569777433,0.05955005690228074,0.0364619728800431,0.21736715659630423,AIRPORT,False
2025-11-11,hvfhv,AIRPORT,23281.0,9.959298338920725,0.10892162086001589,0.8822354695956539,10.08631097170758,AIRPORT,False
2025-11-12,hvfhv,AIRPORT,20503.0,9.906709735236007,0.08691684553764889,0.24870622620187946,2.185209548402156,AIRPORT,False
2025-11-13,hvfhv,AIRPORT,19167.0,9.92068300982852,0.10213388360753557,-0.5848958097747241,-5.798839086392549,AIRPORT,False
2025-11-14,hvfhv,AIRPORT,21084.0,9.977612039162018,0.12001927394114387,-0.17782394848836866,-2.1116165883320326,AIRPORT,False
2025-11-15,hvfhv,AIRPORT,13722.0,9.599885750803248,0.06187987444123442,-1.181807303469243,-7.052009160553407,AIRPORT,False
2025-11-16,hvfhv,AIRPORT,21852.0,10.0466182494189,0.16283819747069578,-0.3351211248399654,-5.3108268210057314,AIRPORT,False
2025-11-17,hvfhv,AIRPORT,24360.0,10.103812650034122,0.11004610369321847,-0.028305665586968818,-0.3110081854733937,AIRPORT,False
2025-11-18,hvfhv,AIRPORT,20258.0,9.94915064213744,0.13054349382897623,-0.2516064564177241,-3.231202727062188,AIRPORT,False
2025-11-19,hvfhv,AIRPORT,18738.0,9.906709735236007,0.06658674017463379,-1.0272451924434485,-6.611400452716265,AIRPORT,False
2025-11-20,hvfhv,AIRPORT,18941.0,9.88911858139149,0.11180019893234183,-0.35808896689867353,-3.924362847468299,AIRPORT,False
2025-11-21,hvfhv,AIRPORT,19107.0,9.977026709788902,0.1332961065361498,-0.8943747409238401,-11.23845403814846,AIRPORT,False
2025-11-22,hvfhv,AIRPORT,14054.0,9.626445420008205,0.07814897030393723,-0.9697259984530272,-7.298273431568814,AIRPORT,False
2025-11-23,hvfhv,AIRPORT,18066.0,10.01214011897115,0.16283819747069578,-1.291792248555296,-18.97019380293883,AIRPORT,False
2025-11-24,hvfhv,AIRPORT,15774.0,10.102050569777433,0.05315840630135771,-8.200627260120894,-35.33384809260618,AIRPORT,True
2025-11-25,hvfhv,AIRPORT,13861.0,9.906157359463457,0.11900440770863238,-3.1034391612985086,-30.87978419028311,AIRPORT,False
2025-11-26,hvfhv,AIRPORT,14269.0,9.881350049235037,0.0898340270325888,-3.5120925636563785,-27.057988119066156,AIRPORT,True
2025-11-27,hvfhv,AIRPORT,10387.0,9.855014746463597,0.09735976726483522,-6.231572448046703,-45.48555334657692,AIRPORT,True
2025-11-28,hvfhv,AIRPORT,16089.0,9.970922030754668,0.19002746864810421,-1.4999460084976346,-24.800901497560858,AIRPORT,False
2025-11-29,hvfhv,AIRPORT,22838.0,9.626445420008205,0.10125724000450367,4.046482742717109,50.641954701140676,AIRPORT,True
2025-11-30,hvfhv,AIRPORT,32576.0,9.93140272871441,0.18132238384696844,2.536522857453457,58.39605237327441,AIRPORT,False
2025-12-01,hvfhv,AIRPORT,32452.0,10.066195715938665,0.054213481934214894,5.9269691986616175,37.89490313990444,AIRPORT,True
2025-12-02,hvfhv,AIRPORT,27916.0,9.895979408926717,0.15614915839534965,2.183654876621354,40.63193076699974,AIRPORT,False
2025-12-03,hvfhv,AIRPORT,23642.0,9.807974834590642,0.15613742428991503,1.683166203841721,30.057338904259655,AIRPORT,False
2025-12-04,hvfhv,AIRPORT,21508.0,9.849084163656741,0.11118020734037501,1.1431537799145022,13.552610738609427,AIRPORT,False
2025-12-05,hvfhv,AIRPORT,22465.0,9.857810039039476,0.2548870373285035,0.6351981809734738,17.574710838959362,AIRPORT,False
2025-12-06,hvfhv,AIRPORT,15682.0,9.617936541093302,0.0997407427692022,0.4244233050832797,4.3241085683874525,AIRPORT,False
2025-12-07,hvfhv,AIRPORT,23412.0,9.87075772791321,0.17982455637571576,1.0579548551779023,20.954742715436893,AIRPORT,False
2025-12-08,hvfhv,AIRPORT,24217.0,10.100697721823833,0.12651578114157064,-0.0465363048799705,-0.5870279146141355,AIRPORT,False
2025-12-09,hvfhv,AIRPORT,22183.0,9.916305056246742,0.20621157228376408,0.44021027284819986,9.502418797512146,AIRPORT,False
2025-12-10,hvfhv,AIRPORT,21069.0,9.777640842670152,0.22340654945343755,0.7963831078016793,19.472639637085386,AIRPORT,False
2025-12-11,hvfhv,AIRPORT,20278.0,9.771141345157432,0.2185670246349685,0.6686758379914878,15.737034570567744,AIRPORT,False
2025-12-12,hvfhv,AIRPORT,24690.0,9.771850563345255,0.21985102698157857,1.5569771207966745,40.81869402603697,AIRPORT,False
2025-12-13,hvfhv,AIRPORT,15032.0,9.647611567856988,0.16145895080906067,-0.18379301125757297,-2.923904637702246,AIRPORT,False
2025-12-14,hvfhv,AIRPORT,18332.0,10.02652585996336,0.2453003935709416,-0.8565922429862654,-18.951497508755132,AIRPORT,False
2025-12-15,hvfhv,AIRPORT,26530.0,10.062949520995176,0.26858487552119614,0.45826082312999306,13.097707373434076,AIRPORT,False
2025-12-16,hvfhv,AIRPORT,18893.0,9.955912347114682,0.24626882576694595,-0.44409025259599977,-10.359735381074298,AIRPORT,False
2025-12-17,hvfhv,AIRPORT,16609.0,9.807974834590642,0.28889455372151607,-0.31248369804390597,-8.631996368291661,AIRPORT,False
2025-12-18,hvfhv,AIRPORT,16207.0,9.849084163656741,0.18843263971689445,-0.8272751325504263,-14.434295971701482,AIRPORT,False
2025-12-19,hvfhv,AIRPORT,15673.0,9.857810039039476,0.2548870373285035,-0.777266962894128,-17.972470822211818,AIRPORT,False
2025-12-20,hvfhv,AIRPORT,15290.0,9.660268836790868,0.16250260437041358,-0.15577927483585477,-2.4996811631171068,AIRPORT,False
2025-12-21,hvfhv,AIRPORT,14758.0,10.06100399041111,0.3626447676939369,-1.2724943082103475,-36.96395011105409,AIRPORT,False
2025-12-22,hvfhv,AIRPORT,12958.0,10.094810144860501,0.1352447027474063,-4.623778197202568,-46.49213362513939,AIRPORT,True
2025-12-23,hvfhv,AIRPORT,13249.0,9.995519637982621,0.22086718582313258,-2.2812002572349863,-39.579533017146964,AIRPORT,False
2025-12-24,hvfhv,AIRPORT,10723.0,9.777640842670152,0.2637800439179358,-1.8860205990593513,-39.19478310178626,AIRPORT,False
2025-12-25,hvfhv,AIRPORT,10470.0,9.805245180085322,0.20977434256552596,-2.6169829422740714,-42.24590189349545,AIRPORT,False
2025-12-26,hvfhv,AIRPORT,12146.0,9.852802454577647,0.2668821261017469,-1.6788208512296998,-36.11255214664498,AIRPORT,False
2025-12-27,hvfhv,AIRPORT,19126.0,9.647611567856988,0.031380930800605694,6.7299589803252,23.5149946713215,AIRPORT,True
2025-12-28,hvfhv,AIRPORT,25152.0,9.938703718020061,0.3420828204903014,0.5670819041155886,21.408290030025313,AIRPORT,False
2025-12-29,hvfhv,AIRPORT,22722.0,10.140420795996143,0.21698385377554788,-0.5038711266479188,-10.356715692566365,AIRPORT,False
2025-12-30,hvfhv,AIRPORT,21928.0,9.926814135409776,0.2894098344406388,0.237398645093166,7.112072039898409,AIRPORT,False
2025-12-31,hvfhv,AIRPORT,17635.0,9.836629020463064,0.2617382590128542,-0.22537086483033134,-5.728208590237349,AIRPORT,False
2024-01-01,hvfhv,CRZ,139681.0,11.774494862011421,0.11493236559516774,0.6318643828602395,7.532363088375438,CRZ,False
2024-01-02,hvfhv,CRZ,100373.0,11.9573851416562,0.027373127497762755,-16.101069047439697,-35.643781169055266,CRZ,True
2024-01-03,hvfhv,CRZ,106628.0,12.009808418713812,0.08041151109222892,-5.381157404550228,-35.12494510424272,CRZ,True
2024-01-04,hvfhv,CRZ,133539.0,12.071741674034225,0.0428134770624077,-6.2969149796083785,-23.63096133611824,CRZ,True
2024-01-05,hvfhv,CRZ,152358.0,12.144769142364392,0.016673376739922086,-12.641761291116298,-19.00484506021999,CRZ,True
2024-01-06,hvfhv,CRZ,198061.0,12.274203363315166,0.016902642451785032,-4.607150657046369,-7.49181142730031,CRZ,True
2024-01-07,hvfhv,CRZ,135042.0,12.123590980223467,0.05769135456456582,-5.3777530865495065,-26.67362799958719,CRZ,True
2024-01-08,hvfhv,CRZ,112283.0,11.791276639680532,0.04976132714444872,-3.2655658514283217,-14.99829668041942,CRZ,False
2024-01-09,hvfhv,CRZ,157893.0,11.940602061443611,0.01164587807651424,2.496231350769275,2.9497486454238553,CRZ,False
2024-01-10,hvfhv,CRZ,139423.0,11.998765533242265,0.05437137581754471,-2.8231357843918095,-14.229732888763225,CRZ,False
2024-01-11,hvfhv,CRZ,155480.0,12.08894314627235,0.03462114864432695,-3.8898409376794825,-12.599637986666245,CRZ,True
2024-01-12,hvfhv,CRZ,169015.0,12.155310788851953,0.02117831366442108,-5.551341025159533,-11.091998463974374,CRZ,True
2024-01-13,hvfhv,CRZ,211028.0,12.282547457364881,0.02474190767621436,-0.9215680774224108,-2.2543365988096586,CRZ,False
2024-01-14,hvfhv,CRZ,189992.0,12.09244471545392,0.10064178827894481,0.6189529280465398,6.427363067029579,CRZ,False
2024-01-15,hvfhv,CRZ,149157.0,11.784485583789444,0.06627477446536585,1.935414170852449,13.685893309125042,CRZ,False
2024-01-16,hvfhv,CRZ,161910.0,11.936674542869312,0.030705533761439936,1.89286276092925,5.984361202231003,CRZ,False
2024-01-17,hvfhv,CRZ,178555.0,11.99147192342933,0.14097358978917782,0.717723317629162,10.647582551029977,CRZ,False
2024-01-18,hvfhv,CRZ,182097.0,12.071741674034225,0.041597360048361266,0.9748964125137061,4.138662365128365,CRZ,False
2024-01-19,hvfhv,CRZ,190369.0,12.114539017851158,0.07103738451798935,0.5937796752031309,4.308279567458806,CRZ,False
2024-01-20,hvfhv,CRZ,237513.0,12.262802687170701,0.021607132227543423,5.330413560547029,12.206972720687714,CRZ,True
2024-01-21,hvfhv,CRZ,178518.0,12.101068235808576,0.0910835754340832,-0.09467700750171162,-0.8586444454471986,CRZ,False
2024-01-22,hvfhv,CRZ,132095.0,11.777694527898353,0.10292506071454231,0.13196117338078456,1.3674767674751287,CRZ,False
2024-01-23,hvfhv,CRZ,154060.0,11.932747024295011,0.05530753296881722,0.22330396871813654,1.242697264226078,CRZ,False
2024-01-24,hvfhv,CRZ,168626.0,11.984178313616395,0.16082302218445785,0.3187367672772601,5.259675405742992,CRZ,False
2024-01-25,hvfhv,CRZ,177894.0,12.068957696774298,0.05660300064818918,0.35308109586396513,2.018649569316633,CRZ,False
2024-01-26,hvfhv,CRZ,186135.0,12.114116335212673,0.06316356028052411,0.31839814878767386,2.0314752588678653,CRZ,False
2024-01-27,hvfhv,CRZ,212322.0,12.282547457364881,0.033805284903570064,-0.49365618858213617,-1.6549711665393652,CRZ,False
2024-01-28,hvfhv,CRZ,192966.0,12.072518395501566,0.07109902631758436,1.3748555518425347,10.268806144140296,CRZ,False
2024-01-29,hvfhv,CRZ,127735.0,11.784485583789444,0.09884051166775627,-0.27086565008007124,-2.64172930642812,CRZ,False
2024-01-30,hvfhv,CRZ,152169.0,11.942849738675285,0.055026893982171365,-0.1835959409874587,-1.0051853383490905,CRZ,False
2024-01-31,hvfhv,CRZ,160200.0,12.014482890686331,0.08839018453442331,-0.3428500260471106,-2.984999690044876,CRZ,False
2024-02-01,hvfhv,CRZ,171878.0,12.09058188478932,0.02830150032409459,-1.2734901888765229,-3.5399914773684094,CRZ,False
2024-02-02,hvfhv,CRZ,190101.0,12.124171915544752,0.045863514260784506,0.6789465179258262,3.162875963674705,CRZ,False
2024-02-03,hvfhv,CRZ,215895.0,12.276253394267993,0.031613514321058946,0.19909406568871937,0.6313912334287908,CRZ,False
2024-02-04,hvfhv,CRZ,166802.0,12.082481555477743,0.09197907485460878,-0.6296953554569147,-5.627342152346659,CRZ,False
2024-02-05,hvfhv,CRZ,130313.0,11.774603753053741,0.0576078426339583,0.0536519804126446,0.3095556213958295,CRZ,False
2024-02-06,hvfhv,CRZ,153369.0,11.952407727866497,0.045996834733463415,-0.25666258322546703,-1.1736252968924332,CRZ,False
2024-02-07,hvfhv,CRZ,162554.0,12.032819385970814,0.08839018453442331,-0.38526735641429777,-3.348054647379628,CRZ,False
2024-02-08,hvfhv,CRZ,178521.0,12.081301886222958,0.02830150032409459,0.3943124565846204,1.1222135114355547,CRZ,False
2024-02-09,hvfhv,CRZ,192836.0,12.124171915544752,0.033199442819438804,1.3681991719618223,4.6470894384100125,CRZ,False
2024-02-10,hvfhv,CRZ,216782.0,12.28929666962275,0.0485161567728453,-0.054603466730049253,-0.2645644449992268,CRZ,False
2024-02-11,hvfhv,CRZ,185279.0,12.05158878419265,0.05595974422110722,1.3943825692739071,8.115432729550287,CRZ,False
2024-02-12,hvfhv,CRZ,144413.0,11.776899654853008,0.02488066357222436,4.161178175007159,10.908225299798492,CRZ,True
2024-02-13,hvfhv,CRZ,141057.0,11.942849738675285,0.047647380297556115,-1.803465272347922,-8.23418980391205,CRZ,False
2024-02-14,hvfhv,CRZ,188344.0,12.014482890686331,0.052908239406081414,2.4862378301579926,14.058634321961371,CRZ,False
2024-02-15,hvfhv,CRZ,181160.0,12.081301886222958,0.017423384409834715,1.4827206264593,2.617060176290975,CRZ,False
2024-02-16,hvfhv,CRZ,178948.0,12.136649963059238,0.03113086895308134,-1.3427001763667685,-4.093787313822284,CRZ,False
2024-02-17,hvfhv,CRZ,209693.0,12.291346700575577,0.06347024977453954,-0.5978685352275355,-3.7235904251063046,CRZ,False
2024-02-18,hvfhv,CRZ,174996.0,12.027610966063154,0.08153149586580687,0.5507985467643766,4.593103300401835,CRZ,False
2024-02-19,hvfhv,CRZ,129716.0,11.776899654853008,0.03176719161736395,-0.11952364561909674,-0.3789731326911294,CRZ,False
2024-02-20,hvfhv,CRZ,146597.0,11.936674542869312,0.051668244393374314,-0.7980131505397653,-4.039346555719492,CRZ,False
2024-02-21,hvfhv,CRZ,158485.0,12.014482890686331,0.0520621104986066,-0.7888205010497595,-4.023580997982279,CRZ,False
2024-02-22,hvfhv,CRZ,174374.0,12.081301886222958,0.023510529708955147,-0.5250493970775192,-1.226831247623228,CRZ,False
2024-02-23,hvfhv,CRZ,182429.0,12.12447605097385,0.026243330889376356,-0.394756130799365,-1.0306238734101192,CRZ,False
2024-02-24,hvfhv,CRZ,218829.0,12.284597488317708,0.06270004607045894,0.18258987481516126,1.1514177219878352,CRZ,False
2024-02-25,hvfhv,CRZ,167822.0,12.020759406968436,0.06676011488512663,0.14828862910635474,0.9948930703920222,CRZ,False
2024-02-26,hvfhv,CRZ,122245.0,11.774603753053741,0.022105594796092854,-2.751396056499342,-5.900856960260803,CRZ,False
2024-02-27,hvfhv,CRZ,156329.0,11.892730568700356,0.05621106015119128,1.1917133557969106,6.928208118986601,CRZ,False
2024-02-28,hvfhv,CRZ,167745.0,11.99147192342933,0.025924723885571432,1.4938760725865654,3.948804206113077,CRZ,False
2024-02-29,hvfhv,CRZ,178478.0,12.06485197351845,0.015663553784675016,1.747282268383919,2.7746611505603314,CRZ,False
2024-03-01,hvfhv,CRZ,187039.0,12.111412095836862,0.0171471398252227,1.6131165131164746,2.804643310684396,CRZ,False
2024-03-02,hvfhv,CRZ,241375.0,12.284597488317708,0.06270004607045894,1.746562216079512,11.573070537473761,CRZ,False
2024-03-03,hvfhv,CRZ,159925.0,12.020759406968436,0.04570763467262012,-0.8379163114524331,-3.757503341144419,CRZ,False
2024-03-04,hvfhv,CRZ,130106.0,11.771720878850772,0.021152627680974267,0.20725098663904992,0.43935263169447847,CRZ,False
2024-03-05,hvfhv,CRZ,169997.0,11.892730568700356,0.058981986853408566,2.5568060379572195,16.27704773652596,CRZ,False
2024-03-06,hvfhv,CRZ,185688.0,12.002995410010573,0.04300944509092267,2.9953354342164267,13.749413397751397,CRZ,False
2024-03-07,hvfhv,CRZ,175196.0,12.07339389809249,0.028091079773649188,0.009495116714110761,0.026676365617372966,CRZ,False
2024-03-08,hvfhv,CRZ,181445.0,12.114420470641772,0.027627314726132633,-0.2067741377454973,-0.5696328226878489,CRZ,False
2024-03-09,hvfhv,CRZ,249193.0,12.27002367729144,0.06009554148232188,2.5951891683629023,16.877863087004986,CRZ,False
2024-03-10,hvfhv,CRZ,165538.0,11.998347089181358,0.07092293325689726,0.26238290857959384,1.8783191354563966,CRZ,False
2024-03-11,hvfhv,CRZ,133465.0,11.766006708160749,0.016954947509269253,2.0989650356883036,3.622866853302753,CRZ,False
2024-03-12,hvfhv,CRZ,139941.0,11.892730568700356,0.07620467396433879,-0.5741693026177835,-4.281097094082941,CRZ,False
2024-03-13,hvfhv,CRZ,155915.0,12.018712767454641,0.10097306680866258,-0.6105242067296529,-5.978480730044966,CRZ,False
2024-03-14,hvfhv,CRZ,169461.0,12.071309161473932,0.013576097243263906,-2.278347752453741,-3.045759929126435,CRZ,False
2024-03-15,hvfhv,CRZ,182540.0,12.111412095836862,0.020940259013594774,0.1581885989020819,0.3318002658929231,CRZ,False
2024-03-16,hvfhv,CRZ,205092.0,12.276336899763445,0.12330886344881732,-0.36593445568224375,-4.412006213695674,CRZ,False
2024-03-17,hvfhv,CRZ,152510.0,12.00468165567083,0.03572987315852758,-1.9506424977040844,-6.732288423313159,CRZ,False
2024-03-18,hvfhv,CRZ,127164.0,11.76608467965453,0.01263037822167136,-1.0175315787172055,-1.2769576851287545,CRZ,False
2024-03-19,hvfhv,CRZ,145804.0,11.88589410659564,0.07918270379472733,0.05208746644555794,0.41329435790822266,CRZ,False
2024-03-20,hvfhv,CRZ,158666.0,12.018405659536807,0.0788222974461441,-0.5563021898824926,-4.290154753429675,CRZ,False
2024-03-21,hvfhv,CRZ,172948.0,12.071309161473932,0.018551962000598856,-0.5693689546684929,-1.0507319573387464,CRZ,False
2024-03-22,hvfhv,CRZ,180745.0,12.118911584153892,0.014175232750761753,-0.9925132997925104,-1.3970599657819882,CRZ,False
2024-03-23,hvfhv,CRZ,251730.0,12.244145167087721,0.05061614196046531,3.792608227518465,21.163077051576963,CRZ,True
2024-03-24,hvfhv,CRZ,165088.0,11.986722149985825,0.03070686532521668,0.8959492858412386,2.7893738074693974,CRZ,False
2024-03-25,hvfhv,CRZ,128242.0,11.757531598435087,0.023262452374858692,0.17808889698860902,0.41513776788177914,CRZ,False
2024-03-26,hvfhv,CRZ,143409.0,11.883182070917897,0.09115598186183343,-0.10669737777743613,-0.9678958653019376,CRZ,False
2024-03-27,hvfhv,CRZ,163935.0,12.002071337575341,0.06659615845081675,0.07739108866690474,0.5167253646726655,CRZ,False
2024-03-28,hvfhv,CRZ,171791.0,12.068609397289077,0.02099624648433509,-0.6941953475257973,-1.4469788281073148,CRZ,False
2024-03-29,hvfhv,CRZ,176019.0,12.118911584153892,0.01735488590418657,-2.3373453238915265,-3.975264035613524,CRZ,False
2024-03-30,hvfhv,CRZ,189100.0,12.244145167087721,0.025569341466731867,-3.680732746426916,-8.98209243851259,CRZ,True
2024-03-31,hvfhv,CRZ,148102.0,11.986722149985825,0.01987749277509205,-4.0782631063900086,-7.786684437185976,CRZ,True
2024-04-01,hvfhv,CRZ,129358.0,11.761752354413556,0.019512667168257933,0.4400566521288502,0.8623650260576765,CRZ,False
2024-04-02,hvfhv,CRZ,172477.0,11.874900787748846,0.05442995939328753,3.3642939940219,20.0956575488068,CRZ,False
2024-04-03,hvfhv,CRZ,198688.0,11.990890964817416,0.05002013779991658,4.170321764838321,23.195220454573583,CRZ,True
2024-04-04,hvfhv,CRZ,175928.0,12.062152209333595,0.017905415973659498,0.8755948535433713,1.580143298202752,CRZ,False
2024-04-05,hvfhv,CRZ,185743.0,12.11171623126596,0.01728314322098998,1.1805170669766563,2.0612610505003737,CRZ,False
2024-04-06,hvfhv,CRZ,204386.0,12.244145167087721,0.038770521434747456,-0.42247369048284744,-1.6246110266411207,CRZ,False
2024-04-07,hvfhv,CRZ,158821.0,11.993056716475298,0.03399541457065938,-0.5154711548899517,-1.7371009297747042,CRZ,False
2024-04-08,hvfhv,CRZ,126726.0,11.76608467965453,0.03585051279229336,-0.45472502267348486,-1.6169964738890208,CRZ,False
2024-04-09,hvfhv,CRZ,135401.0,11.883182070917897,0.0617094967031984,-1.088747268246708,-6.497877176869993,CRZ,False
2024-04-10,hvfhv,CRZ,151418.0,12.009959736318441,0.052084464468048354,-1.5774422158758081,-7.8875647687166595,CRZ,False
2024-04-11,hvfhv,CRZ,173435.0,12.069288174836643,0.03055829920857828,-0.18751064622229238,-0.5713621255858614,CRZ,False
2024-04-12,hvfhv,CRZ,184075.0,12.12127729476978,0.0281161679705617,0.06477651823124525,0.18229269820517757,CRZ,False
2024-04-13,hvfhv,CRZ,210371.0,12.229489789875872,0.026388608638515543,1.0284031319025275,2.75097205886361,CRZ,False
2024-04-14,hvfhv,CRZ,161964.0,11.983258563259454,0.05874691111828114,0.20206686295263535,1.1941541659117982,CRZ,False
2024-04-15,hvfhv,CRZ,128262.0,11.766006708160749,0.039972882823334235,-0.10448038666288648,-0.4167673297243879,CRZ,False
2024-04-16,hvfhv,CRZ,143824.0,11.911119843906585,0.08998146929256179,-0.38645996077638395,-3.417655931561825,CRZ,False
2024-04-17,hvfhv,CRZ,167642.0,12.009959736318441,0.06532588201970962,0.3004367544608074,1.9820157910076297,CRZ,False
2024-04-18,hvfhv,CRZ,185552.0,12.070694133907637,0.027202174855052004,2.2202750923656787,6.225744775410802,CRZ,False
2024-04-19,hvfhv,CRZ,184948.0,12.12760891952313,0.029875224156098588,0.007399574456904485,0.02210883819944165,CRZ,False
2024-04-20,hvfhv,CRZ,205184.0,12.233189039456597,0.04394293449961525,-0.034741032769226625,-0.15254582314051524,CRZ,False
2024-04-21,hvfhv,CRZ,161294.0,11.997307201226949,0.035570889745182604,-0.1777615240702287,-0.6303186620687296,CRZ,False
2024-04-22,hvfhv,CRZ,120835.0,11.78702213400094,0.04639598822560285,-1.828625267583836,-8.134154697324758,CRZ,False
2024-04-23,hvfhv,CRZ,136954.0,11.937788736943347,0.09323767347576672,-1.1839458324461467,-10.451369876817829,CRZ,False
2024-04-24,hvfhv,CRZ,155942.0,12.021140109076367,0.037264261380631145,-1.7147981600019178,-6.190183961145667,CRZ,False
2024-04-25,hvfhv,CRZ,171015.0,12.084279615614815,0.03778195730987107,-0.9203616528834258,-3.4175428901177085,CRZ,False
2024-04-26,hvfhv,CRZ,179833.0,12.129974630139015,0.021823468073714172,-1.383405634460035,-2.9739521208013375,CRZ,False
2024-04-27,hvfhv,CRZ,204032.0,12.229714029172204,0.04394293449961525,-0.08378834832838894,-0.36751359981537224,CRZ,False
2024-04-28,hvfhv,CRZ,158118.0,11.993056716475298,0.04591864426516795,-0.47823380061392656,-2.1720485629363795,CRZ,False
2024-04-29,hvfhv,CRZ,133747.0,11.76608467965453,0.09142615182366218,0.4114857094520193,3.833716621741079,CRZ,False
2024-04-30,hvfhv,CRZ,153792.0,11.904283381801868,0.12244078537840858,0.31911700969180073,3.9846324461678684,CRZ,False
2024-05-01,hvfhv,CRZ,164834.0,12.01206742761137,0.10055088452189785,0.006233244487194111,0.06269547006194642,CRZ,False
2024-05-02,hvfhv,CRZ,178745.0,12.070694133907637,0.03354411308133515,0.6863008771047391,2.328839084896961,CRZ,False
2024-05-03,hvfhv,CRZ,188178.0,12.125464272852803,0.03295908130660675,0.5970836791958843,1.9874244030825494,CRZ,False
2024-05-04,hvfhv,CRZ,214987.0,12.226898882542509,0.03058805876914866,1.6815044724184736,5.27796559251672,CRZ,False
2024-05-05,hvfhv,CRZ,175077.0,11.983258563259454,0.021044147787374286,4.263541283834347,9.387079405950228,CRZ,True
2024-05-06,hvfhv,CRZ,137035.0,11.782767780253746,0.06669719642242557,0.6780474863531678,4.626205659357452,CRZ,False
2024-05-07,hvfhv,CRZ,152089.0,11.90985096395466,0.09707636153997631,0.23043911495056604,2.2622279804927814,CRZ,False
2024-05-08,hvfhv,CRZ,170215.0,12.003621504393003,0.06185813195169492,0.6659774091963595,4.205645200807173,CRZ,False
2024-05-09,hvfhv,CRZ,178212.0,12.078636828270824,0.06260954338283256,0.19313834432845495,1.2165711040827754,CRZ,False
2024-05-10,hvfhv,CRZ,197824.0,12.117919036160991,0.03295908130660675,2.342722741950926,8.027321860386195,CRZ,False
2024-05-11,hvfhv,CRZ,198263.0,12.228847269899475,0.05727744741285348,-0.5499120544727119,-3.1006678024970813,CRZ,False
2024-05-12,hvfhv,CRZ,168970.0,11.98104046718132,0.03472815307313766,1.6250791124572872,5.805889281508159,CRZ,False
2024-05-13,hvfhv,CRZ,142915.0,11.815607568216784,0.025799263749378586,2.1085004297118486,5.590451384644646,CRZ,False
2024-05-14,hvfhv,CRZ,171695.0,11.937788736943347,0.026959241473804026,4.291151480337634,12.264351891874337,CRZ,True
2024-05-15,hvfhv,CRZ,187984.0,12.02048949089738,0.033005300261300156,3.7455390477064303,13.158877510952728,CRZ,True
2024-05-16,hvfhv,CRZ,191488.0,12.092222309978002,0.060478140815348524,1.1633643416859474,7.28923285944485,CRZ,False
2024-05-17,hvfhv,CRZ,188009.0,12.120284746776878,0.03659569626598191,0.6547318038614005,2.4249722208019575,CRZ,False
2024-05-18,hvfhv,CRZ,206615.0,12.188318402694286,0.06184330311288957,0.8132494849420124,5.158025169486513,CRZ,False
2024-05-19,hvfhv,CRZ,162671.0,11.96186713359145,0.08084836839189598,0.4652895576422724,3.8334411117515232,CRZ,False
2024-05-20,hvfhv,CRZ,136969.0,11.815848440617465,0.05523703801942167,0.21111670057049614,1.172972113353521,CRZ,False
2024-05-21,hvfhv,CRZ,154583.0,11.937788736943347,0.026959241473804026,0.3968105321570031,1.0755136055308423,CRZ,False
2024-05-22,hvfhv,CRZ,161870.0,12.02048949089738,0.0649217201202653,-0.39956840208975275,-2.560709939686767,CRZ,False
2024-05-23,hvfhv,CRZ,170524.0,12.092222309978002,0.07721113025871841,-0.5904716271124476,-4.4567328285638474,CRZ,False
2024-05-24,hvfhv,CRZ,156563.0,12.128492311545866,0.033625131480738285,-4.974807244179666,-15.403606277395653,CRZ,True
2024-05-25,hvfhv,CRZ,158043.0,12.21169091719375,0.04665315425466245,-5.167249549657823,-21.421219430711915,CRZ,True
2024-05-26,hvfhv,CRZ,141066.0,11.98529095193297,0.076175967679474,-1.6843607097165068,-12.041740419366132,CRZ,False
2024-05-27,hvfhv,CRZ,116545.0,11.82799529532435,0.018952105413291745,-8.545887028994146,-14.952694739118188,CRZ,True
2024-05-28,hvfhv,CRZ,124234.0,11.950068850335969,0.011118225374119146,-19.80052390530506,-19.75989127235157,CRZ,True
2024-05-29,hvfhv,CRZ,151942.0,12.02961497262661,0.023813103840627806,-4.1305335593221555,-9.367817842949687,CRZ,True
2024-05-30,hvfhv,CRZ,157046.0,12.092222309978002,0.07934253282620245,-1.6123543120492392,-12.00835110479841,CRZ,False
2024-05-31,hvfhv,CRZ,167667.0,12.128492311545866,0.037290532408046737,-2.6483173257455155,-9.403731748319133,CRZ,False
2024-06-01,hvfhv,CRZ,194714.0,12.17279332733829,0.08858823880715226,0.07330281107287141,0.6514897150521337,CRZ,False
2024-06-02,hvfhv,CRZ,155226.0,11.96505687454843,0.10617501080979296,-0.11697174297541957,-1.234267266337341,CRZ,False
2024-06-03,hvfhv,CRZ,137036.0,11.827750774234094,0.04302615403639974,0.005767882010055905,0.02482005764958828,CRZ,False
2024-06-04,hvfhv,CRZ,156116.0,11.940353801344834,0.018683195367570262,0.9634753558160352,1.8163789194255209,CRZ,False
2024-06-05,hvfhv,CRZ,169513.0,12.011416809432383,0.08418460385933975,0.3476655855428597,2.9700609493905628,CRZ,False
2024-06-06,hvfhv,CRZ,189788.0,12.033846401614328,0.09372633723721596,1.278365725472153,12.729001670894613,CRZ,False
2024-06-07,hvfhv,CRZ,182178.0,12.062287255907624,0.12191672605460764,0.41382553329756955,5.174664564745068,CRZ,False
2024-06-08,hvfhv,CRZ,188761.0,12.160586578362993,0.08858823880715226,-0.13940490261935726,-1.2273691011737253,CRZ,False
2024-06-09,hvfhv,CRZ,151511.0,11.94163305620691,0.13260542537974493,-0.09969085060091304,-1.313255319474127,CRZ,False
2024-06-10,hvfhv,CRZ,138416.0,11.795507540401827,0.07369502329662456,0.5768555340191649,4.342793262194444,CRZ,False
2024-06-11,hvfhv,CRZ,155374.0,11.93843677769187,0.024560971794615492,0.6169794577069508,1.526901324634533,CRZ,False
2024-06-12,hvfhv,CRZ,167424.0,12.012746986122234,0.09884593159422769,0.1571922037045584,1.565914921639,CRZ,False
2024-06-13,hvfhv,CRZ,181980.0,12.028614578878502,0.07655130198621954,1.0847299637977088,8.658254488576556,CRZ,False
2024-06-14,hvfhv,CRZ,188112.0,12.051249616851454,0.0839008596725508,1.1149253132941739,9.805802992066903,CRZ,False
2024-06-15,hvfhv,CRZ,183342.0,12.163453779670348,0.07170326152272129,-0.618454984865655,-4.337636382848775,CRZ,False
2024-06-16,hvfhv,CRZ,138161.0,11.94163305620691,0.06637563333642268,-1.5888075205714227,-10.008782650724191,CRZ,False
2024-06-17,hvfhv,CRZ,128477.0,11.827754422923668,0.026244310249896784,-2.4481208818844555,-6.222876341047745,CRZ,False
2024-06-18,hvfhv,CRZ,151507.0,11.950068850335969,0.02323821215526064,-0.9330211251401087,-2.144838345381861,CRZ,False
2024-06-19,hvfhv,CRZ,149658.0,12.02961497262661,0.05192558911551909,-2.1859550298649584,-10.730205491175404,CRZ,False
2024-06-20,hvfhv,CRZ,161082.0,12.041170746394759,0.06715480803270651,-0.7669132981610647,-5.0198169209935255,CRZ,False
2024-06-21,hvfhv,CRZ,178946.0,12.028639517729138,0.08269225321716205,0.8005567997875105,6.8440218911140605,CRZ,False
2024-06-22,hvfhv,CRZ,207362.0,12.130497301302817,0.04886127482770132,2.286555892215553,11.820423379056887,CRZ,False
2024-06-23,hvfhv,CRZ,168698.0,11.929521111248377,0.04960464985880698,2.143837365116986,11.220474474377262,CRZ,False
2024-06-24,hvfhv,CRZ,139182.0,11.761922627794874,0.08922459122880873,0.9147150943192011,8.503807699521793,CRZ,False
2024-06-25,hvfhv,CRZ,155073.0,11.927696894201524,0.041921407522829586,0.5714111234994156,2.4243568883960176,CRZ,False
2024-06-26,hvfhv,CRZ,167870.0,12.001845960470662,0.09884593159422769,0.29438934285381757,2.9526706976619854,CRZ,False
2024-06-27,hvfhv,CRZ,166219.0,12.02734355511083,0.0746668821482699,-0.08413475913785845,-0.6262389134723434,CRZ,False
2024-06-28,hvfhv,CRZ,162683.0,12.062822378941355,0.05067951003323363,-1.2483068194100617,-6.130397852100322,CRZ,False
2024-06-29,hvfhv,CRZ,187566.0,12.135787255117398,0.046104785862210756,0.1322814372452883,0.6117442928908812,CRZ,False
2024-06-30,hvfhv,CRZ,151847.0,11.942276009099528,0.033289612014250076,-0.34987776830495526,-1.1579727996333333,CRZ,False
2024-07-01,hvfhv,CRZ,121496.0,11.795752061492081,0.05758332839202027,-1.5302248852670617,-8.434483451699414,CRZ,False
2024-07-02,hvfhv,CRZ,123464.0,11.940019180128722,0.023652386407166364,-9.145558584418978,-19.451788929820978,CRZ,True
2024-07-03,hvfhv,CRZ,123089.0,12.02961497262661,0.05608636253589628,-5.508505253738749,-26.57840051118744,CRZ,True
2024-07-04,hvfhv,CRZ,111964.0,12.034758282499578,0.022191306687660572,-18.422782318192056,-33.556990945319974,CRZ,True
2024-07-05,hvfhv,CRZ,132121.0,12.083801724275716,0.0443733561808525,-6.587923499214554,-25.34765699235656,CRZ,True
2024-07-06,hvfhv,CRZ,144923.0,12.145061503007,0.04042928192775201,-6.458280847094756,-22.97989213606908,CRZ,True
2024-07-07,hvfhv,CRZ,133235.0,11.942276009099528,0.018910411554117663,-7.530573481010258,-13.273113765561117,CRZ,True
2024-07-08,hvfhv,CRZ,126011.0,11.779366636548868,0.05758332839202027,-0.6120200728688232,-3.462837952656561,CRZ,False
2024-07-09,hvfhv,CRZ,151298.0,11.940019180128722,0.033104809007963434,-0.393069756335631,-1.2928202674791778,CRZ,False
2024-07-10,hvfhv,CRZ,173615.0,11.999816130170892,0.04417976382484892,1.466267522196933,6.692358474604498,CRZ,False
2024-07-11,hvfhv,CRZ,168749.0,12.027205178586787,0.04188714087280578,0.2139679151585338,0.9002787702382387,CRZ,False
2024-07-12,hvfhv,CRZ,175039.0,12.0498644778225,0.07063148088442023,0.32421247735861203,2.3163816312208763,CRZ,False
2024-07-13,hvfhv,CRZ,194594.0,12.121223053413214,0.05772811025265707,0.9951401859023551,5.912973094414542,CRZ,False
2024-07-14,hvfhv,CRZ,158470.0,11.936035765274395,0.08534042381074193,0.43689511954081645,3.798861311813173,CRZ,False
2024-07-15,hvfhv,CRZ,139717.0,11.76125279881261,0.03788310640222741,2.2733465267811717,8.993866973860287,CRZ,False
2024-07-16,hvfhv,CRZ,168633.0,11.922481913373732,0.026000751690948846,4.345955951740289,11.962982979027338,CRZ,True
2024-07-17,hvfhv,CRZ,180321.0,11.982171570741965,0.08512880108597293,1.4134147630163985,12.786030713304086,CRZ,False
2024-07-18,hvfhv,CRZ,170446.0,12.01979045119804,0.034469598774305894,0.7654095126820406,2.6734480735239874,CRZ,False
2024-07-19,hvfhv,CRZ,167300.0,12.0498644778225,0.07063148088442023,-0.316014765202356,-2.207332954923036,CRZ,False
2024-07-20,hvfhv,CRZ,182860.0,12.132611814565536,0.09515570408668919,-0.16957157746862558,-1.6006219762900953,CRZ,False
2024-07-21,hvfhv,CRZ,153498.0,11.936868957765377,0.0644360466569848,0.0709829215240012,0.45843349014424994,CRZ,False
2024-07-22,hvfhv,CRZ,128071.0,11.753145002358034,0.1007434771023987,0.07141975310382923,0.7221021000530126,CRZ,False
2024-07-23,hvfhv,CRZ,149935.0,11.922215059903305,0.18319369705373154,-0.02324268871006597,-0.4248862010328258,CRZ,False
2024-07-24,hvfhv,CRZ,158801.0,11.999816130170892,0.12413594646465373,-0.19663124067997773,-2.4113514493238064,CRZ,False
2024-07-25,hvfhv,CRZ,165797.0,12.027205178586787,0.04582412439251541,-0.18954538186085548,-0.8648138995242305,CRZ,False
2024-07-26,hvfhv,CRZ,171593.0,12.013551343968711,0.0839290764149171,0.46860194791166254,4.011296629765937,CRZ,False
2024-07-27,hvfhv,CRZ,184119.0,12.083391720632164,0.08590148756063734,0.46501925843335457,4.075441169741834,CRZ,False
2024-07-28,hvfhv,CRZ,153754.0,11.90851312889121,0.07700844871788791,0.449250352075504,3.520147819916075,CRZ,False
2024-07-29,hvfhv,CRZ,128305.0,11.72588055156023,0.09451417664064254,0.3839103374242296,3.695130382881162,CRZ,False
2024-07-30,hvfhv,CRZ,149855.0,11.833972423125342,0.15484510798936083,0.5389322068126247,8.703196655706913,CRZ,False
2024-07-31,hvfhv,CRZ,160964.0,11.92176071510411,0.171326092878492,0.39209031296183344,6.948294357347029,CRZ,False
2024-08-01,hvfhv,CRZ,168274.0,11.967139939050245,0.13487684852939189,0.4908844170034681,6.844993914886821,CRZ,False
2024-08-02,hvfhv,CRZ,180095.0,11.993544599603963,0.09573966921805785,1.1248750878297697,11.370820065271324,CRZ,False
2024-08-03,hvfhv,CRZ,194548.0,12.042700918871278,0.07869405595643632,1.7248225130253663,14.537635732939403,CRZ,False
2024-08-04,hvfhv,CRZ,155023.0,11.887037290782311,0.08189692377710517,0.7850292568076125,6.640318995397365,CRZ,False
2024-08-05,hvfhv,CRZ,132618.0,11.705927350135273,0.08530610815489922,1.046827078666762,9.340944320459755,CRZ,False
2024-08-06,hvfhv,CRZ,172142.0,11.833705569654915,0.13242992657407524,1.6791478533877502,24.9032718967404,CRZ,False
2024-08-07,hvfhv,CRZ,164505.0,11.93242811928975,0.11365551495510257,0.6886434380556745,8.141257308579553,CRZ,False
2024-08-08,hvfhv,CRZ,174565.0,12.025934154819115,0.028296112269484513,1.5591643425703319,4.510597241411096,CRZ,False
2024-08-09,hvfhv,CRZ,170561.0,12.040212279819041,0.1050381003746904,0.0631771056322974,0.6658070217118173,CRZ,False
2024-08-10,hvfhv,CRZ,171152.0,12.119906839197176,0.10643296855290267,-0.6539281070288767,-6.723269058347792,CRZ,False
2024-08-11,hvfhv,CRZ,133375.0,11.942276009099528,0.06348755784353913,-2.2265153251576684,-13.181983326315994,CRZ,False
2024-08-12,hvfhv,CRZ,111422.0,11.76125279881261,0.13317010506934598,-1.0525840257254906,-13.079191179588335,CRZ,False
2024-08-13,hvfhv,CRZ,126752.0,11.917690292358614,0.18990211741549026,-0.8831001687572091,-15.43947128786558,CRZ,False
2024-08-14,hvfhv,CRZ,139166.0,11.956018506269437,0.08988049768211206,-1.252727399144618,-10.648822154846915,CRZ,False
2024-08-15,hvfhv,CRZ,149606.0,12.032173821500978,0.02050019379755339,-5.678647332824098,-10.989279711574406,CRZ,True
2024-08-16,hvfhv,CRZ,156302.0,12.0498644778225,0.05463075691851756,-1.6532658649449077,-8.636046356965743,CRZ,False
2024-08-17,hvfhv,CRZ,167043.0,12.119906839197176,0.09498044775270975,-0.9886276400423348,-8.962647432186643,CRZ,False
2024-08-18,hvfhv,CRZ,145277.0,11.931138534068918,0.04718503061244922,-0.9482030560543495,-4.375487340607343,CRZ,False
2024-08-19,hvfhv,CRZ,112940.0,11.76125279881261,0.09451417664064254,-1.3399134403645074,-11.89499247745246,CRZ,False
2024-08-20,hvfhv,CRZ,122392.0,11.906794426353958,0.12387416115379421,-1.5484273485299587,-17.453642296803608,CRZ,False
2024-08-21,hvfhv,CRZ,130559.0,11.956018506269437,0.06493435719629788,-2.7171747443527585,-16.174924706570938,CRZ,False
2024-08-22,hvfhv,CRZ,137974.0,12.02857747747208,0.018788993298487815,-10.312257490455128,-17.614187053906903,CRZ,True
2024-08-23,hvfhv,CRZ,150803.0,12.053375785647624,0.05878268460478244,-2.2055161015861513,-12.159380652332864,CRZ,False
2024-08-24,hvfhv,CRZ,168568.0,12.12926045037798,0.09498044775270975,-0.9914244921913538,-8.986827953398603,CRZ,False
2024-08-25,hvfhv,CRZ,139727.0,11.931971726559901,0.06661979448385434,-1.268780988422137,-8.10521720488352,CRZ,False
2024-08-26,hvfhv,CRZ,116743.0,11.764571941723622,0.10223574633143906,-0.9472393819034404,-9.23003392200198,CRZ,False
2024-08-27,hvfhv,CRZ,124911.0,11.854186455403989,0.12945330037435362,-0.9179348256730273,-11.204098622320135,CRZ,False
2024-08-28,hvfhv,CRZ,142645.0,11.917017567101786,0.09712463425597094,-0.5035103840828381,-4.772675365084766,CRZ,False
2024-08-29,hvfhv,CRZ,141326.0,12.02857747747208,0.03506238349240274,-4.841454092859802,-15.612670500097348,CRZ,True
2024-08-30,hvfhv,CRZ,149047.0,12.069328438977085,0.040320408158591954,-3.901534600757961,-14.556211230530813,CRZ,True
2024-08-31,hvfhv,CRZ,164443.0,12.14883487572364,0.1573542044293126,-0.8802789327700966,-12.935032325937978,CRZ,False
2024-09-01,hvfhv,CRZ,145463.0,11.936081511759586,0.11260186702612053,-0.42987274825478333,-4.725165283781307,CRZ,False
2024-09-02,hvfhv,CRZ,114358.0,11.770179288804528,0.09392229354928824,-1.310552867717195,-11.581603355156345,CRZ,False
2024-09-03,hvfhv,CRZ,126546.0,11.840388687541344,0.12945330037435362,-0.7108936571068434,-8.79199604804869,CRZ,False
2024-09-04,hvfhv,CRZ,145721.0,11.902074124699016,0.06909445537277649,-0.18272104550165405,-1.2545650000572506,CRZ,False
2024-09-05,hvfhv,CRZ,170053.0,11.972439347001167,0.08542615929489945,0.8361149059976647,7.403876035191392,CRZ,False
2024-09-06,hvfhv,CRZ,191389.0,12.037614320050855,0.06995343963699537,1.7790256730766332,13.252422065051906,CRZ,False
2024-09-07,hvfhv,CRZ,219772.0,12.09274533181297,0.09221001948238293,2.2513886631236453,23.07215119537702,CRZ,False
2024-09-08,hvfhv,CRZ,174342.0,11.90425564462587,0.07158514441376884,2.2982215522204537,17.882540321230024,CRZ,False
2024-09-09,hvfhv,CRZ,143176.0,11.714269336803419,0.08891073978958369,1.7721209526173003,17.06516796409996,CRZ,False
2024-09-10,hvfhv,CRZ,150937.0,11.781097598704946,0.08291747937170915,1.7308800578200467,15.433014130251488,CRZ,False
2024-09-11,hvfhv,CRZ,152761.0,11.893427180122096,0.055832722545139386,0.7737882990980502,4.414953024910018,CRZ,False
2024-09-12,hvfhv,CRZ,167879.0,11.972439347001167,0.09496422277085663,0.6166471128208812,6.0307980741998835,CRZ,False
2024-09-13,hvfhv,CRZ,171763.0,12.04090434384267,0.09285764411459717,0.13963906701541007,1.3050985089679168,CRZ,False
2024-09-14,hvfhv,CRZ,186313.0,12.145148231831527,0.16990255904989465,-0.05865066310492437,-0.9915412665579271,CRZ,False
2024-09-15,hvfhv,CRZ,150367.0,11.965183652810502,0.11585979634299569,-0.3827850788716883,-4.338034505948707,CRZ,False
2024-09-16,hvfhv,CRZ,128924.0,11.767094336107085,0.08144827751653635,-0.001423893409298261,-0.011596694086890569,CRZ,False
2024-09-17,hvfhv,CRZ,146703.0,11.840388687541344,0.11781151109056577,0.4734403774475445,5.7361576325061,CRZ,False
2024-09-18,hvfhv,CRZ,158914.0,11.902074124699016,0.050790601181715474,1.4578352677234543,7.685454104630685,CRZ,False
2024-09-19,hvfhv,CRZ,167068.0,12.013782842801078,0.076365751777402,0.1620274934901793,1.2450217966176513,CRZ,False
2024-09-20,hvfhv,CRZ,177160.0,12.05364961459877,0.07243045587515475,0.43019118217442337,3.16494647690424,CRZ,False
2024-09-21,hvfhv,CRZ,191470.0,12.145148231831527,0.1258337329887162,0.13778646730029814,1.7489364332716972,CRZ,False
2024-09-22,hvfhv,CRZ,162648.0,11.965183652810502,0.09033186493453697,0.37816093687771474,3.4750135580042807,CRZ,False
2024-09-23,hvfhv,CRZ,129752.0,11.771037882846723,0.012449377843927951,0.18814854446280183,0.23450777242837173,CRZ,False
2024-09-24,hvfhv,CRZ,134889.0,11.898131509745898,0.03220200289009343,-2.6682816299007674,-8.233604067543066,CRZ,False
2024-09-25,hvfhv,CRZ,146885.0,11.954056234837996,0.051992889174775084,-1.0895910780857743,-5.507619859068225,CRZ,False
2024-09-26,hvfhv,CRZ,162197.0,12.037432096471928,0.03654055206858677,-1.1183512385680816,-4.004144916303131,CRZ,False
2024-09-27,hvfhv,CRZ,177156.0,12.069339728334608,0.06808116927485972,0.22687993100001372,1.5566160913023985,CRZ,False
2024-09-28,hvfhv,CRZ,223177.0,12.158169511712401,0.05163788636136341,3.0510727098645947,17.06403957585787,CRZ,False
2024-09-29,hvfhv,CRZ,174147.0,11.988461529867354,0.08308191915069596,0.9531980009503351,8.241376970401394,CRZ,False
2024-09-30,hvfhv,CRZ,129975.0,11.77531478088114,0.016933324847790816,-0.012837268001239374,-0.021735400441813546,CRZ,False
2024-10-01,hvfhv,CRZ,142710.0,11.905248164410455,0.021650850684421026,-1.6940806091471619,-3.6013786975836903,CRZ,False
2024-10-02,hvfhv,CRZ,148263.0,11.973800518256137,0.022720014579038342,-2.95147326134329,-6.485858536161415,CRZ,False
2024-10-03,hvfhv,CRZ,154556.0,12.037432096471928,0.03654055206858677,-2.438943098352192,-8.526450068029368,CRZ,False
2024-10-04,hvfhv,CRZ,167440.0,12.102514577148764,0.07244719347662038,-1.0232862926954802,-7.145294413563952,CRZ,False
2024-10-05,hvfhv,CRZ,186548.0,12.242419280327422,0.09727918387914905,-1.0893946525453289,-10.055324624273943,CRZ,False
2024-10-06,hvfhv,CRZ,153893.0,12.011845273341407,0.0602681186254991,-1.1255111355133924,-6.558296734111424,CRZ,False
2024-10-07,hvfhv,CRZ,128131.0,11.777425892137662,0.006156057574330893,-2.6993631704008108,-1.648012713724012,CRZ,False
2024-10-08,hvfhv,CRZ,149505.0,11.898131509745898,0.04005398413978747,0.4232689128901953,1.7098134309098123,CRZ,False
2024-10-09,hvfhv,CRZ,159720.0,11.954056234837996,0.05030154719321136,0.5391747938683974,2.7492457099745016,CRZ,False
2024-10-10,hvfhv,CRZ,171526.0,12.025868803410503,0.05567137793771795,0.4781870895184787,2.697884734439393,CRZ,False
2024-10-11,hvfhv,CRZ,171687.0,12.09769975452759,0.049185030851865874,-0.9000995464547951,-4.330574751499339,CRZ,False
2024-10-12,hvfhv,CRZ,189824.0,12.234657754431982,0.10113873808590589,-0.7989534959967339,-7.762660010785294,CRZ,False
2024-10-13,hvfhv,CRZ,160549.0,12.011845273341407,0.0830670158869749,-0.30687032825463545,-2.516865499826737,CRZ,False
2024-10-14,hvfhv,CRZ,130301.0,11.77423880920972,0.010901751000111006,0.3085402033871852,0.3369291817112874,CRZ,False
2024-10-15,hvfhv,CRZ,148806.0,11.898131509745898,0.042333727160732075,0.2897739987874662,1.2342764282128549,CRZ,False
2024-10-16,hvfhv,CRZ,162279.0,11.973800518256137,0.05201321235078284,0.4474216416302524,2.3544738917346653,CRZ,False
2024-10-17,hvfhv,CRZ,175974.0,12.025868803410503,0.05567137793771795,0.9380535269440246,5.361038957698883,CRZ,False
2024-10-18,hvfhv,CRZ,183546.0,12.09769975452759,0.06832330059553662,0.32962168888942867,2.2776350373721277,CRZ,False
2024-10-19,hvfhv,CRZ,199754.0,12.269279995774102,0.05639897275306356,-1.1425404430134871,-6.240585731460902,CRZ,False
2024-10-20,hvfhv,CRZ,161227.0,12.03313788923366,0.05149858356512249,-0.8266110922091204,-4.167594902802174,CRZ,False
2024-10-21,hvfhv,CRZ,130255.0,11.776349920466243,0.015475501869338713,0.05811935122393007,0.08998307334859845,CRZ,False
2024-10-22,hvfhv,CRZ,147281.0,11.912741919609253,0.055595728845149406,-0.22743318956036396,-1.2564710463378814,CRZ,False
2024-10-23,hvfhv,CRZ,158179.0,11.980036766639477,0.08604878201539641,-0.0994108725009957,-0.8517701562952618,CRZ,False
2024-10-24,hvfhv,CRZ,174847.0,12.039035775133483,0.09245160865689503,0.35295015545179537,3.3169032781692254,CRZ,False
2024-10-25,hvfhv,CRZ,193533.0,12.115405773639216,0.06864233207786188,0.842010231268292,5.950047378886136,CRZ,False
2024-10-26,hvfhv,CRZ,219459.0,12.253998090690832,0.05571224118366143,0.8063329395861385,4.594691638868609,CRZ,False
2024-10-27,hvfhv,CRZ,174223.0,12.021164696736054,0.048485715199534464,0.9678452695365412,4.804515321126446,CRZ,False
2024-10-28,hvfhv,CRZ,134056.0,11.776173374923335,0.005288158408736429,5.642706751735778,3.0289187252285688,CRZ,True
2024-10-29,hvfhv,CRZ,151097.0,11.905248164410455,0.056262975902717074,0.36310075897050975,2.063923221436492,CRZ,False
2024-10-30,hvfhv,CRZ,159356.0,11.976330071659419,0.09154432799283128,0.028029048862316892,0.2569195182307915,CRZ,False
2024-10-31,hvfhv,CRZ,155844.0,12.062078361188362,0.07094316880414277,-1.4866487791297047,-10.009634851159044,CRZ,False
2024-11-01,hvfhv,CRZ,200674.0,12.115405773639216,0.08878919933193515,1.0590387893335136,9.859402829029618,CRZ,False
2024-11-02,hvfhv,CRZ,215345.0,12.224182224718161,0.08912929005825618,0.6262189168217449,5.740146202374863,CRZ,False
2024-11-03,hvfhv,CRZ,166766.0,12.00427553554951,0.0725851549342041,0.27652177180637755,2.027416015852368,CRZ,False
2024-11-04,hvfhv,CRZ,130834.0,11.777425892137662,0.026189143086109243,0.16261436707742255,0.42678122088049,CRZ,False
2024-11-05,hvfhv,CRZ,128315.0,11.92038120486617,0.03289147144941946,-4.807864794235592,-14.626782569994711,CRZ,True
2024-11-06,hvfhv,CRZ,146615.0,11.989124958144872,0.048262896475079115,-1.9385404221798859,-8.931623882018446,CRZ,False
2024-11-07,hvfhv,CRZ,166972.0,12.074879060307758,0.12008379215271255,-0.41052707241393316,-4.81022425899329,CRZ,False
2024-11-08,hvfhv,CRZ,181787.0,12.159399259964808,0.09264605137915474,-0.5268255713027392,-4.763632820258923,CRZ,False
2024-11-09,hvfhv,CRZ,212028.0,12.258804466060283,0.06974062736536168,0.08128912168609732,0.5685254410064733,CRZ,False
2024-11-10,hvfhv,CRZ,180285.0,12.021164696736054,0.048485715199534464,1.6732663215355155,8.451134721990062,CRZ,False
2024-11-11,hvfhv,CRZ,127863.0,11.793617462438037,0.024005622127335962,-1.4539429573873193,-3.4300727384740104,CRZ,False
2024-11-12,hvfhv,CRZ,153963.0,11.918038008405755,0.08632978026612537,0.3061467815773694,2.678194323173777,CRZ,False
2024-11-13,hvfhv,CRZ,168820.0,11.987984163607193,0.10232288709281742,0.4750078434205044,4.980472840900907,CRZ,False
2024-11-14,hvfhv,CRZ,183741.0,12.074879060307758,0.16053893530632804,0.2890474879966373,4.749686081668214,CRZ,False
2024-11-15,hvfhv,CRZ,188263.0,12.191320149676246,0.11255065391250066,-0.40626107182878957,-4.469531671371508,CRZ,False
2024-11-16,hvfhv,CRZ,214076.0,12.272235146300092,0.07124326153737086,0.025984560553732692,0.18529394180315517,CRZ,False
2024-11-17,hvfhv,CRZ,169724.0,12.046219139015388,0.07635496014575359,-0.05618851399617351,-0.42810816783239725,CRZ,False
2024-11-18,hvfhv,CRZ,133994.0,11.793848762572736,0.040350347332547276,0.2899984761466942,1.177027007259901,CRZ,False
2024-11-19,hvfhv,CRZ,155751.0,11.92778078022614,0.08168479050803726,0.3456344415294393,2.8635407685499104,CRZ,False
2024-11-20,hvfhv,CRZ,169323.0,12.007742154819756,0.07631981229683482,0.4169462244603638,3.2332967129389933,CRZ,False
2024-11-21,hvfhv,CRZ,200570.0,12.068571469982116,0.11860442179235432,1.18332116018143,15.067315350488819,CRZ,False
2024-11-22,hvfhv,CRZ,205734.0,12.159399259964808,0.08248633166182258,0.9085152626366508,7.781957815228013,CRZ,False
2024-11-23,hvfhv,CRZ,207632.0,12.277041521669545,0.06895695829556926,-0.48608525551348264,-3.296342462560198,CRZ,False
2024-11-24,hvfhv,CRZ,165708.0,12.05501011705029,0.06363615415853241,-0.5818647475882074,-3.635049525802092,CRZ,False
2024-11-25,hvfhv,CRZ,129904.0,11.805781601945863,0.07915700742767413,-0.39454001431485525,-3.0747968849723417,CRZ,False
2024-11-26,hvfhv,CRZ,138629.0,11.93717592978906,0.06816318441118592,-1.4321418749987025,-9.300591530910706,CRZ,False
2024-11-27,hvfhv,CRZ,131809.0,12.036896263076839,0.07082426631939863,-3.49861836844799,-21.947388407230374,CRZ,False
2024-11-28,hvfhv,CRZ,105395.0,12.093379395733617,0.13311033800394942,-3.965949812883491,-41.01629225313308,CRZ,True
2024-11-29,hvfhv,CRZ,119716.0,12.177516090094162,0.10843498171586172,-4.469392923850334,-38.408021308756965,CRZ,True
2024-11-30,hvfhv,CRZ,156170.0,12.269279995774102,0.07758552459032969,-4.003060634469464,-26.697799661995514,CRZ,True
2024-12-01,hvfhv,CRZ,145100.0,12.03313788923366,0.09606391911947021,-1.5402187597340278,-13.753391307886353,CRZ,False
2024-12-02,hvfhv,CRZ,142272.0,11.778117809083568,0.09661172525109382,0.9044263314127244,9.13093220372485,CRZ,False
2024-12-03,hvfhv,CRZ,164438.0,11.884720422925074,0.09714039982911314,1.2926491525955783,13.379278068054745,CRZ,False
2024-12-04,hvfhv,CRZ,175332.0,11.96607685998708,0.15304494585347245,0.7080255925390099,11.44485833153377,CRZ,False
2024-12-05,hvfhv,CRZ,196903.0,12.045528883927236,0.21773204209504918,0.6656696706180111,15.596745500543975,CRZ,False
2024-12-06,hvfhv,CRZ,217267.0,12.1043776969228,0.24087275699292507,0.7659836517414036,20.26225061277447,CRZ,False
2024-12-07,hvfhv,CRZ,230541.0,12.194787232409219,0.18464749850701845,0.8307546466577489,16.578743361705573,CRZ,False
2024-12-08,hvfhv,CRZ,178719.0,11.989432028152791,0.16094792191904977,0.6470291107100199,10.97535801235303,CRZ,False
2024-12-09,hvfhv,CRZ,158665.0,11.766632826155263,0.14104946933466148,1.474075124947964,23.111161605194997,CRZ,False
2024-12-10,hvfhv,CRZ,176416.0,11.884720422925074,0.09714039982911314,2.016459668777596,21.63805640821439,CRZ,False
2024-12-11,hvfhv,CRZ,200663.0,11.970754295934057,0.1278678889050081,1.8662063567333504,26.95060237080089,CRZ,False
2024-12-12,hvfhv,CRZ,194047.0,12.037788347478354,0.24003916521131677,0.5751866748271632,14.805284522765438,CRZ,False
2024-12-13,hvfhv,CRZ,219553.0,12.073519635358965,0.27886399195574646,0.8098188054582143,25.336170425468275,CRZ,False
2024-12-14,hvfhv,CRZ,240461.0,12.18610817526963,0.18464749850701845,1.1059181391438841,22.654959235923666,CRZ,False
2024-12-15,hvfhv,CRZ,184731.0,11.974122286972069,0.1161990925701643,1.3126927370776447,16.478172025164973,CRZ,False
2024-12-16,hvfhv,CRZ,160187.0,11.790050648456695,0.14104946933466148,1.3757337352491361,21.415275589748894,CRZ,False
2024-12-17,hvfhv,CRZ,151734.0,11.897785218117688,0.12992790002292165,0.24705277824282343,3.261977985774722,CRZ,False
2024-12-18,hvfhv,CRZ,168924.0,11.959988831148944,0.17889643867355384,0.4316204282183775,8.027469656579612,CRZ,False
2024-12-19,hvfhv,CRZ,173768.0,12.02862086502305,0.25363087469955026,0.14531152882762133,3.7543074820841627,CRZ,False
2024-12-20,hvfhv,CRZ,179542.0,12.048145830352247,0.36467480356320015,0.13715949658869847,5.129066331544463,CRZ,False
2024-12-21,hvfhv,CRZ,188349.0,12.200357732452526,0.2395760706208888,-0.22667467777712252,-5.285760104075809,CRZ,False
2024-12-22,hvfhv,CRZ,156511.0,11.983505859788865,0.15448067830620293,-0.14645382195818665,-2.2370275807656492,CRZ,False
2024-12-23,hvfhv,CRZ,117621.0,11.80842967038728,0.16827462208526758,-0.791603622716955,-12.471593575079243,CRZ,False
2024-12-24,hvfhv,CRZ,102262.0,11.929857904171794,0.12656385353516153,-3.11751315022976,-32.60264941966955,CRZ,False
2024-12-25,hvfhv,CRZ,77797.0,12.026130798291726,0.12566246590333383,-6.08194852604551,-53.43274849362002,CRZ,True
2024-12-26,hvfhv,CRZ,92973.0,12.056308872728223,0.12287443129686917,-5.0152375788935695,-46.00314950682674,CRZ,True
2024-12-27,hvfhv,CRZ,110039.0,12.073519635358965,0.20956519997109976,-2.218543479692096,-37.182061472864866,CRZ,False
2024-12-28,hvfhv,CRZ,134231.0,12.200357732452526,0.1696966416532571,-2.3161345638310924,-32.49984265661195,CRZ,False
2024-12-29,hvfhv,CRZ,113460.0,11.983505859788865,0.0896615001568601,-3.8400007618204386,-29.12838809613172,CRZ,True
2024-12-30,hvfhv,CRZ,104075.0,11.793831062417027,0.14104946933466148,-1.7083650969443012,-21.41300752232548,CRZ,False
2024-12-31,hvfhv,CRZ,137005.0,11.929857904171794,0.09424755302171167,-1.0831602561991647,-9.704738649173928,CRZ,False
2025-01-01,hvfhv,CRZ,137738.0,12.026130798291726,0.07953230362353499,-2.426965907117132,-17.553632042549705,CRZ,False
2025-01-02,hvfhv,CRZ,105010.0,12.06663173395468,0.05935820351608817,-8.504652118014592,-39.638630969346345,CRZ,True
2025-01-03,hvfhv,CRZ,130510.0,12.111315538013326,0.09365540857831488,-3.5460889220726735,-28.259188828923843,CRZ,True
2025-01-04,hvfhv,CRZ,166875.0,12.226188948814821,0.10036994042713412,-2.0044710579880016,-18.2241845449996,CRZ,False
2025-01-05,hvfhv,CRZ,131964.0,11.990139776502328,0.05330139243312444,-3.749533178784135,-18.115080027574326,CRZ,True
2025-01-06,hvfhv,CRZ,114063.0,11.756014796019528,0.12386046316537888,-0.9002758980455072,-10.55162919840803,CRZ,False
2025-01-07,hvfhv,CRZ,133425.0,11.92640246540187,0.06223764836423825,-2.010160529645128,-11.759810562359752,CRZ,False
2025-01-08,hvfhv,CRZ,147993.0,12.023828615461515,0.07443277283678579,-1.5975269575385969,-11.211083780752029,CRZ,False
2025-01-09,hvfhv,CRZ,164407.0,12.06663173395468,0.0887795220306887,-0.6367616415186169,-5.496318462787519,CRZ,False
2025-01-10,hvfhv,CRZ,170907.0,12.111315538013326,0.10750202304862046,-0.5808328843701328,-6.05312378503482,CRZ,False
2025-01-11,hvfhv,CRZ,204059.0,12.200382234569513,0.10978425803439103,0.2348443446258318,2.6117448201363525,CRZ,False
2025-01-12,hvfhv,CRZ,160711.0,11.986282636379286,0.07004870375553521,0.015423033899285704,0.10809473355248844,CRZ,False
2025-01-13,hvfhv,CRZ,139011.0,11.744254812223893,0.125117020383289,0.7836946016461999,10.302183209037707,CRZ,False
2025-01-14,hvfhv,CRZ,158985.0,11.90779054447638,0.0719485444202673,0.9558858098831833,7.1194726772024985,CRZ,False
2025-01-15,hvfhv,CRZ,165224.0,11.999874406833854,0.07809608365643028,0.19441437294637126,1.5298848456116731,CRZ,False
2025-01-16,hvfhv,CRZ,170611.0,12.056308872728223,0.05935820351608817,-0.1544433947166063,-0.9125589204308393,CRZ,False
2025-01-17,hvfhv,CRZ,170658.0,12.103403080678966,0.06818605917330808,-0.8210805631477015,-5.444786083819886,CRZ,False
2025-01-18,hvfhv,CRZ,193794.0,12.226188948814821,0.07152322349429804,-0.7219743194561076,-5.032734799782146,CRZ,False
2025-01-19,hvfhv,CRZ,159476.0,11.990139776502328,0.06433010780911305,-0.16308159886249893,-1.0436217640981127,CRZ,False
2025-01-20,hvfhv,CRZ,126166.0,11.754915829081703,0.12386046316537888,-0.07720017894021636,-0.9516478887146906,CRZ,False
2025-01-21,hvfhv,CRZ,151726.0,11.90779054447638,0.10655307360320355,0.2068546343362845,2.228569433727934,CRZ,False
2025-01-22,hvfhv,CRZ,174130.0,11.991103199339825,0.0651862049923102,1.1728589866923775,7.9452778694914405,CRZ,False
2025-01-23,hvfhv,CRZ,178113.0,12.04714139027292,0.054225420197701386,0.7935774196831311,4.39713734753322,CRZ,False
2025-01-24,hvfhv,CRZ,187373.0,12.078758273210372,0.09358193534875801,0.6635713198665345,6.406692497614763,CRZ,False
2025-01-25,hvfhv,CRZ,215658.0,12.226188948814821,0.05921195784171185,0.9332599653091382,5.681550917719669,CRZ,False
2025-01-26,hvfhv,CRZ,161606.0,11.983505859788865,0.07596490445891474,0.12388211860352134,0.9455113109159807,CRZ,False
2025-01-27,hvfhv,CRZ,125889.0,11.756014796019528,0.10219334927810286,-0.12582962418099977,-1.2776627667026252,CRZ,False
2025-01-28,hvfhv,CRZ,146182.0,11.92640246540187,0.07895903963907402,-0.42800375806681085,-3.3230101377317744,CRZ,False
2025-01-29,hvfhv,CRZ,157495.0,12.015653213206672,0.05470242532808978,-0.8866923578542389,-4.734668327605696,CRZ,False
2025-01-30,hvfhv,CRZ,174170.0,12.04714139027292,0.05530041980805174,0.3733375356746519,2.0860319674581795,CRZ,False
2025-01-31,hvfhv,CRZ,184327.0,12.078758273210372,0.09729941188185351,0.4697701569278177,4.676908668846824,CRZ,False
2025-02-01,hvfhv,CRZ,204069.0,12.231395272635732,0.0638043277974157,-0.08121426684998143,-0.5168419225581422,CRZ,False
2025-02-02,hvfhv,CRZ,168179.0,11.98982099861781,0.04049484129997629,1.0609541206227515,4.389944601187312,CRZ,False
2025-02-03,hvfhv,CRZ,128885.0,11.771800516652679,0.06299228931965872,-0.08135446148551476,-0.5111594883570381,CRZ,False
2025-02-04,hvfhv,CRZ,150689.0,11.91121962062849,0.0855730868365808,0.13735356589059972,1.1823115589414845,CRZ,False
2025-02-05,hvfhv,CRZ,168148.0,12.015653213206672,0.05218201276166357,0.32475960301252993,1.7091018130718894,CRZ,False
2025-02-06,hvfhv,CRZ,191540.0,12.04714139027292,0.054225420197701386,2.1338802425286816,12.267087116305486,CRZ,False
2025-02-07,hvfhv,CRZ,197291.0,12.08428039432452,0.057117017025379246,1.8935631877311778,11.422008054704524,CRZ,False
2025-02-08,hvfhv,CRZ,212652.0,12.226188948814821,0.06693228129518665,0.6158964874769486,4.208483644265204,CRZ,False
2025-02-09,hvfhv,CRZ,168430.0,11.98982099861781,0.039389307374942166,1.1285934314981418,4.545742150791532,CRZ,False
2025-02-10,hvfhv,CRZ,139576.0,11.756014796019528,0.05607526960658363,1.611222547374118,9.455702576672564,CRZ,False
2025-02-11,hvfhv,CRZ,159972.0,11.90779054447638,0.06419227154404163,1.1677968799385074,7.784484593624974,CRZ,False
2025-02-12,hvfhv,CRZ,168981.0,12.015653213206672,0.04851870194201907,0.4511321916425421,2.2129655629248735,CRZ,False
2025-02-13,hvfhv,CRZ,170611.0,12.057464251499376,0.05842544165440837,-0.1766843507579541,-1.0269763358875306,CRZ,False
2025-02-14,hvfhv,CRZ,181433.0,12.09219285165888,0.06926687092333031,0.23747091000690623,1.6584894291016283,CRZ,False
2025-02-15,hvfhv,CRZ,212106.0,12.204350060661227,0.052127263011570425,1.1604554802953544,6.2358427289532115,CRZ,False
2025-02-16,hvfhv,CRZ,174080.0,11.985963858494767,0.07052132384712383,1.152933321717039,8.470318152837898,CRZ,False
2025-02-17,hvfhv,CRZ,134266.0,11.744254812223893,0.0326713601958758,1.9381921444124968,6.5371296569670445,CRZ,False
2025-02-18,hvfhv,CRZ,154465.0,11.87686816208507,0.059056125807819326,1.1997849399261618,7.342519255784397,CRZ,False
2025-02-19,hvfhv,CRZ,165421.0,11.998662696420023,0.0702100549661434,0.25048153052031424,1.7741871899182637,CRZ,False
2025-02-20,hvfhv,CRZ,176884.0,12.057464251499376,0.05842544165440837,0.4413347549941706,2.612049151595608,CRZ,False
2025-02-21,hvfhv,CRZ,190859.0,12.08428039432452,0.07171591482257614,1.0459299079716113,7.789473596427898,CRZ,False
2025-02-22,hvfhv,CRZ,206205.0,12.204350060661227,0.08974116019532216,0.3596570162693955,3.2802558622754274,CRZ,False
2025-02-23,hvfhv,CRZ,152025.0,11.992597775208232,0.08607849554820945,-0.7063031809828791,-5.898623854897222,CRZ,False
2025-02-24,hvfhv,CRZ,123328.0,11.782461533510489,0.06482287919832151,-0.9234205958873843,-5.810246267258778,CRZ,False
2025-02-25,hvfhv,CRZ,139150.0,11.87686816208507,0.06971786442197711,-0.4813743996503433,-3.3003492413011593,CRZ,False
2025-02-26,hvfhv,CRZ,150860.0,11.991699004579012,0.06430286414469287,-1.0511424657430073,-6.535777611320537,CRZ,False
2025-02-27,hvfhv,CRZ,164322.0,12.057464251499376,0.05329265833602158,-0.898454994236364,-4.675283571784505,CRZ,False
2025-02-28,hvfhv,CRZ,164325.0,12.08428039432452,0.07171591482257614,-1.0413161622144307,-7.195860563384448,CRZ,False
2025-03-01,hvfhv,CRZ,187922.0,12.204350060661227,0.07304328723113565,-0.8292041726801589,-5.877004717875412,CRZ,False
2025-03-02,hvfhv,CRZ,161503.0,11.924978736253458,0.14276919229071322,0.47139204187143374,6.9616594186201475,CRZ,False
2025-03-03,hvfhv,CRZ,133019.0,11.750984263958962,0.06299228931965872,0.7502980236967765,4.839769112963355,CRZ,False
2025-03-04,hvfhv,CRZ,141652.0,11.84647745307322,0.03839925867421088,0.381548287643374,1.4759025893382516,CRZ,False
2025-03-05,hvfhv,CRZ,167741.0,11.97030820650691,0.07737530517093258,0.7737377641188579,6.169660106162911,CRZ,False
2025-03-06,hvfhv,CRZ,160924.0,12.043508882465318,0.04898210187082147,-1.1192128868472628,-5.334579436068343,CRZ,False
2025-03-07,hvfhv,CRZ,172805.0,12.056283572621954,0.06571398285403654,0.055323042963090575,0.3642113933317148,CRZ,False
2025-03-08,hvfhv,CRZ,192203.0,12.209556384482138,0.083871397721348,-0.5156585143414134,-4.232710050596533,CRZ,False
2025-03-09,hvfhv,CRZ,143180.0,11.94459037517895,0.10183516766400497,-0.7142180633388776,-7.015048358015408,CRZ,False
2025-03-10,hvfhv,CRZ,119684.0,11.802912720023224,0.08233753995780871,-1.3396380918116537,-10.443681794671,CRZ,False
2025-03-11,hvfhv,CRZ,137163.0,11.854727161548624,0.03996853784568684,-0.6455548372725683,-2.547185886994119,CRZ,False
2025-03-12,hvfhv,CRZ,153711.0,12.001859086232308,0.04744304522596903,-1.2442201168947173,-5.73211263272051,CRZ,False
2025-03-13,hvfhv,CRZ,164614.0,12.043508882465318,0.04819420085976597,-0.6670981903548403,-3.163893883379343,CRZ,False
2025-03-14,hvfhv,CRZ,170995.0,12.061548310035676,0.06992162123788004,-0.17389062966784488,-1.2085096243188431,CRZ,False
2025-03-15,hvfhv,CRZ,195338.0,12.201466741355521,0.08375819015733674,-0.2266055525940108,-1.880108360437538,CRZ,False
2025-03-16,hvfhv,CRZ,138717.0,11.924978736253458,0.06583362859747544,-1.287906691106658,-8.12925760157569,CRZ,False
2025-03-17,hvfhv,CRZ,124740.0,11.766769984592111,0.08005888741878782,-0.40948776043451274,-3.225159193545857,CRZ,False
2025-03-18,hvfhv,CRZ,139850.0,11.846806268776726,0.02387234028862081,0.06364813147808009,0.15205847717842946,CRZ,False
2025-03-19,hvfhv,CRZ,149064.0,11.975955681543956,0.05442589276346828,-1.1726892366118158,-6.183051497374414,CRZ,False
2025-03-20,hvfhv,CRZ,175360.0,12.010470907373708,0.04906465174035136,1.306956700873536,6.6226068867700105,CRZ,False
2025-03-21,hvfhv,CRZ,167330.0,12.054654332704944,0.0632984717530773,-0.4254627713822491,-2.657173364368748,CRZ,False
2025-03-22,hvfhv,CRZ,179530.0,12.174397027264027,0.09571697510035518,-0.7971357569454743,-7.346126235715955,CRZ,False
2025-03-23,hvfhv,CRZ,149965.0,11.880574562101646,0.09242268895963425,0.40663879010672993,3.8297809282431095,CRZ,False
2025-03-24,hvfhv,CRZ,137393.0,11.728294800927076,0.04986485869048632,2.0516634978929704,10.77222836722993,CRZ,False
2025-03-25,hvfhv,CRZ,134892.0,11.84647745307322,0.013210601674463028,-2.5924417878426813,-3.366790076518389,CRZ,False
2025-03-26,hvfhv,CRZ,143428.0,11.948476969992457,0.052177749152281794,-1.4352578465406132,-7.215308666775555,CRZ,False
2025-03-27,hvfhv,CRZ,154719.0,12.010470907373708,0.04906465174035136,-1.2453988325314396,-5.9275597917758605,CRZ,False
2025-03-28,hvfhv,CRZ,165102.0,12.054654332704944,0.028864704007091697,-1.3974017883504195,-3.953293711850847,CRZ,False
2025-03-29,hvfhv,CRZ,181227.0,12.174397027264027,0.09179421945273078,-0.7287099291183963,-6.470319274327863,CRZ,False
2025-03-30,hvfhv,CRZ,129096.0,11.903120400267554,0.0633979266712114,-2.126391425156514,-12.611702454025298,CRZ,False
2025-03-31,hvfhv,CRZ,124903.0,11.725509912583076,0.05427274066927475,0.18025259710251304,0.9830810492802433,CRZ,False
2025-04-01,hvfhv,CRZ,139334.0,11.841272247798557,0.02387234028862081,0.1406213080573322,0.3362600617373701,CRZ,False
2025-04-02,hvfhv,CRZ,162395.0,11.93580297379311,0.033387282387130665,1.8565136133748523,6.39452621680312,CRZ,False
2025-04-03,hvfhv,CRZ,169376.0,11.990015537821805,0.034252012428985304,1.4557053235714592,5.112480834312461,CRZ,False
2025-04-04,hvfhv,CRZ,173369.0,12.054654332704944,0.02966959239163186,0.2872711271269699,0.855964327931491,CRZ,False
2025-04-05,hvfhv,CRZ,210401.0,12.174397027264027,0.08482002142548467,0.971156149665061,8.586128746611399,CRZ,False
2025-04-06,hvfhv,CRZ,155964.0,11.880574562101646,0.05482478637267722,1.400934382960408,7.983249109408885,CRZ,False
2025-04-07,hvfhv,CRZ,143455.0,11.725509912583076,0.045735983231672855,3.2417967887179757,15.98222534226148,CRZ,False
2025-04-08,hvfhv,CRZ,151711.0,11.839424002241671,0.014869033527646826,6.073607395808723,9.451207680290018,CRZ,True
2025-04-09,hvfhv,CRZ,163723.0,11.93580297379311,0.033387282387130665,2.1004489014693575,7.26457720861875,CRZ,False
2025-04-10,hvfhv,CRZ,170630.0,12.001351105551576,0.04751892064015104,0.9659656059390889,4.6971428891997125,CRZ,False
2025-04-11,hvfhv,CRZ,189751.0,12.056283572621954,0.02966959239163186,3.2755553710158756,10.206356737918831,CRZ,False
2025-04-12,hvfhv,CRZ,210324.0,12.144996169251897,0.07266001496988458,1.5332822138208317,11.785124197133046,CRZ,False
2025-04-13,hvfhv,CRZ,145698.0,11.881489614672272,0.05779623066753789,0.1349854565035992,0.7832162753560246,CRZ,False
2025-04-14,hvfhv,CRZ,118800.0,11.753179075040803,0.06865369152102256,-0.9902219039351114,-6.572307313827508,CRZ,False
2025-04-15,hvfhv,CRZ,139942.0,11.84647745307322,0.04777022604403891,0.05245687892683988,0.25090192977981207,CRZ,False
2025-04-16,hvfhv,CRZ,155457.0,11.948727240538457,0.06349671507555582,0.08499974344537999,0.5411795637862538,CRZ,False
2025-04-17,hvfhv,CRZ,158490.0,12.031252190705,0.04144545712361923,-1.3947345714178903,-5.616641162601111,CRZ,False
2025-04-18,hvfhv,CRZ,162520.0,12.064919345848462,0.044437299255852984,-1.4934074945623008,-6.420888556295923,CRZ,False
2025-04-19,hvfhv,CRZ,173662.0,12.147388842089804,0.07795192935551526,-1.0586355266236183,-7.920944755302884,CRZ,False
2025-04-20,hvfhv,CRZ,134205.0,11.89681850154546,0.04412493438609345,-2.032745025994285,-8.578978632791046,CRZ,False
2025-04-21,hvfhv,CRZ,120176.0,11.769037411516049,0.08418776287760128,-0.859089196792254,-6.977128930425658,CRZ,False
2025-04-22,hvfhv,CRZ,135440.0,11.871202376145984,0.07080443722522274,-0.77563443042808,-5.3437577219037635,CRZ,False
2025-04-23,hvfhv,CRZ,149408.0,11.983232473252256,0.06194602940820462,-1.1105857169350921,-6.648325237550134,CRZ,False
2025-04-24,hvfhv,CRZ,157181.0,12.030028308437958,0.020068848922495507,-3.232622964873884,-6.281541639797394,CRZ,False
2025-04-25,hvfhv,CRZ,173974.0,12.052673978356328,0.06855013327204257,0.20404283289141187,1.4085441433505874,CRZ,False
2025-04-26,hvfhv,CRZ,203196.0,12.101624961473869,0.0907394608758192,1.3257886570883404,12.78366716769388,CRZ,False
2025-04-27,hvfhv,CRZ,149784.0,11.85720540003111,0.07207065168946511,0.8289662137134838,6.156489475831073,CRZ,False
2025-04-28,hvfhv,CRZ,122643.0,11.75115105151583,0.08924718500858987,-0.38228742370424484,-3.354261793717195,CRZ,False
2025-04-29,hvfhv,CRZ,137891.0,11.871202376145984,0.08409948975782354,-0.4397598521165299,-3.6308040167677857,CRZ,False
2025-04-30,hvfhv,CRZ,151566.0,11.983232473252256,0.05477645956111946,-0.9941500611350031,-5.299984357962872,CRZ,False
2025-05-01,hvfhv,CRZ,161352.0,12.030028308437958,0.020068848922495507,-1.9276001214804805,-3.7946018072450904,CRZ,False
2025-05-02,hvfhv,CRZ,174163.0,12.052673978356328,0.07042031025581595,0.21404255233640218,1.518711265122108,CRZ,False
2025-05-03,hvfhv,CRZ,196275.0,12.113255644124798,0.11642868856351653,0.6357228004099635,7.682443505873127,CRZ,False
2025-05-04,hvfhv,CRZ,147908.0,11.86161469938042,0.060910771162435276,0.701535010013786,4.365715346003207,CRZ,False
2025-05-05,hvfhv,CRZ,150400.0,11.711181166095868,0.06064775605219412,3.460515904683929,23.352080613154726,CRZ,False
2025-05-06,hvfhv,CRZ,160186.0,11.8645347849789,0.05824153635903278,2.0527640843837407,12.699650517786987,CRZ,False
2025-05-07,hvfhv,CRZ,157736.0,11.954561673798725,0.04885967396137802,0.28891626781087865,1.421646087199191,CRZ,False
2025-05-08,hvfhv,CRZ,166514.0,11.997610245848241,0.04701791332625737,0.5364853801268933,2.554525074825942,CRZ,False
2025-05-09,hvfhv,CRZ,185317.0,12.026983158138457,0.05963146687847372,1.724592709679623,10.831405693140294,CRZ,False
2025-05-10,hvfhv,CRZ,178774.0,12.113255644124798,0.0907394608758192,-0.21355567533770725,-1.919138171855983,CRZ,False
2025-05-11,hvfhv,CRZ,141299.0,11.86018660790479,0.06637013593095438,-0.023400831959505188,-0.1551910936931411,CRZ,False
2025-05-12,hvfhv,CRZ,129452.0,11.711181166095868,0.06064775605219412,0.9874111235643634,6.171366619242802,CRZ,False
2025-05-13,hvfhv,CRZ,161089.0,11.8645347849789,0.05824153635903278,2.1492822667349287,13.334960622400093,CRZ,False
2025-05-14,hvfhv,CRZ,188031.0,11.946495310759612,0.01943870213839971,10.179013478742831,21.880005234334266,CRZ,True
2025-05-15,hvfhv,CRZ,169341.0,11.991039816684442,0.031128629210497936,1.5622241328027813,4.98317316688992,CRZ,False
2025-05-16,hvfhv,CRZ,169765.0,12.005176129809305,0.09196256707927356,0.4022753836218324,3.7687082086796275,CRZ,False
2025-05-17,hvfhv,CRZ,179108.0,12.085654923731596,0.05034357042311528,0.20040952634460532,1.014040000991523,CRZ,False
2025-05-18,hvfhv,CRZ,140896.0,11.836723571281638,0.051011177828693036,0.3735208259222761,1.9236418132323019,CRZ,False
2025-05-19,hvfhv,CRZ,128928.0,11.716049481941095,0.05511774629271885,0.9245644003537693,5.228070234752069,CRZ,False
2025-05-20,hvfhv,CRZ,146301.0,11.869381096835706,0.09501285522620655,0.253021818593984,2.433162365984387,CRZ,False
2025-05-21,hvfhv,CRZ,172049.0,11.938657123171545,0.030069207196226893,3.8869490309667607,12.398170626411043,CRZ,True
2025-05-22,hvfhv,CRZ,168927.0,11.991039816684442,0.03727659504800813,1.2389042287833507,4.726513328510085,CRZ,False
2025-05-23,hvfhv,CRZ,150882.0,12.026983158138457,0.06605595897651963,-1.555193602263864,-9.762924319990029,CRZ,False
2025-05-24,hvfhv,CRZ,149665.0,12.094810986056135,0.05034357042311528,-3.5487400360719854,-16.36066347097096,CRZ,True
2025-05-25,hvfhv,CRZ,129667.0,11.86161469938042,0.0531185809388915,-1.6734218645528858,-8.505360009126072,CRZ,False
2025-05-26,hvfhv,CRZ,102250.0,11.769037411516049,0.07855990438782649,-2.9768536435138335,-20.852844437624984,CRZ,False
2025-05-27,hvfhv,CRZ,120659.0,11.918938012412497,0.09297011376600593,-2.347145113235104,-19.604690270516823,CRZ,False
2025-05-28,hvfhv,CRZ,153039.0,11.961838465507025,0.06128737816954522,-0.38165110585977186,-2.31189607908715,CRZ,False
2025-05-29,hvfhv,CRZ,157415.0,11.997610245848241,0.03865334139055456,-0.8012072360891614,-3.049469926530357,CRZ,False
2025-05-30,hvfhv,CRZ,164686.0,11.983106595420402,0.08741191169520476,0.3282082903824437,2.9104816442792503,CRZ,False
2025-05-31,hvfhv,CRZ,185492.0,12.070143308750808,0.03657229837287968,1.6576405465716104,6.249904677617835,CRZ,False
2025-06-01,hvfhv,CRZ,142144.0,11.835295479806009,0.045310662070183624,0.6466563521562689,2.973390833991152,CRZ,False
2025-06-02,hvfhv,CRZ,121216.0,11.771003632253638,0.07048714540030628,-0.9317198870087559,-6.356416495552352,CRZ,False
2025-06-03,hvfhv,CRZ,144363.0,11.918938012412497,0.09845151843825799,-0.39462847407663426,-3.810672237649959,CRZ,False
2025-06-04,hvfhv,CRZ,155593.0,11.953772102467912,0.09384855617906672,0.013072125453845887,0.12275529271024155,CRZ,False
2025-06-05,hvfhv,CRZ,163387.0,11.980714033161053,0.0632536305963943,0.3661902961150763,2.3433208159277186,CRZ,False
2025-06-06,hvfhv,CRZ,151375.0,11.983106595420402,0.08741191169520476,-0.6359672667822168,-5.407416787688202,CRZ,False
2025-06-07,hvfhv,CRZ,175858.0,12.060175857826088,0.06729411020562331,0.25643064908194707,1.7406021960494567,CRZ,False
2025-06-08,hvfhv,CRZ,135241.0,11.833914554930875,0.04973060086370053,-0.3840875344878293,-1.8919637561447988,CRZ,False
2025-06-09,hvfhv,CRZ,134612.0,11.741037688393611,0.04873015457345781,1.4183036658981458,7.155852793543205,CRZ,False
2025-06-10,hvfhv,CRZ,153961.0,11.869381096835706,0.031238220474350924,2.4032580791879705,7.796338446280782,CRZ,False
2025-06-11,hvfhv,CRZ,153103.0,11.94672348621066,0.10528369508629318,-0.07462988181123353,-0.7826521752553828,CRZ,False
2025-06-12,hvfhv,CRZ,161254.0,11.968666467398656,0.04920023564176043,0.44856641163144234,2.2314907668013806,CRZ,False
2025-06-13,hvfhv,CRZ,159315.0,11.947960432371357,0.06839854326368808,0.4485215559945858,3.115364696175904,CRZ,False
2025-06-14,hvfhv,CRZ,173313.0,12.043973912583876,0.06729411020562331,0.28056801218620175,1.9059939843812712,CRZ,False
2025-06-15,hvfhv,CRZ,132921.0,11.813432726181404,0.061566747034957,-0.2586214342270447,-1.5796387850062321,CRZ,False
2025-06-16,hvfhv,CRZ,122402.0,11.768975608728663,0.0965020500624177,-0.5586370434373619,-5.2482260650783985,CRZ,False
2025-06-17,hvfhv,CRZ,141305.0,11.886753831087763,0.04965313591961085,-0.5654804438230466,-2.7687357266683588,CRZ,False
2025-06-18,hvfhv,CRZ,149078.0,11.946932539528834,0.08704543445211471,-0.39872971925367734,-3.4112201021560318,CRZ,False
2025-06-19,hvfhv,CRZ,152895.0,11.980714033161053,0.04873008749940626,-0.8866666387774504,-4.228720545996445,CRZ,False
2025-06-20,hvfhv,CRZ,146577.0,11.970449483534622,0.04334490802374286,-1.7336134814830726,-7.238946546789949,CRZ,False
2025-06-21,hvfhv,CRZ,163565.0,12.050145916393376,0.034827410675192315,-1.2972590176723722,-4.41747471651669,CRZ,False
2025-06-22,hvfhv,CRZ,145880.0,11.811135251580062,0.038573807011616605,2.0585054858246785,8.264204679396126,CRZ,False
2025-06-23,hvfhv,CRZ,138069.0,11.717401175229845,0.1084457586824564,1.0890943581941424,12.53652661162592,CRZ,False
2025-06-24,hvfhv,CRZ,164460.0,11.856960406531336,0.045811608198858385,3.349855157396001,16.58637772580922,CRZ,False
2025-06-25,hvfhv,CRZ,169198.0,11.925336503870401,0.04314347892489517,2.6304879604306084,12.017889685116433,CRZ,False
2025-06-26,hvfhv,CRZ,158054.0,11.967063180874607,0.04335030482711188,0.08370978958672429,0.3635437124883234,CRZ,False
2025-06-27,hvfhv,CRZ,160745.0,11.970449483534622,0.06247708176680861,0.2741013728257843,1.72725282504258,CRZ,False
2025-06-28,hvfhv,CRZ,172387.0,12.03662260064118,0.050610057098352305,0.41246007002763535,2.1094026700443136,CRZ,False
2025-06-29,hvfhv,CRZ,134868.0,11.83970477915532,0.050809102854614444,-0.544252433037004,-2.7274134339745126,CRZ,False
2025-06-30,hvfhv,CRZ,129436.0,11.756999405762855,0.07770491047244041,0.1794278330497888,1.4040072585687735,CRZ,False
2025-07-01,hvfhv,CRZ,140264.0,11.887859912938229,0.06613118267731039,-0.5531168702478887,-3.5917370492571266,CRZ,False
2025-07-02,hvfhv,CRZ,127740.0,11.946932539528834,0.07309812625789468,-2.588032308048704,-17.23627400320251,CRZ,False
2025-07-03,hvfhv,CRZ,120828.0,11.980714033161053,0.046343961962089716,-6.01137010438017,-24.315038726784167,CRZ,True
2025-07-04,hvfhv,CRZ,99227.0,11.970449483534622,0.044521778629157974,-10.450706692367753,-37.204329117107804,CRZ,True
2025-07-05,hvfhv,CRZ,112256.0,12.03662260064118,0.042912925544172906,-9.509613692716279,-33.507787094569274,CRZ,True
2025-07-06,hvfhv,CRZ,113125.0,11.813432726181404,0.034466159108184465,-5.140812024427219,-16.237439061952795,CRZ,True
2025-07-07,hvfhv,CRZ,111254.0,11.78260213966421,0.08582213758368651,-1.899637900150606,-15.043513595247916,CRZ,False
2025-07-08,hvfhv,CRZ,140821.0,11.877154769853256,0.0994264792479098,-0.2203629325613502,-2.167163184568266,CRZ,False
2025-07-09,hvfhv,CRZ,146796.0,11.925545557188574,0.08232076446748761,-0.3491999927309968,-2.833716313829515,CRZ,False
2025-07-10,hvfhv,CRZ,152992.0,11.969088739246157,0.06120293288968021,-0.5056592283920682,-3.0473845950738876,CRZ,False
2025-07-11,hvfhv,CRZ,157693.0,11.938649480308154,0.06320455100386697,0.47078735797592325,3.020303438626648,CRZ,False
2025-07-12,hvfhv,CRZ,167787.0,12.00248658479176,0.08553011620069653,0.3269493049010273,2.8358675224536167,CRZ,False
2025-07-13,hvfhv,CRZ,134621.0,11.8047810235344,0.10258706293818991,0.05300549761069139,0.5452489325871168,CRZ,False
2025-07-14,hvfhv,CRZ,139855.0,11.717401175229845,0.09666694987038982,1.3547575001466823,13.99224973939801,CRZ,False
2025-07-15,hvfhv,CRZ,146625.0,11.85326324973095,0.0647601830188466,0.6542652328900167,4.328077187966994,CRZ,False
2025-07-16,hvfhv,CRZ,165086.0,11.904512042361173,0.03808890808133019,2.8803605140015636,11.595415889767002,CRZ,False
2025-07-17,hvfhv,CRZ,169114.0,11.937823800848227,0.04892694043819925,2.05417549021221,10.572864164202777,CRZ,False
2025-07-18,hvfhv,CRZ,158339.0,11.901880827686991,0.054188449752095906,1.303096062315416,7.316556792371842,CRZ,False
2025-07-19,hvfhv,CRZ,169871.0,11.968344840650637,0.07769996731276305,0.958169821363822,7.729122314556958,CRZ,False
2025-07-20,hvfhv,CRZ,143590.0,11.796539848393948,0.11467356658395882,0.6817390373677406,8.131451755028696,CRZ,False
2025-07-21,hvfhv,CRZ,122975.0,11.718933267112924,0.1462223193581176,0.005492284311607457,0.08034171173907367,CRZ,False
2025-07-22,hvfhv,CRZ,134435.0,11.85326324973095,0.09639330173454101,-0.46089467936247536,-4.34547275864039,CRZ,False
2025-07-23,hvfhv,CRZ,146501.0,11.935647474906206,0.08232076446748761,-0.4963503657429513,-4.003642845898447,CRZ,False
2025-07-24,hvfhv,CRZ,157548.0,11.92141569938299,0.08427137370263824,0.5466833079247387,4.714745044075297,CRZ,False
2025-07-25,hvfhv,CRZ,171557.0,11.901880827686991,0.05372331398050725,2.8067893252459104,16.27524825614004,CRZ,False
2025-07-26,hvfhv,CRZ,162756.0,11.979217674812052,0.09120335487927947,0.2279494100428778,2.10073632295642,CRZ,False
2025-07-27,hvfhv,CRZ,143377.0,11.796539848393948,0.07541802452791407,1.0169048560181957,7.971050618293463,CRZ,False
2025-07-28,hvfhv,CRZ,132490.0,11.643984439037286,0.08595147432276691,1.7484052717997027,16.215729012773707,CRZ,False
2025-07-29,hvfhv,CRZ,158442.0,11.809583104702725,0.06603593952871066,2.476844748416546,17.76969216882751,CRZ,False
2025-07-30,hvfhv,CRZ,162009.0,11.895793340094723,0.059087740271504575,1.6858628824605795,10.474421455372784,CRZ,False
2025-07-31,hvfhv,CRZ,166054.0,11.897848080102733,0.08189434110208557,1.492413686916996,13.000294118766199,CRZ,False
2025-08-01,hvfhv,CRZ,147976.0,11.897843650353467,0.08934908871734155,0.07791603899780337,0.6986016234998838,CRZ,False
2025-08-02,hvfhv,CRZ,149061.0,11.968344840650637,0.07560528323670825,-0.7437832532614472,-5.468204099992358,CRZ,False
2025-08-03,hvfhv,CRZ,130988.0,11.808514729730254,0.09705147013221643,-0.2643312333266871,-2.532747363496224,CRZ,False
2025-08-04,hvfhv,CRZ,116649.0,11.620307663876638,0.10424206224260328,0.44719991028635603,4.772069804826873,CRZ,False
2025-08-05,hvfhv,CRZ,134636.0,11.787499843568156,0.13713959080284796,0.1664747274534068,2.3092881396475917,CRZ,False
2025-08-06,hvfhv,CRZ,144981.0,11.916177442617162,0.06620254520280888,-0.4806380809906828,-3.131855210627754,CRZ,False
2025-08-07,hvfhv,CRZ,145948.0,11.952813182073971,0.09269734744760144,-0.6667667512664807,-5.993617699454445,CRZ,False
2025-08-08,hvfhv,CRZ,146786.0,11.936605380660852,0.05805925143599554,-0.686787323420294,-3.908983765485219,CRZ,False
2025-08-09,hvfhv,CRZ,150206.0,12.010880259912131,0.07866108423966084,-1.1583529078052681,-8.708937583531373,CRZ,False
2025-08-10,hvfhv,CRZ,122828.0,11.815248252435723,0.06699262188838213,-1.443561514331758,-9.2178922221126,CRZ,False
2025-08-11,hvfhv,CRZ,111418.0,11.693330533211569,0.1498878048832106,-0.4822697880786005,-6.973553277084377,CRZ,False
2025-08-12,hvfhv,CRZ,128819.0,11.809583104702725,0.1552622732922035,-0.27965265792556143,-4.2490376573371735,CRZ,False
2025-08-13,hvfhv,CRZ,152625.0,11.915171635876968,0.10907920106093626,0.18855634562768978,2.078054570512622,CRZ,False
2025-08-14,hvfhv,CRZ,147959.0,11.989045254894158,0.07985216887018433,-1.0563866798802024,-8.089487042970278,CRZ,False
2025-08-15,hvfhv,CRZ,147113.0,11.938649480308154,0.09895630005137875,-0.40111849723514353,-3.891574770175632,CRZ,False
2025-08-16,hvfhv,CRZ,152769.0,12.010880259912131,0.1255579842032055,-0.5909461260662487,-7.151216900113832,CRZ,False
2025-08-17,hvfhv,CRZ,112171.0,11.846755303392637,0.07697574265151279,-2.844734252773475,-19.665862573202798,CRZ,False
2025-08-18,hvfhv,CRZ,94000.0,11.693330533211569,0.14119766350440954,-1.7158957587981676,-21.51639778174017,CRZ,False
2025-08-19,hvfhv,CRZ,118442.0,11.809583104702725,0.1552622732922035,-0.8205756217603094,-11.962245617574574,CRZ,False
2025-08-20,hvfhv,CRZ,152597.0,11.915263372383768,0.10907920106093626,0.18603332091057845,2.049965583426583,CRZ,False
2025-08-21,hvfhv,CRZ,141070.0,11.989045254894158,0.06719495383057884,-1.9649355688004715,-12.368858515884973,CRZ,False
2025-08-22,hvfhv,CRZ,146669.0,11.97873811465935,0.11926165811939667,-0.6943093847123688,-7.946889592646055,CRZ,False
2025-08-23,hvfhv,CRZ,166334.0,11.968344840650637,0.07769996731276305,0.6873651980820806,5.486020751449772,CRZ,False
2025-08-24,hvfhv,CRZ,135982.0,11.840021780687167,0.1543690986380705,-0.12790110095718407,-1.9550341817132,CRZ,False
2025-08-25,hvfhv,CRZ,109512.0,11.681610587829674,0.1594882514242459,-0.4879430043239815,-7.487015334052272,CRZ,False
2025-08-26,hvfhv,CRZ,118871.0,11.788246858435564,0.140927272022926,-0.7269899322828324,-9.737916446200867,CRZ,False
2025-08-27,hvfhv,CRZ,125946.0,11.935647474906206,0.08232076446748761,-2.3328130333385126,-17.47252784533576,CRZ,False
2025-08-28,hvfhv,CRZ,133692.0,12.015336686355369,0.044113521558951874,-4.80675205729573,-19.106989343539414,CRZ,True
2025-08-29,hvfhv,CRZ,139787.0,11.96167748088557,0.09688072888835453,-1.174664638871568,-10.756568655095212,CRZ,False
2025-08-30,hvfhv,CRZ,152150.0,12.084345628489098,0.19418269802137847,-0.7813439338827058,-14.077415310223106,CRZ,False
2025-08-31,hvfhv,CRZ,134163.0,11.876078497138268,0.12864849066000494,-0.5384263676647434,-6.692317492044619,CRZ,False
2025-09-01,hvfhv,CRZ,106843.0,11.681610587829674,0.1060689221545756,-0.9663041685254968,-9.741719440208874,CRZ,False
2025-09-02,hvfhv,CRZ,121080.0,11.788246858435564,0.1306151717688466,-0.6434175613889361,-8.060560803778937,CRZ,False
2025-09-03,hvfhv,CRZ,139841.0,11.918911852296358,0.07158034463589505,-0.9870099223773072,-6.821251473854318,CRZ,False
2025-09-04,hvfhv,CRZ,164490.0,11.903546972395546,0.10881432904220523,0.983860173682956,11.29989007764227,CRZ,False
2025-09-05,hvfhv,CRZ,172466.0,11.955485380691986,0.09089520977367294,1.1273422894385203,10.790407967283588,CRZ,False
2025-09-06,hvfhv,CRZ,200451.0,12.083621027224684,0.16688868957016964,0.747229065851994,13.281318094266158,CRZ,False
2025-09-07,hvfhv,CRZ,155812.0,11.861530269177543,0.1072238831611345,0.8848323647772204,9.952158459024375,CRZ,False
2025-09-08,hvfhv,CRZ,132534.0,11.658670322107366,0.12435951007441197,1.092993797387785,14.559502344796549,CRZ,False
2025-09-09,hvfhv,CRZ,149291.0,11.74033285543512,0.08353924092809124,2.0747117526668295,18.924641873614444,CRZ,False
2025-09-10,hvfhv,CRZ,174770.0,11.918911852296358,0.09833878122934368,1.5488726681371598,16.45261318150255,CRZ,False
2025-09-11,hvfhv,CRZ,170669.0,11.957647772203178,0.09627522882724185,0.933090640512499,9.399213518799776,CRZ,False
2025-09-12,hvfhv,CRZ,180179.0,12.015282033890564,0.08812591124726399,0.9806882569580079,9.026855463548689,CRZ,False
2025-09-13,hvfhv,CRZ,203275.0,12.146213561640236,0.11745690631561673,0.6479096191356479,7.907205064492762,CRZ,False
2025-09-14,hvfhv,CRZ,163807.0,11.91733096329822,0.10091141082766754,0.8830836919393528,9.320442327185807,CRZ,False
2025-09-15,hvfhv,CRZ,142582.0,11.721585448948456,0.14144380876144064,1.0328278354266256,15.72969875123038,CRZ,False
2025-09-16,hvfhv,CRZ,154082.0,11.775038067712352,0.1349931886503141,1.2608202029084483,18.554447247433224,CRZ,False
2025-09-17,hvfhv,CRZ,165804.0,11.918911852296358,0.12075989259185042,0.8251894930472781,10.47839489583935,CRZ,False
2025-09-18,hvfhv,CRZ,166251.0,12.017260066177947,0.059156087073081044,0.06751473191124108,0.40018936362660185,CRZ,False
2025-09-19,hvfhv,CRZ,172791.0,12.038252489456994,0.07447781727832987,0.2898253734358747,2.1820214766516743,CRZ,False
2025-09-20,hvfhv,CRZ,188516.0,12.168156072892735,0.06992533314854602,-0.3034366664083047,-2.0994393776140763,CRZ,False
2025-09-21,hvfhv,CRZ,152037.0,11.945748948197668,0.07684423228694201,-0.18049184077902522,-1.3774015010178609,CRZ,False
2025-09-22,hvfhv,CRZ,120126.0,11.78211877146471,0.08954764990599433,-0.9583981338990962,-8.224269831502461,CRZ,False
2025-09-23,hvfhv,CRZ,122333.0,11.898031851071579,0.0699429965147378,-2.6239902012728744,-16.767287595992475,CRZ,False
2025-09-24,hvfhv,CRZ,147601.0,11.996061304455516,0.11390382518494375,-0.8234432698806794,-8.95290977016997,CRZ,False
2025-09-25,hvfhv,CRZ,169855.0,12.022584524413647,0.03279593156374354,0.6133653023968939,2.031957442069765,CRZ,False
2025-09-26,hvfhv,CRZ,165802.0,12.07360299296229,0.026855542064925686,-2.049983146586263,-5.356540116746711,CRZ,False
2025-09-27,hvfhv,CRZ,192925.0,12.187290230646568,0.06090026946878716,-0.28297804707738394,-1.708579297345414,CRZ,False
2025-09-28,hvfhv,CRZ,152638.0,11.95603947190002,0.07684423228694201,-0.2630657816142968,-2.0012133022255796,CRZ,False
2025-09-29,hvfhv,CRZ,126358.0,11.795909408029097,0.07266927140526566,-0.6747691298359118,-4.785217799743435,CRZ,False
2025-09-30,hvfhv,CRZ,138078.0,11.917176967586567,0.041558446769616814,-1.9635706354349503,-7.8362173709800365,CRZ,False
2025-10-01,hvfhv,CRZ,141055.0,12.014862926037695,0.0669154453280751,-2.3605575818683944,-14.611415220333102,CRZ,False
2025-10-02,hvfhv,CRZ,147621.0,12.042314639081596,0.029251868006701095,-4.782982802964996,-13.056454619119206,CRZ,True
2025-10-03,hvfhv,CRZ,164722.0,12.088487088997214,0.03103677028473627,-2.46393567537044,-7.362170843761828,CRZ,False
2025-10-04,hvfhv,CRZ,188243.0,12.215320063954753,0.05373863169796468,-1.2994581620799954,-6.744868881536048,CRZ,False
2025-10-05,hvfhv,CRZ,147677.0,11.981424807903165,0.062074938067972874,-1.2668892634183062,-7.562927711815282,CRZ,False
2025-10-06,hvfhv,CRZ,129268.0,11.805682436248953,0.07105439435567727,-0.5072084409588278,-3.5397701584217844,CRZ,False
2025-10-07,hvfhv,CRZ,150347.0,11.905028331511868,0.0515646156007938,0.30394686513526703,1.5796367382538534,CRZ,False
2025-10-08,hvfhv,CRZ,175352.0,11.999185817153123,0.030811599925464637,2.445989312219376,7.82774823163801,CRZ,False
2025-10-09,hvfhv,CRZ,166694.0,12.045090849014853,0.03379241245184744,-0.6266428523070939,-2.095314126940817,CRZ,False
2025-10-10,hvfhv,CRZ,178012.0,12.090597654190809,0.04381186209413442,-0.022628836374427853,-0.09909201726159278,CRZ,False
2025-10-11,hvfhv,CRZ,207430.0,12.193551997742002,0.051925129296223144,0.9436127605704769,5.021742545843422,CRZ,False
2025-10-12,hvfhv,CRZ,179823.0,11.981058848527578,0.0699891885832279,1.695539934441748,12.599767425451258,CRZ,False
2025-10-13,hvfhv,CRZ,144839.0,11.805682436248953,0.07105439435567727,1.0934668311681073,8.079364034597415,CRZ,False
2025-10-14,hvfhv,CRZ,154072.0,11.908552598700936,0.03856989100325096,0.9495154108686649,3.730157923595878,CRZ,False
2025-10-15,hvfhv,CRZ,164582.0,11.992226155827149,0.04112999380735324,0.46044376987447055,1.9118511662113313,CRZ,False
2025-10-16,hvfhv,CRZ,174005.0,12.042314639081596,0.0631321242254476,0.3884658505520169,2.4827877740983606,CRZ,False
2025-10-17,hvfhv,CRZ,177614.0,12.091716807925817,0.05726061329103984,-0.07594876152490425,-0.43394300101472494,CRZ,False
2025-10-18,hvfhv,CRZ,192193.0,12.225941109178013,0.07807224169586108,-0.7644939279553039,-5.7939474850101425,CRZ,False
2025-10-19,hvfhv,CRZ,155698.0,12.026330793121652,0.09400045506089424,-0.7516695589552905,-6.821882309960648,CRZ,False
2025-10-20,hvfhv,CRZ,135150.0,11.819974906308344,0.0883759073434218,-0.0660174789615351,-0.5817367808647389,CRZ,False
2025-10-21,hvfhv,CRZ,144699.0,11.921445623749953,0.03615419580814921,-1.0796705923547072,-3.8282588014403096,CRZ,False
2025-10-22,hvfhv,CRZ,159685.0,12.004204543904745,0.0554176894349893,-0.41947148034209203,-2.2978030232509106,CRZ,False
2025-10-23,hvfhv,CRZ,169724.0,12.070010180804491,0.054923614779432285,-0.5112794132123613,-2.769069832057891,CRZ,False
2025-10-24,hvfhv,CRZ,178765.0,12.090745316815754,0.05524936258617403,0.055784468080524785,0.3086810722394473,CRZ,False
2025-10-25,hvfhv,CRZ,205836.0,12.206117916543146,0.05655663684683088,0.5077582270751392,2.913340903348738,CRZ,False
2025-10-26,hvfhv,CRZ,165970.0,11.995323219870727,0.07825768813741966,0.3097345298710306,2.4535263432999166,CRZ,False
2025-10-27,hvfhv,CRZ,132883.0,11.828433021763985,0.08431176441123273,-0.3701583188136326,-3.0726736305302316,CRZ,False
2025-10-28,hvfhv,CRZ,152427.0,11.908552598700936,0.046527177708922174,0.5564161522564182,2.6226490330491625,CRZ,False
2025-10-29,hvfhv,CRZ,166271.0,11.992226155827149,0.0656081293056357,0.44427589708389353,2.9577074361541777,CRZ,False
2025-10-30,hvfhv,CRZ,192644.0,12.054384090342275,0.06115944949662649,1.8674974285150963,12.099324103419583,CRZ,False
2025-10-31,hvfhv,CRZ,186667.0,12.090745316815754,0.023403958640279644,1.9798463863464235,4.7426541532834765,CRZ,False
2025-11-01,hvfhv,CRZ,235808.0,12.206117916543146,0.05655663684683088,2.9113343049288005,17.898662487304627,CRZ,False
2025-11-02,hvfhv,CRZ,176264.0,11.98855475486384,0.07218950439048026,1.2631115291630828,9.546989084473335,CRZ,False
2025-11-03,hvfhv,CRZ,139069.0,11.805682436248953,0.08646857233055052,0.4283990654178532,3.7737700269087293,CRZ,False
2025-11-04,hvfhv,CRZ,146738.0,11.928315542310678,0.035022463837195525,-0.9111746058981331,-3.1407778477113846,CRZ,False
2025-11-05,hvfhv,CRZ,160686.0,12.00555509371327,0.02996027898251526,-0.6123996591770777,-1.8180370950851232,CRZ,False
2025-11-06,hvfhv,CRZ,181030.0,12.070010180804491,0.06210476871905059,0.5862329466228331,3.707874480347817,CRZ,False
2025-11-07,hvfhv,CRZ,183311.0,12.09285588200935,0.03685270983718506,0.7077786421724657,2.6426714059780476,CRZ,False
2025-11-08,hvfhv,CRZ,202207.0,12.238692113269007,0.08234190433144219,-0.2628662682330398,-2.1412339073651476,CRZ,False
2025-11-09,hvfhv,CRZ,169633.0,12.026330793121652,0.10136446436038225,0.14859019734061416,1.5175765784688489,CRZ,False
2025-11-10,hvfhv,CRZ,149827.0,11.828433021763985,0.07583590536888891,1.1709961389449575,9.286594432384621,CRZ,False
2025-11-11,hvfhv,CRZ,150571.0,11.939808188250566,0.07472408681140016,-0.23577639122929245,-1.7463882918720253,CRZ,False
2025-11-12,hvfhv,CRZ,162307.0,12.00555509371327,0.03183465011739008,-0.2610429548889117,-0.8275776781548894,CRZ,False
2025-11-13,hvfhv,CRZ,181261.0,12.08979954528149,0.06574782194380177,0.27215677599716587,1.8054766942041667,CRZ,False
2025-11-14,hvfhv,CRZ,190978.0,12.10638340802885,0.03685270983718506,1.452542007256411,5.498875607217513,CRZ,False
2025-11-15,hvfhv,CRZ,214352.0,12.225941109178013,0.1037901406948871,0.47628505952289574,5.067592309257463,CRZ,False
2025-11-16,hvfhv,CRZ,168232.0,12.030477443499525,0.10136446436038225,0.025865224519855994,0.2625254590647552,CRZ,False
2025-11-17,hvfhv,CRZ,143744.0,11.828433021763985,0.11719349695253663,0.40408553482497633,4.849541338268004,CRZ,False
2025-11-18,hvfhv,CRZ,156170.0,11.928315542310678,0.08603924766265741,0.3531515557916815,3.0851226234712037,CRZ,False
2025-11-19,hvfhv,CRZ,173129.0,11.998278888178854,0.021046947792065923,3.0176998963745265,6.557373474051609,CRZ,False
2025-11-20,hvfhv,CRZ,175112.0,12.10705565145027,0.09390072136522554,-0.36074912700111056,-3.330728284453688,CRZ,False
2025-11-21,hvfhv,CRZ,178418.0,12.143413605213727,0.05490097034629862,-0.9385847643385853,-5.022409749497358,CRZ,False
2025-11-22,hvfhv,CRZ,197835.0,12.255104908357296,0.11179059604236363,-0.5359688699261911,-5.8156618050872355,CRZ,False
2025-11-23,hvfhv,CRZ,155990.0,12.037245908506414,0.07378329684019233,-1.0801730243379977,-7.660550158626744,CRZ,False
2025-11-24,hvfhv,CRZ,121185.0,11.859257355240718,0.11254291160184544,-1.3699998557374327,-14.288550767198194,CRZ,False
2025-11-25,hvfhv,CRZ,135895.0,11.946570754189487,0.07566626576188445,-1.6775368152193253,-11.920726913495006,CRZ,False
2025-11-26,hvfhv,CRZ,121309.0,11.999629437987377,0.025327876457042223,-11.589331229475158,-25.437549469960363,CRZ,True
2025-11-27,hvfhv,CRZ,96398.0,12.10705565145027,0.07073347964594595,-8.91819434180735,-46.78420408175782,CRZ,True
2025-11-28,hvfhv,CRZ,113467.0,12.143413605213727,0.05634130306607754,-8.94807633208624,-39.59789800942849,CRZ,True
2025-11-29,hvfhv,CRZ,136601.0,12.246211003337482,0.12497669962474023,-3.371760159025809,-34.38667965435304,CRZ,False
2025-11-30,hvfhv,CRZ,132501.0,12.037245908506414,0.10136446436038225,-2.3963076063134117,-21.56503978824422,CRZ,False
2025-12-01,hvfhv,CRZ,127918.0,11.859257355240718,0.14579855384618148,-0.6866504501303745,-9.526449948743288,CRZ,False
2025-12-02,hvfhv,CRZ,173370.0,11.909296987675255,0.13257301640592106,1.1607666060301305,16.635829965045534,CRZ,False
2025-12-03,hvfhv,CRZ,162746.0,11.992226155827149,0.16364960524270197,0.04717289942264356,0.7749701054565294,CRZ,False
2025-12-04,hvfhv,CRZ,185465.0,12.07318104819299,0.1291169859054085,0.44487110186466994,5.912216181643637,CRZ,False
2025-12-05,hvfhv,CRZ,210374.0,12.118939442938288,0.060748162424199295,2.266780255268252,14.763434818423416,CRZ,False
2025-12-06,hvfhv,CRZ,221077.0,12.195188628928095,0.14779221231456569,0.7515802452574822,11.74817398336998,CRZ,False
2025-12-07,hvfhv,CRZ,178847.0,11.957547181612915,0.1243091563425356,1.0999896799553475,14.652862362971831,CRZ,False
2025-12-08,hvfhv,CRZ,157338.0,11.75914471261388,0.1948145317116744,1.0625846133960022,22.99910880407754,CRZ,False
2025-12-09,hvfhv,CRZ,175134.0,11.92219001272427,0.15204389916341354,0.9939015132403326,16.313234288143263,CRZ,False
2025-12-10,hvfhv,CRZ,187854.0,11.997244882578771,0.09569794228358146,1.5274671355919458,15.73992495702592,CRZ,False
2025-12-11,hvfhv,CRZ,197022.0,12.029636941250658,0.13272297618305856,1.216320941586709,17.519458173366154,CRZ,False
2025-12-12,hvfhv,CRZ,214659.0,12.120815020785413,0.12967238704560013,1.2029622054742397,16.881566115432168,CRZ,False
2025-12-13,hvfhv,CRZ,232059.0,12.145346388163706,0.2156800209700087,0.9708852009398348,23.293874153937356,CRZ,False
2025-12-14,hvfhv,CRZ,191828.0,11.919201010581101,0.17698818199086136,1.3851399728466605,27.781732249925774,CRZ,False
2025-12-15,hvfhv,CRZ,154669.0,11.7321091475979,0.18387583818638772,1.1797824182619765,24.2261465443002,CRZ,False
2025-12-16,hvfhv,CRZ,162507.0,11.889169122092824,0.2654978907746329,0.41170660277366766,11.550501949797765,CRZ,False
2025-12-17,hvfhv,CRZ,162643.0,11.879662596277843,0.2636774240157885,0.453775282232466,12.710263204666505,CRZ,False
2025-12-18,hvfhv,CRZ,160507.0,12.07318104819299,0.1747831630937649,-0.4982643198758687,-8.34037644478961,CRZ,False
2025-12-19,hvfhv,CRZ,189046.0,12.091884390899287,0.2741647798690523,0.21104556099397037,5.956798080911163,CRZ,False
2025-12-20,hvfhv,CRZ,179065.0,12.195188628928095,0.2365611351853096,-0.42138993563203025,-9.487704400131502,CRZ,False
2025-12-21,hvfhv,CRZ,144474.0,11.957547181612915,0.24196285533965578,-0.3169591545610161,-7.382524520802692,CRZ,False
2025-12-22,hvfhv,CRZ,112167.0,11.75914471261388,0.2815426502905166,-0.46671650393180436,-12.313356994324632,CRZ,False
2025-12-23,hvfhv,CRZ,109056.0,11.998476356747222,0.11094342862842718,-3.595161704747329,-32.891506212040134,CRZ,True
2025-12-24,hvfhv,CRZ,94787.0,11.999312893778937,0.21365370623254681,-2.5271049833936865,-41.72082413629854,CRZ,False
2025-12-25,hvfhv,CRZ,72300.0,12.058357149145248,0.15195007449958803,-5.724102103028259,-58.09553246506295,CRZ,True
2025-12-26,hvfhv,CRZ,92452.0,12.203193914368416,0.09418983806535534,-8.16169833457434,-53.64073604980444,CRZ,True
2025-12-27,hvfhv,CRZ,107716.0,12.200885241752971,0.19217667374993766,-3.1930609311301557,-45.861890916032,CRZ,False
2025-12-28,hvfhv,CRZ,107557.0,11.987570405131475,0.21015823615494045,-1.9118650493948182,-33.08815549027454,CRZ,False
2025-12-29,hvfhv,CRZ,103024.0,11.854093670623632,0.15345423265947344,-2.0291158832785974,-26.756188100388034,CRZ,False
2025-12-30,hvfhv,CRZ,113011.0,12.030829837363576,0.05547171431421491,-7.131371441547702,-32.67169102848564,CRZ,True
2025-12-31,hvfhv,CRZ,127948.0,11.999629437987377,0.10682685311627473,-2.248968500139297,-21.35689503320024,CRZ,False
2024-01-01,hvfhv,MN_NORTH,52435.0,10.848414610234231,0.04054978630679768,0.46646302624543107,1.9094997435613603,MN_NORTH,False
2024-01-02,hvfhv,MN_NORTH,41519.0,10.90442982185797,0.02206465807876718,-12.260484079152294,-23.701994561909057,MN_NORTH,True
2024-01-03,hvfhv,MN_NORTH,44373.0,10.945175967606078,0.06299555915655129,-3.88582172369115,-21.713069471384127,MN_NORTH,True
2024-01-04,hvfhv,MN_NORTH,57222.0,10.981590334240586,0.039122557391910416,-0.6874963506138531,-2.6538122743775427,MN_NORTH,False
2024-01-05,hvfhv,MN_NORTH,69677.0,11.129776189153638,0.046307967876716614,0.4718273870946182,2.2089812915023987,MN_NORTH,False
2024-01-06,hvfhv,MN_NORTH,66960.0,11.129260645626388,0.049797503937121554,-0.3496147213525807,-1.7259263144452808,MN_NORTH,False
2024-01-07,hvfhv,MN_NORTH,48834.0,10.99163412792069,0.04878020585390048,-4.006790335222951,-17.753722634894697,MN_NORTH,True
2024-01-08,hvfhv,MN_NORTH,51063.0,10.867329586268506,0.03652995735833067,-0.7258191552850383,-2.6165728997806115,MN_NORTH,False
2024-01-09,hvfhv,MN_NORTH,58490.0,10.893734816526113,0.012968668622490461,6.3904988494527535,8.640737025892564,MN_NORTH,True
2024-01-10,hvfhv,MN_NORTH,51733.0,10.932517510305933,0.0375348575863884,-2.095821341041724,-7.565172333696701,MN_NORTH,False
2024-01-11,hvfhv,MN_NORTH,54501.0,10.982713127404047,0.021584298088107613,-3.555306639295981,-7.38682707993471,MN_NORTH,True
2024-01-12,hvfhv,MN_NORTH,62969.0,11.151022593487193,0.029616097623576733,-3.3976377977782444,-9.572772312773747,MN_NORTH,False
2024-01-13,hvfhv,MN_NORTH,64562.0,11.135887451002336,0.0295383641200841,-2.048392705772016,-5.871203837349926,MN_NORTH,False
2024-01-14,hvfhv,MN_NORTH,57985.0,11.015328620450578,0.08917185255481101,-0.5314343450546293,-4.628365598118367,MN_NORTH,False
2024-01-15,hvfhv,MN_NORTH,48116.0,10.87964914560964,0.029283261671167984,-3.3561529312987126,-9.360411072073694,MN_NORTH,False
2024-01-16,hvfhv,MN_NORTH,55002.0,10.889547413872833,0.07412875043959162,0.3450403947904146,2.5907322085217954,MN_NORTH,False
2024-01-17,hvfhv,MN_NORTH,60931.0,10.928589098047812,0.07708279817168633,1.1534124272241144,9.298037879535759,MN_NORTH,False
2024-01-18,hvfhv,MN_NORTH,61898.0,10.981590334240586,0.03156293663706935,1.636502152076245,5.301008839966825,MN_NORTH,False
2024-01-19,hvfhv,MN_NORTH,69635.0,11.118462240645739,0.03514165541589159,0.9265457889251765,3.3096241556175077,MN_NORTH,False
2024-01-20,hvfhv,MN_NORTH,74309.0,11.12592577417781,0.022762720100097875,3.956538557259569,9.4241664752283,MN_NORTH,True
2024-01-21,hvfhv,MN_NORTH,60799.0,10.982597212465922,0.07371672480952486,0.4440160366488055,3.3272973096704517,MN_NORTH,False
2024-01-22,hvfhv,MN_NORTH,53934.0,10.862512050330492,0.03216738932234661,1.0260175341004227,3.355498917271982,MN_NORTH,False
2024-01-23,hvfhv,MN_NORTH,53838.0,10.885360011219552,0.04412931615753436,0.1897787238910343,0.8409972091629303,MN_NORTH,False
2024-01-24,hvfhv,MN_NORTH,57402.0,10.932517510305933,0.11663073875698424,0.21706897229760444,2.564010935015193,MN_NORTH,False
2024-01-25,hvfhv,MN_NORTH,58848.0,10.997271537014264,0.05333151040741676,-0.2729795105932778,-1.4452948367973506,MN_NORTH,False
2024-01-26,hvfhv,MN_NORTH,66738.0,11.128394696471394,0.03444207328385582,-0.5767629459351495,-1.9668904328922654,MN_NORTH,False
2024-01-27,hvfhv,MN_NORTH,67236.0,11.140513048357864,0.034977880539772195,-0.7018421535480265,-2.4250076189646808,MN_NORTH,False
2024-01-28,hvfhv,MN_NORTH,62879.0,10.997254789541039,0.043462647543137424,1.1898201570987377,5.307318707084208,MN_NORTH,False
2024-01-29,hvfhv,MN_NORTH,51845.0,10.87964914560964,0.029042624175540065,-0.8138165640406412,-2.335824092436134,MN_NORTH,False
2024-01-30,hvfhv,MN_NORTH,53389.0,10.898108440100405,0.07835727283143763,-0.16269617892747834,-1.266751188124926,MN_NORTH,False
2024-01-31,hvfhv,MN_NORTH,55967.0,10.950490061633396,0.10701854422472172,-0.167938663879811,-1.781200825514473,MN_NORTH,False
2024-02-01,hvfhv,MN_NORTH,58716.0,11.010778392676865,0.05997491636608195,-0.5053921445213354,-2.9856084116462123,MN_NORTH,False
2024-02-02,hvfhv,MN_NORTH,71040.0,11.120219764274783,0.03469467883177509,1.4635850539928905,5.208994887290852,MN_NORTH,False
2024-02-03,hvfhv,MN_NORTH,69048.0,11.1382002496801,0.038736335279973645,0.1124769338117102,0.4366449500505576,MN_NORTH,False
2024-02-04,hvfhv,MN_NORTH,56927.0,10.997915883035619,0.03512945462481043,-1.3775009970837424,-4.723868082880022,MN_NORTH,False
2024-02-05,hvfhv,MN_NORTH,53743.0,10.87811414622143,0.03385979420108367,0.40917433363787326,1.3950977895229144,MN_NORTH,False
2024-02-06,hvfhv,MN_NORTH,54311.0,10.90442982185797,0.07835727283143763,-0.02485740139864087,-0.1945862533259346,MN_NORTH,False
2024-02-07,hvfhv,MN_NORTH,55529.0,10.987665890145234,0.07388431214484684,-0.8527548342336035,-6.106141289382261,MN_NORTH,False
2024-02-08,hvfhv,MN_NORTH,59711.0,11.023314398010374,0.05997491636608195,-0.43422921738059334,-2.5706670468790827,MN_NORTH,False
2024-02-09,hvfhv,MN_NORTH,68077.0,11.119903845639032,0.03469467883177509,0.24473063646251586,0.8527000347236191,MN_NORTH,False
2024-02-10,hvfhv,MN_NORTH,68589.0,11.153331249733755,0.07414724009435544,-0.23525890794075305,-1.7292536480785214,MN_NORTH,False
2024-02-11,hvfhv,MN_NORTH,64568.0,10.9923235009365,0.03512945462481043,2.3669798166744607,8.670557367798848,MN_NORTH,False
2024-02-12,hvfhv,MN_NORTH,56518.0,10.89284247353157,0.012010077658186845,4.119205416037136,5.071614751707498,MN_NORTH,True
2024-02-13,hvfhv,MN_NORTH,45485.0,10.898108440100405,0.032777514781857094,-5.27711026889645,-15.88376215684628,MN_NORTH,True
2024-02-14,hvfhv,MN_NORTH,69262.0,10.950490061633396,0.04372110711185391,4.463785240005666,21.550743624336043,MN_NORTH,True
2024-02-15,hvfhv,MN_NORTH,63807.0,11.010016840198409,0.027794832908266745,1.9284642279070372,5.506390756485846,MN_NORTH,False
2024-02-16,hvfhv,MN_NORTH,66451.0,11.128078777835643,0.03149991906492825,-0.757419879376628,-2.3576297050828643,MN_NORTH,False
2024-02-17,hvfhv,MN_NORTH,70552.0,11.14153512112868,0.06770864722113837,0.333342717151353,2.2826818172128283,MN_NORTH,False
2024-02-18,hvfhv,MN_NORTH,59710.0,10.992984594431082,0.05204913891658693,0.0820416091186441,0.4279325384487054,MN_NORTH,False
2024-02-19,hvfhv,MN_NORTH,52183.0,10.894616298956912,0.009380204082574317,-3.4225533201414766,-3.159437813908883,MN_NORTH,False
2024-02-20,hvfhv,MN_NORTH,52623.0,10.889547413872833,0.03710398047249486,-0.5023409381847963,-1.8466219226747183,MN_NORTH,False
2024-02-21,hvfhv,MN_NORTH,56565.0,10.945175967606078,0.03584243130695262,-0.05664429480588628,-0.20282096429911078,MN_NORTH,False
2024-02-22,hvfhv,MN_NORTH,61346.0,10.9974808348649,0.023559256225609528,1.1377444694297258,2.7166883113831863,MN_NORTH,False
2024-02-23,hvfhv,MN_NORTH,66973.0,11.118146322009988,0.02729195511016067,-0.22356368047620187,-0.608291364234137,MN_NORTH,False
2024-02-24,hvfhv,MN_NORTH,68907.0,11.153331249733755,0.08186815114465762,-0.1565712819536142,-1.273639812916727,MN_NORTH,False
2024-02-25,hvfhv,MN_NORTH,59789.0,10.976811525227646,0.04565590079362265,0.47672811015029143,2.200404663851452,MN_NORTH,False
2024-02-26,hvfhv,MN_NORTH,54268.0,10.877240377640632,0.032752508946107206,0.7464965815228916,2.4750979212890822,MN_NORTH,False
2024-02-27,hvfhv,MN_NORTH,58611.0,10.86844158840594,0.019712508395748046,5.592189519502438,11.654163568177722,MN_NORTH,True
2024-02-28,hvfhv,MN_NORTH,61565.0,10.937831604333251,0.02363542665861464,3.808571057079327,9.419310573683749,MN_NORTH,True
2024-02-29,hvfhv,MN_NORTH,65337.0,11.010016840198409,0.030049402786442355,2.572328334431487,8.036282114133563,MN_NORTH,False
2024-03-01,hvfhv,MN_NORTH,70578.0,11.108132472507641,0.0295723922792971,1.9051988472470667,5.795869039743007,MN_NORTH,False
2024-03-02,hvfhv,MN_NORTH,79223.0,11.14153512112868,0.06548412502131817,2.1148151328289924,14.853454212567296,MN_NORTH,False
2024-03-03,hvfhv,MN_NORTH,59124.0,10.96872950783024,0.04058300946399994,0.4598649717754113,1.8837941204143505,MN_NORTH,False
2024-03-04,hvfhv,MN_NORTH,53837.0,10.878302812834642,0.03356657860745151,0.45918976306698667,1.5532828842263813,MN_NORTH,False
2024-03-05,hvfhv,MN_NORTH,60528.0,10.86844158840594,0.03240508588074685,4.394981670191693,15.306055389852613,MN_NORTH,True
2024-03-06,hvfhv,MN_NORTH,64983.0,10.949845068952651,0.04276484096338265,3.0874873910905647,14.114929407191967,MN_NORTH,False
2024-03-07,hvfhv,MN_NORTH,61227.0,11.013009177819189,0.033356764838452575,0.2798343876361674,0.9378070960690543,MN_NORTH,False
2024-03-08,hvfhv,MN_NORTH,68034.0,11.103986803933925,0.024565576312678385,0.9678606747645674,2.4060959150610906,MN_NORTH,False
2024-03-09,hvfhv,MN_NORTH,76640.0,11.1382002496801,0.07315659308171163,1.4855006006534341,11.479904833910703,MN_NORTH,False
2024-03-10,hvfhv,MN_NORTH,57886.0,10.979310194934557,0.0415631466790644,-0.3146863954316234,-1.2994193721083236,MN_NORTH,False
2024-03-11,hvfhv,MN_NORTH,54187.0,10.863574485524502,0.024980238347453932,1.466031677766471,3.7300661050629014,MN_NORTH,False
2024-03-12,hvfhv,MN_NORTH,52212.0,10.88572772395986,0.0888888897835438,-0.25492602625996924,-2.2405279892260155,MN_NORTH,False
2024-03-13,hvfhv,MN_NORTH,55124.0,10.992196622885853,0.10852163186668877,-0.6897809183589527,-7.212304899823119,MN_NORTH,False
2024-03-14,hvfhv,MN_NORTH,59736.0,11.023314398010374,0.030402724099280555,-0.8428279390741723,-2.5298750098369793,MN_NORTH,False
2024-03-15,hvfhv,MN_NORTH,65858.0,11.108132472507641,0.021393247660155133,-0.6018854495134157,-1.279373980285714,MN_NORTH,False
2024-03-16,hvfhv,MN_NORTH,64587.0,11.17166634120319,0.09226037741489512,-1.039426813121511,-9.144323417256716,MN_NORTH,False
2024-03-17,hvfhv,MN_NORTH,55136.0,10.979310194934557,0.022998055185949884,-2.6850990271832473,-5.988404562425476,MN_NORTH,False
2024-03-18,hvfhv,MN_NORTH,51185.0,10.872651660819608,0.02879292274870863,-1.0228159788696098,-2.902044008731186,MN_NORTH,False
2024-03-19,hvfhv,MN_NORTH,52364.0,10.897642102641786,0.054447277476720936,-0.5816175355202243,-3.1171327550783,MN_NORTH,False
2024-03-20,hvfhv,MN_NORTH,55618.0,10.96651791612111,0.07706403509812942,-0.5223674988831585,-3.945624870357689,MN_NORTH,False
2024-03-21,hvfhv,MN_NORTH,58909.0,11.023314398010374,0.030402724099280555,-1.301371500665502,-3.879275595193532,MN_NORTH,False
2024-03-22,hvfhv,MN_NORTH,64727.0,11.114703006808748,0.01779814173272576,-2.065906837758252,-3.6101521527300617,MN_NORTH,False
2024-03-23,hvfhv,MN_NORTH,75087.0,11.149843930453304,0.09041951419606435,0.8467064932353076,7.95656559043767,MN_NORTH,False
2024-03-24,hvfhv,MN_NORTH,56529.0,10.979310194934557,0.01905201428202453,-1.9316138755301409,-3.61322042783937,MN_NORTH,False
2024-03-25,hvfhv,MN_NORTH,51547.0,10.872651660819608,0.036034019777304124,-0.6217005244678719,-2.2153299309966346,MN_NORTH,False
2024-03-26,hvfhv,MN_NORTH,51988.0,10.897642102641786,0.0643663546447748,-0.6039475305824794,-3.8128007346844295,MN_NORTH,False
2024-03-27,hvfhv,MN_NORTH,57328.0,10.95137678077527,0.07252784791489623,0.07125068395148702,0.5181034147916597,MN_NORTH,False
2024-03-28,hvfhv,MN_NORTH,62489.0,11.011073770560046,0.030177025042693012,1.0495418163261991,3.217894637159313,MN_NORTH,False
2024-03-29,hvfhv,MN_NORTH,62319.0,11.110557338235033,0.02409719534331514,-2.9271333459064057,-6.810553345826209,MN_NORTH,False
2024-03-30,hvfhv,MN_NORTH,63098.0,11.169201094693554,0.0961331858507715,-1.214531083666463,-11.019838214410537,MN_NORTH,False
2024-03-31,hvfhv,MN_NORTH,58176.0,10.961047375160184,0.036702462382730006,0.277387448035563,1.0232803065244767,MN_NORTH,False
2024-04-01,hvfhv,MN_NORTH,52294.0,10.86777076118421,0.036657703172646494,-0.08548927495373738,-0.31289351132020027,MN_NORTH,False
2024-04-02,hvfhv,MN_NORTH,62376.0,10.880355967087864,0.028963446443226397,5.5442261754428195,17.419158483655938,MN_NORTH,True
2024-04-03,hvfhv,MN_NORTH,69151.0,10.935692966267123,0.0332154575814058,6.27282738846977,23.16501209436361,MN_NORTH,True
2024-04-04,hvfhv,MN_NORTH,59978.0,11.009052283268359,0.030450899143890115,-0.2403599294346141,-0.7292456030064454,MN_NORTH,False
2024-04-05,hvfhv,MN_NORTH,66420.0,11.101218252838951,0.034110897456071314,0.07432352359100215,0.2538458535598753,MN_NORTH,False
2024-04-06,hvfhv,MN_NORTH,66300.0,11.148936087166325,0.08549310679240198,-0.5496456118558875,-4.590393066258425,MN_NORTH,False
2024-04-07,hvfhv,MN_NORTH,56268.0,10.96872950783024,0.0324123179963102,-0.9517443015388662,-3.0377287130865405,MN_NORTH,False
2024-04-08,hvfhv,MN_NORTH,51786.0,10.87024651767425,0.03487219321266997,-0.440792356614754,-1.5253859321648355,MN_NORTH,False
2024-04-09,hvfhv,MN_NORTH,54206.0,10.875011315364045,0.02666390952647868,0.9576827816052027,2.5864392585356777,MN_NORTH,False
2024-04-10,hvfhv,MN_NORTH,54816.0,10.950834101612962,0.03723492363587527,-1.0500008237279483,-3.834228812110252,MN_NORTH,False
2024-04-11,hvfhv,MN_NORTH,61109.0,10.999711620007226,0.017448132710394013,1.1865346371203398,2.091860364340681,MN_NORTH,False
2024-04-12,hvfhv,MN_NORTH,67330.0,11.099504841476946,0.034110897456071314,0.5234790461135147,1.801671766612989,MN_NORTH,False
2024-04-13,hvfhv,MN_NORTH,71627.0,11.116290581560605,0.046649216294157476,1.3491501096373468,6.4959526633011855,MN_NORTH,False
2024-04-14,hvfhv,MN_NORTH,59393.0,10.963546044867098,0.0380803671036227,0.7454132031939361,2.879231892587275,MN_NORTH,False
2024-04-15,hvfhv,MN_NORTH,53139.0,10.859756021083111,0.02420664391418566,0.8638281255230488,2.113053365239881,MN_NORTH,False
2024-04-16,hvfhv,MN_NORTH,53892.0,10.891642112586549,0.0433967488428294,0.07132355237943663,0.3100005398570138,MN_NORTH,False
2024-04-17,hvfhv,MN_NORTH,58483.0,10.950834101612962,0.047197557827500625,0.5436148026619457,2.59892725447608,MN_NORTH,False
2024-04-18,hvfhv,MN_NORTH,62754.0,11.004509737595225,0.027179967984037788,1.5624691836296254,4.338252401119158,MN_NORTH,False
2024-04-19,hvfhv,MN_NORTH,67775.0,11.090843599517228,0.03308572440671299,1.000584857767887,3.36591451145829,MN_NORTH,False
2024-04-20,hvfhv,MN_NORTH,70205.0,11.116290581560605,0.027244395192657558,1.5740570008944554,4.38170461874805,MN_NORTH,False
2024-04-21,hvfhv,MN_NORTH,59234.0,10.963546044867098,0.03462001547823246,0.7424876942758883,2.6038156335849827,MN_NORTH,False
2024-04-22,hvfhv,MN_NORTH,51169.0,10.87024651767425,0.019119075473330433,-1.4308933925720202,-2.6986535504371467,MN_NORTH,False
2024-04-23,hvfhv,MN_NORTH,51297.0,10.899891544076414,0.0206207965740039,-2.6431565804990855,-5.304527343814591,MN_NORTH,False
2024-04-24,hvfhv,MN_NORTH,53808.0,10.965605371012373,0.02325282338978045,-3.1148018379631774,-6.986722762687403,MN_NORTH,False
2024-04-25,hvfhv,MN_NORTH,57264.0,11.01493524248934,0.025841473851836612,-2.3028024571943395,-5.777182475292086,MN_NORTH,False
2024-04-26,hvfhv,MN_NORTH,63559.0,11.10546690629274,0.03796903283976856,-1.204745433585481,-4.471257856741517,MN_NORTH,False
2024-04-27,hvfhv,MN_NORTH,66621.0,11.115637207580054,0.049368918874605025,-0.17950738318158252,-0.8822932901601965,MN_NORTH,False
2024-04-28,hvfhv,MN_NORTH,57289.0,10.980239578936239,0.04796555616027092,-0.5081910581365159,-2.4080979430419425,MN_NORTH,False
2024-04-29,hvfhv,MN_NORTH,54272.0,10.862548194867898,0.023296187066583728,1.6833451831234474,3.999460358961171,MN_NORTH,False
2024-04-30,hvfhv,MN_NORTH,54135.0,10.897642102641786,0.04927980262280382,0.0323480009734131,0.15953743609795623,MN_NORTH,False
2024-05-01,hvfhv,MN_NORTH,56677.0,10.965605371012373,0.056319622198986376,-0.36366734241965976,-2.027328390217842,MN_NORTH,False
2024-05-02,hvfhv,MN_NORTH,59473.0,11.008371209524519,0.02678997230261499,-0.5634011981385234,-1.4980166513416715,MN_NORTH,False
2024-05-03,hvfhv,MN_NORTH,66648.0,11.096428189878274,0.03796903283976856,0.283181502722099,1.0810139632866145,MN_NORTH,False
2024-05-04,hvfhv,MN_NORTH,68782.0,11.10612174816182,0.022005289449632006,1.4803537893309018,3.3112007531589605,MN_NORTH,False
2024-05-05,hvfhv,MN_NORTH,60601.0,10.951612968480973,0.04012522473718814,1.5066259562757942,6.231841649690906,MN_NORTH,False
2024-05-06,hvfhv,MN_NORTH,52884.0,10.864390133943363,0.02800426950448185,0.40943687835848025,1.1531967001287446,MN_NORTH,False
2024-05-07,hvfhv,MN_NORTH,53319.0,10.896986764310368,0.0291083901203791,-0.4445022493087878,-1.2855399172907456,MN_NORTH,False
2024-05-08,hvfhv,MN_NORTH,58000.0,10.944399842373855,0.03758699413859421,0.6331564334979835,2.4083890066395774,MN_NORTH,False
2024-05-09,hvfhv,MN_NORTH,60312.0,11.01493524248934,0.03559040272689777,-0.21491396589398887,-0.7619696397355491,MN_NORTH,False
2024-05-10,hvfhv,MN_NORTH,71240.0,11.080916017799652,0.03471578713725937,2.675835038297213,9.73451027981862,MN_NORTH,False
2024-05-11,hvfhv,MN_NORTH,67901.0,11.10612174816182,0.0551335777062771,0.35702912156156585,1.987930597252885,MN_NORTH,False
2024-05-12,hvfhv,MN_NORTH,64328.0,10.951612968480973,0.057789299235533685,2.078884972412726,12.765167400559797,MN_NORTH,False
2024-05-13,hvfhv,MN_NORTH,55313.0,10.864390133943363,0.025978818879668162,2.1699642148938616,5.799235479052678,MN_NORTH,False
2024-05-14,hvfhv,MN_NORTH,59677.0,10.88939267115192,0.01974659606309045,5.4343186047291425,11.327853201246295,MN_NORTH,True
2024-05-15,hvfhv,MN_NORTH,62477.0,10.947780910780768,0.014465165624575371,6.551798968281126,9.940910391698532,MN_NORTH,True
2024-05-16,hvfhv,MN_NORTH,62398.0,11.008371209524519,0.022997974190833607,1.4313127219011819,3.346506095027646,MN_NORTH,False
2024-05-17,hvfhv,MN_NORTH,64391.0,11.097796385466715,0.04515297963816186,-0.5551623590314957,-2.4755660430003212,MN_NORTH,False
2024-05-18,hvfhv,MN_NORTH,66534.0,11.10144821716722,0.0551335777062771,0.07291667222228235,0.4028248684887936,MN_NORTH,False
2024-05-19,hvfhv,MN_NORTH,56804.0,10.94549335295903,0.08959437036167238,0.020857022582219456,0.18704188610869643,MN_NORTH,False
2024-05-20,hvfhv,MN_NORTH,52076.0,10.85697112661862,0.047204190457507324,0.0738989984757525,0.3494433745855785,MN_NORTH,False
2024-05-21,hvfhv,MN_NORTH,54823.0,10.88969874534273,0.04018068728059115,0.5516667103029553,2.241384638402444,MN_NORTH,False
2024-05-22,hvfhv,MN_NORTH,57700.0,10.944399842373855,0.02211791803074237,0.8415172755620851,1.878690442812081,MN_NORTH,False
2024-05-23,hvfhv,MN_NORTH,60443.0,11.002387798269046,0.028183701306430924,0.25079221538723107,0.7093291947267488,MN_NORTH,False
2024-05-24,hvfhv,MN_NORTH,63277.0,11.09052171501492,0.025538650009072555,-1.3800464013776286,-3.463066668476089,MN_NORTH,False
2024-05-25,hvfhv,MN_NORTH,57397.0,11.103895276593605,0.022005289449632006,-6.641492300961582,-13.597014852804069,MN_NORTH,True
2024-05-26,hvfhv,MN_NORTH,52053.0,10.948505002983358,0.052396335680916936,-1.6888069091786582,-8.468525908662528,MN_NORTH,False
2024-05-27,hvfhv,MN_NORTH,44450.0,10.864390133943363,0.04161826088421095,-3.899007059732134,-14.978829261766846,MN_NORTH,True
2024-05-28,hvfhv,MN_NORTH,50039.0,10.897292838501178,0.0291083901203791,-2.6361766423860415,-7.386462168089958,MN_NORTH,False
2024-05-29,hvfhv,MN_NORTH,56585.0,10.947780910780768,0.02642654473937872,-0.16202267163388095,-0.4272545974637443,MN_NORTH,False
2024-05-30,hvfhv,MN_NORTH,58940.0,11.008371209524519,0.02151018457328195,-1.1202113654925974,-2.3807963517912922,MN_NORTH,False
2024-05-31,hvfhv,MN_NORTH,65454.0,11.08233484798876,0.03632407642090411,0.18632371429426922,0.6790991755722953,MN_NORTH,False
2024-06-01,hvfhv,MN_NORTH,65915.0,11.083322681695154,0.07254216458678711,0.17643022605981573,1.2880883502239593,MN_NORTH,False
2024-06-02,hvfhv,MN_NORTH,56113.0,10.91928377425809,0.0664429205832154,0.23838535879963127,1.5965121630226564,MN_NORTH,False
2024-06-03,hvfhv,MN_NORTH,52487.0,10.831678827571931,0.05408371239958037,0.677504736117009,3.7321563452489936,MN_NORTH,False
2024-06-04,hvfhv,MN_NORTH,52712.0,10.88969874534273,0.048297243329900756,-0.35406436413501735,-1.6954951925384654,MN_NORTH,False
2024-06-05,hvfhv,MN_NORTH,56595.0,10.946968634640193,0.030674180377474918,-0.10734479399785567,-0.32872985373523234,MN_NORTH,False
2024-06-06,hvfhv,MN_NORTH,61224.0,11.002387798269046,0.02967149092398258,0.6709049528960831,2.0106210912421485,MN_NORTH,False
2024-06-07,hvfhv,MN_NORTH,63770.0,11.080916017799652,0.03796396942005742,-0.4709169974436257,-1.771901732958614,MN_NORTH,False
2024-06-08,hvfhv,MN_NORTH,63852.0,11.059346745513487,0.0708306100435299,0.07025830877107528,0.4988841908584396,MN_NORTH,False
2024-06-09,hvfhv,MN_NORTH,53702.0,10.912446724975666,0.0664429205832154,-0.31969096237704775,-2.101719576151495,MN_NORTH,False
2024-06-10,hvfhv,MN_NORTH,51309.0,10.814872187960956,0.07669744314896076,0.4009164470727446,3.1226908240508555,MN_NORTH,False
2024-06-11,hvfhv,MN_NORTH,53925.0,10.867123870539622,0.07246864887025359,0.38948705623407565,2.8627717398366004,MN_NORTH,False
2024-06-12,hvfhv,MN_NORTH,56979.0,10.935159299245175,0.06810758673852088,0.2243326972342941,1.5396075592199576,MN_NORTH,False
2024-06-13,hvfhv,MN_NORTH,61347.0,10.99088224246912,0.06065210305981329,0.5509999659178876,3.398400479779351,MN_NORTH,False
2024-06-14,hvfhv,MN_NORTH,66602.0,11.059157666141587,0.04650033885960202,1.0178897858989777,4.847027398498183,MN_NORTH,False
2024-06-15,hvfhv,MN_NORTH,61241.0,11.05378248445989,0.06849833556005697,-0.4556359708568725,-3.0728291652577844,MN_NORTH,False
2024-06-16,hvfhv,MN_NORTH,51553.0,10.897772760252298,0.05567539910369991,-0.8514905566446781,-4.630090999812664,MN_NORTH,False
2024-06-17,hvfhv,MN_NORTH,49613.0,10.831678827571931,0.048497782826283996,-0.4055990043201826,-1.9478447471403149,MN_NORTH,False
2024-06-18,hvfhv,MN_NORTH,55648.0,10.867123870539622,0.05409030595709156,1.1032946765309266,6.149420895288382,MN_NORTH,False
2024-06-19,hvfhv,MN_NORTH,51811.0,10.936729187413299,0.01750852065665623,-4.647532940860457,-7.814877212430471,MN_NORTH,True
2024-06-20,hvfhv,MN_NORTH,59724.0,10.949454535857324,0.07914969126806205,0.606884145972816,4.92070546122747,MN_NORTH,False
2024-06-21,hvfhv,MN_NORTH,65640.0,11.029146640481223,0.05610140220367318,1.1192929633885864,6.4807364846747095,MN_NORTH,False
2024-06-22,hvfhv,MN_NORTH,66325.0,11.019673572524919,0.05056987283478917,1.6343447560374977,8.616007187243913,MN_NORTH,False
2024-06-23,hvfhv,MN_NORTH,56934.0,10.8823404290393,0.03285611171154709,2.048555007160495,6.962439288790279,MN_NORTH,False
2024-06-24,hvfhv,MN_NORTH,49898.0,10.788432770328189,0.06677857906484752,0.4388148244276629,2.9737000635254196,MN_NORTH,False
2024-06-25,hvfhv,MN_NORTH,52138.0,10.846578196481016,0.04857410948917313,0.3102708863439399,1.518527421104987,MN_NORTH,False
2024-06-26,hvfhv,MN_NORTH,55649.0,10.900547870055991,0.06381065355244929,0.4117105149647366,2.6619655359089167,MN_NORTH,False
2024-06-27,hvfhv,MN_NORTH,54359.0,10.949454535857324,0.08277434805883854,-0.5568037045487981,-4.504309353578639,MN_NORTH,False
2024-06-28,hvfhv,MN_NORTH,59122.0,11.038088413814386,0.06885712330042086,-0.7367433728512109,-4.946474740334339,MN_NORTH,False
2024-06-29,hvfhv,MN_NORTH,60471.0,11.042289182202774,0.03524749412900241,-0.9183629289484829,-3.1851691272997473,MN_NORTH,False
2024-06-30,hvfhv,MN_NORTH,53625.0,10.896484621451425,0.044635594355257616,-0.15041729180683097,-0.6691476913329164,MN_NORTH,False
2024-07-01,hvfhv,MN_NORTH,47328.0,10.814872187960956,0.05365158462182076,-0.9322151955617876,-4.87846749457842,MN_NORTH,False
2024-07-02,hvfhv,MN_NORTH,47147.0,10.867123870539622,0.04710502385804867,-2.2523757029661056,-10.06636811834818,MN_NORTH,False
2024-07-03,hvfhv,MN_NORTH,50586.0,10.928389275258432,0.027676753095160014,-3.50326997441969,-9.240690865326883,MN_NORTH,True
2024-07-04,hvfhv,MN_NORTH,45662.0,10.94858000155726,0.07027868574069931,-3.1241090823460476,-19.71266354656941,MN_NORTH,False
2024-07-05,hvfhv,MN_NORTH,52906.0,11.038088413814386,0.06296717130836883,-2.5698531073783735,-14.940262383074431,MN_NORTH,False
2024-07-06,hvfhv,MN_NORTH,51886.0,11.03195437935252,0.02655816260756224,-6.594962862977488,-16.066896900506467,MN_NORTH,True
2024-07-07,hvfhv,MN_NORTH,47041.0,10.890488089990797,0.02181630696310479,-6.037376049190929,-12.340767735490044,MN_NORTH,True
2024-07-08,hvfhv,MN_NORTH,47104.0,10.805209904907123,0.050364201786508675,-0.8954118445029362,-4.409496134811464,MN_NORTH,False
2024-07-09,hvfhv,MN_NORTH,49808.0,10.87155289858374,0.0690470258075699,-0.8055670067146059,-5.41033883395311,MN_NORTH,False
2024-07-10,hvfhv,MN_NORTH,52635.0,10.909812530017033,0.04915557807939842,-0.7868070083345892,-3.7937588240142373,MN_NORTH,False
2024-07-11,hvfhv,MN_NORTH,54322.0,10.946160710697045,0.06977394064156109,-0.6230998262568661,-4.254459199983584,MN_NORTH,False
2024-07-12,hvfhv,MN_NORTH,60055.0,11.005230233035295,0.06953324606299861,-0.03184296968816696,-0.22116956356772466,MN_NORTH,False
2024-07-13,hvfhv,MN_NORTH,62520.0,11.014041144085041,0.026558162607563558,1.0994977657850162,2.963115941133765,MN_NORTH,False
2024-07-14,hvfhv,MN_NORTH,54412.0,10.862637942763179,0.05291536685579897,0.7880896697510289,4.258379878734164,MN_NORTH,False
2024-07-15,hvfhv,MN_NORTH,51534.0,10.771239716193708,0.03178193972167541,2.478053494855097,8.194175358695887,MN_NORTH,False
2024-07-16,hvfhv,MN_NORTH,53181.0,10.824981317707191,0.07459232595681393,0.7571174413759242,5.8100321711886505,MN_NORTH,False
2024-07-17,hvfhv,MN_NORTH,55824.0,10.86664222873111,0.044765333949053264,1.414418906547347,6.536443668358682,MN_NORTH,False
2024-07-18,hvfhv,MN_NORTH,54975.0,10.90302502631129,0.06809540516954586,0.1704783029452144,1.1676432603586084,MN_NORTH,False
2024-07-19,hvfhv,MN_NORTH,59648.0,11.000168932869865,0.0259254829806609,-0.15247680544858572,-0.3945231867613641,MN_NORTH,False
2024-07-20,hvfhv,MN_NORTH,60887.0,11.01061325610576,0.0560900029440833,0.10985398084782488,0.6180732494980967,MN_NORTH,False
2024-07-21,hvfhv,MN_NORTH,52834.0,10.883200876116693,0.054825161441972914,-0.15122024359536887,-0.8256401408937575,MN_NORTH,False
2024-07-22,hvfhv,MN_NORTH,46889.0,10.771239716193708,0.03138680309621987,-0.5002526315982634,-1.5578707572886374,MN_NORTH,False
2024-07-23,hvfhv,MN_NORTH,49919.0,10.823868278652196,0.08927535898433445,-0.0639740677135153,-0.5695029347349778,MN_NORTH,False
2024-07-24,hvfhv,MN_NORTH,52164.0,10.881971124814592,0.07230721644394972,-0.2741530515583696,-1.9628055420683355,MN_NORTH,False
2024-07-25,hvfhv,MN_NORTH,53414.0,10.90302502631129,0.06435768039342965,-0.2672076329411057,-1.704984136265697,MN_NORTH,False
2024-07-26,hvfhv,MN_NORTH,60666.0,10.991787141297232,0.018421599355392004,1.1590495814345623,2.1581122320226243,MN_NORTH,False
2024-07-27,hvfhv,MN_NORTH,62401.0,10.98874829871109,0.0611721896621687,0.859676291619936,5.3995605925186485,MN_NORTH,False
2024-07-28,hvfhv,MN_NORTH,54272.0,10.852646034521378,0.05442493641069214,0.9024849245491693,5.0343952806519265,MN_NORTH,False
2024-07-29,hvfhv,MN_NORTH,47936.0,10.758092309720558,0.01706398557627319,1.1445015040031457,1.9721710427540007,MN_NORTH,False
2024-07-30,hvfhv,MN_NORTH,50605.0,10.788478275997752,0.05348296253714521,0.8101157185366661,4.427972419531945,MN_NORTH,False
2024-07-31,hvfhv,MN_NORTH,56134.0,10.85944717164353,0.04080570460470567,1.8637050292225357,7.90163044786707,MN_NORTH,False
2024-08-01,hvfhv,MN_NORTH,58837.0,10.888349223694739,0.04256906399219923,2.2123334451064975,9.875416864296183,MN_NORTH,False
2024-08-02,hvfhv,MN_NORTH,64936.0,10.990160737938611,0.018421599355392004,4.939674821218267,9.526540237962777,MN_NORTH,True
2024-08-03,hvfhv,MN_NORTH,60555.0,10.958270074978461,0.07512416270105425,0.7059945172067156,5.4468920167202395,MN_NORTH,False
2024-08-04,hvfhv,MN_NORTH,50533.0,10.859212271967575,0.06331539395421931,-0.4553458957224122,-2.841877396669823,MN_NORTH,False
2024-08-05,hvfhv,MN_NORTH,48943.0,10.755804901349968,0.026526458699159386,1.6061975630306844,4.352742957538158,MN_NORTH,False
2024-08-06,hvfhv,MN_NORTH,56742.0,10.817043931736386,0.05661598673286262,2.2825006144805435,13.79472990781927,MN_NORTH,False
2024-08-07,hvfhv,MN_NORTH,53788.0,10.85944717164353,0.028702032892749023,1.1622347944788567,3.392113487901627,MN_NORTH,False
2024-08-08,hvfhv,MN_NORTH,58553.0,10.896777432461864,0.021353630236189365,3.789059406495732,8.427349570912067,MN_NORTH,True
2024-08-09,hvfhv,MN_NORTH,59714.0,10.999615993016928,0.021619993279880408,-0.10611544768263642,-0.22915855653645734,MN_NORTH,False
2024-08-10,hvfhv,MN_NORTH,55745.0,11.014041144085041,0.04188054131335032,-2.0414765951488394,-8.194515384860734,MN_NORTH,False
2024-08-11,hvfhv,MN_NORTH,49829.0,10.86492162616647,0.041473543014151924,-1.1710888386797613,-4.740858546790538,MN_NORTH,False
2024-08-12,hvfhv,MN_NORTH,46251.0,10.76684674211473,0.04758529350251208,-0.5255484614161297,-2.4698258875440193,MN_NORTH,False
2024-08-13,hvfhv,MN_NORTH,46020.0,10.827329607775106,0.06287335964502384,-1.4393734436443733,-8.652406220638575,MN_NORTH,False
2024-08-14,hvfhv,MN_NORTH,50636.0,10.85944717164353,0.04247044406648224,-0.6364215746013961,-2.666708957882946,MN_NORTH,False
2024-08-15,hvfhv,MN_NORTH,53684.0,10.909973693969754,0.05804812517765041,-0.3290960628546299,-1.8922095731466415,MN_NORTH,False
2024-08-16,hvfhv,MN_NORTH,58581.0,11.005230233035295,0.022342033430343834,-1.2113732714198713,-2.67015792529115,MN_NORTH,False
2024-08-17,hvfhv,MN_NORTH,57964.0,11.014041144085041,0.031456425986443895,-1.477082518505141,-4.540082335062778,MN_NORTH,False
2024-08-18,hvfhv,MN_NORTH,52925.0,10.849223696285762,0.03475004771888328,0.7887010670898017,2.7786437385926455,MN_NORTH,False
2024-08-19,hvfhv,MN_NORTH,46914.0,10.76658022611213,0.04798043012796762,-0.21902281266617593,-1.0453784145181833,MN_NORTH,False
2024-08-20,hvfhv,MN_NORTH,46884.0,10.827329607775106,0.033079991785265654,-2.1734546791531995,-6.9374057637639925,MN_NORTH,False
2024-08-21,hvfhv,MN_NORTH,47375.0,10.85944717164353,0.03777846398781518,-2.477528712892912,-8.935052865149428,MN_NORTH,False
2024-08-22,hvfhv,MN_NORTH,49656.0,10.914662869085188,0.039012610655879194,-2.6091143166385393,-9.677931182708544,MN_NORTH,False
2024-08-23,hvfhv,MN_NORTH,55741.0,11.013204618762932,0.02615993381871182,-3.23905167487716,-8.12427868609179,MN_NORTH,False
2024-08-24,hvfhv,MN_NORTH,55019.0,11.018456039423512,0.03054117711433868,-3.3732223199336206,-9.789303576074747,MN_NORTH,False
2024-08-25,hvfhv,MN_NORTH,48319.0,10.862673706681708,0.038140777586042805,-2.0212899298522107,-7.419677753125664,MN_NORTH,False
2024-08-26,hvfhv,MN_NORTH,45278.0,10.788016850772642,0.0388465076430309,-1.7360713375347652,-6.521648240249112,MN_NORTH,False
2024-08-27,hvfhv,MN_NORTH,46601.0,10.833275688077535,0.026067218596165804,-3.2185408910069238,-8.047533318864076,MN_NORTH,False
2024-08-28,hvfhv,MN_NORTH,51883.0,10.857269954649524,0.04393795933286221,-0.011914348030761798,-0.052335514115009474,MN_NORTH,False
2024-08-29,hvfhv,MN_NORTH,51907.0,10.929763474273356,0.05054395941397716,-1.4354739972140622,-6.998497723542574,MN_NORTH,False
2024-08-30,hvfhv,MN_NORTH,58930.0,11.022027512135278,0.03953360612134305,-0.9592328660057444,-3.7211901318780716,MN_NORTH,False
2024-08-31,hvfhv,MN_NORTH,56895.0,11.018456039423512,0.0512961625738882,-1.3547464984793702,-6.713361329009471,MN_NORTH,False
2024-09-01,hvfhv,MN_NORTH,51201.0,10.862673706681708,0.05827590832219382,-0.328769900743785,-1.8976990549844142,MN_NORTH,False
2024-09-02,hvfhv,MN_NORTH,40906.0,10.798942582869156,0.051486826174779385,-3.4943026342372008,-16.46550722738189,MN_NORTH,False
2024-09-03,hvfhv,MN_NORTH,50154.0,10.838005738791887,0.10102171543161606,-0.14998941366158342,-1.503797107190974,MN_NORTH,False
2024-09-04,hvfhv,MN_NORTH,51617.0,10.85984000861724,0.04393795933286221,-0.18739272755088326,-0.8199850352544558,MN_NORTH,False
2024-09-05,hvfhv,MN_NORTH,54465.0,10.92088489587854,0.05054395941397716,-0.30807486280325924,-1.5450717117442947,MN_NORTH,False
2024-09-06,hvfhv,MN_NORTH,60674.0,10.990713677791549,0.039006304694501386,0.5782878329933578,2.28132013443052,MN_NORTH,False
2024-09-07,hvfhv,MN_NORTH,61427.0,10.991658567037042,0.06509521327485762,0.5214851929510792,3.4528937078049493,MN_NORTH,False
2024-09-08,hvfhv,MN_NORTH,51789.0,10.869805592709383,0.04961296821367426,-0.2997712646554591,-1.4762492218567624,MN_NORTH,False
2024-09-09,hvfhv,MN_NORTH,48995.0,10.78227302779573,0.0668538784491681,0.2572850472283011,1.7349283739475752,MN_NORTH,False
2024-09-10,hvfhv,MN_NORTH,51949.0,10.82879963122964,0.06362688954655439,0.4592101868021498,2.9649152768386644,MN_NORTH,False
2024-09-11,hvfhv,MN_NORTH,50793.0,10.85984000861724,0.043358247161511015,-0.5610508130156625,-2.4032683010575595,MN_NORTH,False
2024-09-12,hvfhv,MN_NORTH,56135.0,10.911535599309898,0.05054395941397716,0.47442234168048314,2.4268996058139924,MN_NORTH,False
2024-09-13,hvfhv,MN_NORTH,61746.0,10.998688063519186,0.03910234356103275,0.8208308920119668,3.261705671187931,MN_NORTH,False
2024-09-14,hvfhv,MN_NORTH,61647.0,11.020672241900073,0.07831729533657855,0.1086299478466932,0.8543896216082203,MN_NORTH,False
2024-09-15,hvfhv,MN_NORTH,52597.0,10.87291395927154,0.04961296821367426,-0.05038191591394417,-0.2496475002998988,MN_NORTH,False
2024-09-16,hvfhv,MN_NORTH,49438.0,10.793725751465203,0.056302916242388486,0.26195600082583864,1.485818830173824,MN_NORTH,False
2024-09-17,hvfhv,MN_NORTH,51086.0,10.843234150062429,0.047820234673533996,-0.041162157069312956,-0.19664480133869677,MN_NORTH,False
2024-09-18,hvfhv,MN_NORTH,53728.0,10.85984000861724,0.041063357278939984,0.7756197586007358,3.2362176032284973,MN_NORTH,False
2024-09-19,hvfhv,MN_NORTH,55493.0,10.926636204498067,0.041349674062168794,-0.06345972256734428,-0.26205990636710697,MN_NORTH,False
2024-09-20,hvfhv,MN_NORTH,61754.0,11.022027512135278,0.047412023666553595,0.18743172928916788,0.8926119904293373,MN_NORTH,False
2024-09-21,hvfhv,MN_NORTH,62117.0,11.027392301249925,0.047584952762554256,0.19717748314475483,0.9426836565192609,MN_NORTH,False
2024-09-22,hvfhv,MN_NORTH,54745.0,10.869805592709383,0.03369514484624834,1.205981656513522,4.147265565070701,MN_NORTH,False
2024-09-23,hvfhv,MN_NORTH,50616.0,10.803974084654406,0.03042111202096045,0.9220217246821233,2.844600111677975,MN_NORTH,False
2024-09-24,hvfhv,MN_NORTH,50754.0,10.847950379913303,0.026067218596165804,-0.506562229971749,-1.3117869219124056,MN_NORTH,False
2024-09-25,hvfhv,MN_NORTH,52205.0,10.891298549374536,0.03937469540465159,-0.7203863892487067,-2.7966484987231754,MN_NORTH,False
2024-09-26,hvfhv,MN_NORTH,57472.0,10.929763474273356,0.033125458217541835,0.8842044446951931,2.972283869855019,MN_NORTH,False
2024-09-27,hvfhv,MN_NORTH,62985.0,11.030849252392173,0.032684315063342954,0.6058756120742724,2.000000214001263,MN_NORTH,False
2024-09-28,hvfhv,MN_NORTH,71679.0,11.032977414039593,0.02224649176999465,6.606690355433164,15.83257952377426,MN_NORTH,True
2024-09-29,hvfhv,MN_NORTH,60260.0,10.879691416320831,0.04114827967839046,3.0798953772547826,13.51132167094895,MN_NORTH,False
2024-09-30,hvfhv,MN_NORTH,50783.0,10.811760874136636,0.027811168492008684,0.8469999295806773,2.383569306768485,MN_NORTH,False
2024-10-01,hvfhv,MN_NORTH,53729.0,10.847950379913303,0.017251559939785326,2.536454222846931,4.4729282514200275,MN_NORTH,False
2024-10-02,hvfhv,MN_NORTH,55228.0,10.891298549374536,0.039699528608561595,0.7034542131939815,2.8320409292695414,MN_NORTH,False
2024-10-03,hvfhv,MN_NORTH,55147.0,10.954526177560368,0.02824341601198103,-1.301845054490552,-3.610079740030936,MN_NORTH,False
2024-10-04,hvfhv,MN_NORTH,58711.0,11.04860753984858,0.026328436982870098,-2.5913106086149593,-6.594985902045591,MN_NORTH,False
2024-10-05,hvfhv,MN_NORTH,60824.0,11.059487912178398,0.047584952762551626,-0.9193701523342539,-4.280503708156269,MN_NORTH,False
2024-10-06,hvfhv,MN_NORTH,52533.0,10.899704894535216,0.04607679803862859,-0.6621135429078436,-3.0047397417146904,MN_NORTH,False
2024-10-07,hvfhv,MN_NORTH,49764.0,10.81942222165969,0.021123713703934757,-0.20711848714805867,-0.43655547669614325,MN_NORTH,False
2024-10-08,hvfhv,MN_NORTH,51623.0,10.851097959148884,0.030609993399628024,0.02040606267856929,0.06248245654985052,MN_NORTH,False
2024-10-09,hvfhv,MN_NORTH,53686.0,10.902934118611253,0.022123800454295718,-0.5436036979403647,-1.1954549477730447,MN_NORTH,False
2024-10-10,hvfhv,MN_NORTH,58315.0,10.954526177560368,0.03366428111913389,0.567023887937195,1.927180081601798,MN_NORTH,False
2024-10-11,hvfhv,MN_NORTH,62728.0,11.054006483986454,0.034332911561680945,-0.21679740334065484,-0.7415653423643587,MN_NORTH,False
2024-10-12,hvfhv,MN_NORTH,64423.0,11.098967479404557,0.10747423492773786,-0.2395131096546725,-2.5413000728934154,MN_NORTH,False
2024-10-13,hvfhv,MN_NORTH,55970.0,10.899704894535216,0.044328704886978855,0.7414206535919761,3.3412277360179488,MN_NORTH,False
2024-10-14,hvfhv,MN_NORTH,48435.0,10.822031299898573,0.018894238339223705,-1.802312822919889,-3.348003935012489,MN_NORTH,False
2024-10-15,hvfhv,MN_NORTH,53496.0,10.847950379913303,0.025943392424956194,1.5191453444075438,4.019873247928718,MN_NORTH,False
2024-10-16,hvfhv,MN_NORTH,55077.0,10.902934118611253,0.020991993416051877,0.6456445678330935,1.3645629743602283,MN_NORTH,False
2024-10-17,hvfhv,MN_NORTH,56954.0,10.971363147251203,0.03182402091240568,-0.6713150375039352,-2.1137351250636316,MN_NORTH,False
2024-10-18,hvfhv,MN_NORTH,63409.0,11.059410161480173,0.031963967203055305,-0.0641057876405788,-0.20469773720677154,MN_NORTH,False
2024-10-19,hvfhv,MN_NORTH,62677.0,11.152686910604334,0.03952455208877806,-2.7055860670248295,-10.141778769246368,MN_NORTH,False
2024-10-20,hvfhv,MN_NORTH,53582.0,10.941179798396618,0.05155684887557414,-1.0126943320317614,-5.087173233256237,MN_NORTH,False
2024-10-21,hvfhv,MN_NORTH,50464.0,10.820294377166885,0.019830655948966307,0.43977933046310524,0.8759252291236308,MN_NORTH,False
2024-10-22,hvfhv,MN_NORTH,51235.0,10.879750450839744,0.014506821444656115,-2.452107082287823,-3.4947021939895406,MN_NORTH,False
2024-10-23,hvfhv,MN_NORTH,53878.0,10.917856417582179,0.028368083070452958,-0.824127143650596,-2.3107737943899753,MN_NORTH,False
2024-10-24,hvfhv,MN_NORTH,58053.0,10.977270952548293,0.03853571271529376,-0.21173313262214857,-0.8126090535782948,MN_NORTH,False
2024-10-25,hvfhv,MN_NORTH,66085.0,11.062764763680223,0.020989500052792553,1.7119182172661511,3.6585675052214217,MN_NORTH,False
2024-10-26,hvfhv,MN_NORTH,71592.0,11.151230344627965,0.038290376084561116,0.7184121193789866,2.789011596463409,MN_NORTH,False
2024-10-27,hvfhv,MN_NORTH,57792.0,10.941179798396618,0.06747467224300006,0.34717972835309313,2.370237850465773,MN_NORTH,False
2024-10-28,hvfhv,MN_NORTH,51420.0,10.820294377166885,0.018894238339223705,1.4548405264863862,2.7869387143613977,MN_NORTH,False
2024-10-29,hvfhv,MN_NORTH,53441.0,10.880021704505982,0.029641312959950872,0.21293982870619052,0.6331777591231269,MN_NORTH,False
2024-10-30,hvfhv,MN_NORTH,56479.0,10.917856417582179,0.028079834663333504,0.8464347931792796,2.4052453110110283,MN_NORTH,False
2024-10-31,hvfhv,MN_NORTH,64474.0,10.977270952548293,0.03853571271529376,2.5105638737809683,10.15809422216918,MN_NORTH,False
2024-11-01,hvfhv,MN_NORTH,69321.0,11.062764763680223,0.03864684026331652,2.166759438180472,8.734441371407442,MN_NORTH,False
2024-11-02,hvfhv,MN_NORTH,69716.0,11.111750777401806,0.09519090314983605,0.42477113780632036,4.126294671314978,MN_NORTH,False
2024-11-03,hvfhv,MN_NORTH,52968.0,10.941179798396618,0.054515807595322534,-1.169139092005393,-6.174786156155299,MN_NORTH,False
2024-11-04,hvfhv,MN_NORTH,49505.0,10.827278567031076,0.04433308249159971,-0.3936025309714901,-1.7298250655558345,MN_NORTH,False
2024-11-05,hvfhv,MN_NORTH,50320.0,10.886604774276538,0.03581930383197354,-1.687550466803295,-5.865623086050309,MN_NORTH,False
2024-11-06,hvfhv,MN_NORTH,54797.0,10.936990427477264,0.04671365665901046,-0.548013202051551,-2.5274806531646488,MN_NORTH,False
2024-11-07,hvfhv,MN_NORTH,58743.0,11.0380002442366,0.08533958184094977,-0.6687748760186201,-5.547485350937875,MN_NORTH,False
2024-11-08,hvfhv,MN_NORTH,64098.0,11.086364950970726,0.07408550099590185,-0.24561499284172442,-1.8031952944204899,MN_NORTH,False
2024-11-09,hvfhv,MN_NORTH,71265.0,11.151230344627965,0.0626277406888796,0.36613579555868336,2.3195177034021963,MN_NORTH,False
2024-11-10,hvfhv,MN_NORTH,58688.0,10.941179798396618,0.06444965118466392,0.6021872346262452,3.9573733210157114,MN_NORTH,False
2024-11-11,hvfhv,MN_NORTH,48269.0,10.838398985291324,0.05855606178122073,-0.9197027944590864,-5.242972286058823,MN_NORTH,False
2024-11-12,hvfhv,MN_NORTH,53470.0,10.886847842172056,0.07662048759287622,0.0003678620641465894,0.0028186167944310725,MN_NORTH,False
2024-11-13,hvfhv,MN_NORTH,56857.0,10.936990427477264,0.05049188352474736,0.22388143160645088,1.1368329014912915,MN_NORTH,False
2024-11-14,hvfhv,MN_NORTH,59993.0,11.060266345988168,0.05774823939037736,-1.0092632930796068,-5.661723587819633,MN_NORTH,False
2024-11-15,hvfhv,MN_NORTH,64475.0,11.122600120384263,0.08798817241495,-0.5519752064592767,-4.740676250181918,MN_NORTH,False
2024-11-16,hvfhv,MN_NORTH,69786.0,11.163172863965352,0.04492176151926997,-0.2222568318914951,-0.9934492052085964,MN_NORTH,False
2024-11-17,hvfhv,MN_NORTH,56942.0,10.970257747445327,0.06883806240209338,-0.2973538449983354,-2.0261189303346194,MN_NORTH,False
2024-11-18,hvfhv,MN_NORTH,50289.0,10.880798703578273,0.09099677209249168,-0.6072419714264171,-5.375812356718401,MN_NORTH,False
2024-11-19,hvfhv,MN_NORTH,52742.0,10.910910296979804,0.07367796785608204,-0.5122686877621417,-3.7039529112405156,MN_NORTH,False
2024-11-20,hvfhv,MN_NORTH,55958.0,10.972196579326841,0.08949039454140573,-0.4451862259007678,-3.905671749608852,MN_NORTH,False
2024-11-21,hvfhv,MN_NORTH,65430.0,11.060266345988168,0.057589607104490396,0.4943565915280594,2.8878940151177313,MN_NORTH,False
2024-11-22,hvfhv,MN_NORTH,72599.0,11.122600120384263,0.0746718690411508,0.9388583295061489,7.262220161504951,MN_NORTH,False
2024-11-23,hvfhv,MN_NORTH,69583.0,11.1717976289895,0.0283335510778484,-0.7595964697828056,-2.1292118325677123,MN_NORTH,False
2024-11-24,hvfhv,MN_NORTH,58449.0,10.972298096196397,0.054546830386585234,0.06621396499123844,0.3618292189237149,MN_NORTH,False
2024-11-25,hvfhv,MN_NORTH,54930.0,10.88095342203742,0.09380131932202392,0.35033093923158426,3.3407406846948318,MN_NORTH,False
2024-11-26,hvfhv,MN_NORTH,59812.0,10.910910296979804,0.05830783532257139,1.5101107979195576,9.204413341793604,MN_NORTH,False
2024-11-27,hvfhv,MN_NORTH,62144.0,10.94495939463662,0.06279389888313923,1.4690942695891176,9.663911973868933,MN_NORTH,False
2024-11-28,hvfhv,MN_NORTH,66816.0,11.060266345988168,0.0420506959749013,1.175521704648879,5.067362471559034,MN_NORTH,False
2024-11-29,hvfhv,MN_NORTH,52312.0,11.15669135806565,0.04906410443752846,-5.945492986547056,-25.301508549416173,MN_NORTH,True
2024-11-30,hvfhv,MN_NORTH,55390.0,11.161311675628482,0.01770597916961094,-13.507150455242972,-21.27089876156113,MN_NORTH,True
2024-12-01,hvfhv,MN_NORTH,53180.0,10.977950206865067,0.05091004540667589,-1.8957465328719,-9.200149065076591,MN_NORTH,False
2024-12-02,hvfhv,MN_NORTH,55517.0,10.869678285318027,0.10688284073191323,0.5123953802647563,5.6293702330315165,MN_NORTH,False
2024-12-03,hvfhv,MN_NORTH,57058.0,10.95216590181941,0.08308902619209692,-0.004120020484000793,-0.03422699021952136,MN_NORTH,False
2024-12-04,hvfhv,MN_NORTH,59641.0,10.947202976820336,0.08949039454140573,0.5463777362768736,5.0110670601519525,MN_NORTH,False
2024-12-05,hvfhv,MN_NORTH,64625.0,11.024249269483054,0.09544961360138395,0.5459146492230668,5.34888203863968,MN_NORTH,False
2024-12-06,hvfhv,MN_NORTH,70748.0,11.071100635961745,0.1759609090287786,0.5443192531886399,10.051572472606196,MN_NORTH,False
2024-12-07,hvfhv,MN_NORTH,73733.0,11.151732129590725,0.0812411233265766,0.6951357545683938,5.8098690747680815,MN_NORTH,False
2024-12-08,hvfhv,MN_NORTH,59857.0,10.962849171510914,0.09222859228062552,0.39970784318366737,3.755241434823775,MN_NORTH,False
2024-12-09,hvfhv,MN_NORTH,57183.0,10.883156031654838,0.07331673077033236,0.9664356006857892,7.342653260952869,MN_NORTH,False
2024-12-10,hvfhv,MN_NORTH,58069.0,10.945651526276036,0.06484794894202967,0.3660210034887869,2.401964535056722,MN_NORTH,False
2024-12-11,hvfhv,MN_NORTH,61828.0,10.959881710148004,0.04725183168652667,1.5286159826223322,7.490244123753298,MN_NORTH,False
2024-12-12,hvfhv,MN_NORTH,62725.0,11.05928709980543,0.05920006978090642,-0.21573840399298713,-1.2690516154106102,MN_NORTH,False
2024-12-13,hvfhv,MN_NORTH,72176.0,11.077371792934448,0.15769426031964529,0.694324996304814,11.571010393287384,MN_NORTH,False
2024-12-14,hvfhv,MN_NORTH,76031.0,11.138379416054313,0.07478350245736169,1.344106808073939,10.574245551367323,MN_NORTH,False
2024-12-15,hvfhv,MN_NORTH,61924.0,10.940759754222592,0.07832808155028938,1.1860797506972867,9.735567229475883,MN_NORTH,False
2024-12-16,hvfhv,MN_NORTH,59753.0,10.883156031654838,0.06928871546562465,1.6571045560869544,12.16699998778854,MN_NORTH,False
2024-12-17,hvfhv,MN_NORTH,56103.0,10.960605405475745,0.04409408775838732,-0.5819564654455065,-2.533439832990436,MN_NORTH,False
2024-12-18,hvfhv,MN_NORTH,62206.0,10.971528941824966,0.047880466426322085,1.3925886744474119,6.895100161546552,MN_NORTH,False
2024-12-19,hvfhv,MN_NORTH,65416.0,11.044366479517375,0.05660552021425729,0.7800595446752319,4.51450465638481,MN_NORTH,False
2024-12-20,hvfhv,MN_NORTH,71308.0,11.078734803551914,0.16464249215959437,0.583257683118361,10.079098484035942,MN_NORTH,False
2024-12-21,hvfhv,MN_NORTH,70929.0,11.109501280743515,0.13312085481987912,0.4502177741229772,6.1765803985122325,MN_NORTH,False
2024-12-22,hvfhv,MN_NORTH,60990.0,10.941233696226517,0.07832808155028938,0.9860001360355115,8.029213406529244,MN_NORTH,False
2024-12-23,hvfhv,MN_NORTH,54947.0,10.883156031654838,0.09120700777958729,0.3395389494079221,3.145283890834305,MN_NORTH,False
2024-12-24,hvfhv,MN_NORTH,58678.0,10.960605405475745,0.04172012906624114,0.46056288576918797,1.940053428155064,MN_NORTH,False
2024-12-25,hvfhv,MN_NORTH,48870.0,11.014105075640302,0.03837395601945135,-5.659726228539258,-19.521980245547198,MN_NORTH,True
2024-12-26,hvfhv,MN_NORTH,43672.0,11.044366479517375,0.03659728054467638,-9.834174307471487,-30.225671894435123,MN_NORTH,True
2024-12-27,hvfhv,MN_NORTH,48088.0,11.099867001672933,0.10519739765648553,-3.03314591484349,-27.31819129890529,MN_NORTH,False
2024-12-28,hvfhv,MN_NORTH,51174.0,11.14558476845913,0.08575836254105068,-3.52849436423321,-26.1103852410939,MN_NORTH,True
2024-12-29,hvfhv,MN_NORTH,45244.0,10.96858202036281,0.06429604152060894,-3.8689267772698583,-22.02303135726923,MN_NORTH,True
2024-12-30,hvfhv,MN_NORTH,45274.0,10.898776637370759,0.07525291636534036,-2.369189803118419,-16.32989511349001,MN_NORTH,False
2024-12-31,hvfhv,MN_NORTH,62791.0,10.945651526276036,0.025532352460903306,3.991622157192211,10.728990599472077,MN_NORTH,True
2025-01-01,hvfhv,MN_NORTH,56733.0,10.983843811003805,0.07608016041743997,-0.49595689337917026,-3.702947969867698,MN_NORTH,False
2025-01-02,hvfhv,MN_NORTH,46918.0,11.04144845548592,0.029594952944613916,-9.639879472249097,-24.820513591987126,MN_NORTH,True
2025-01-03,hvfhv,MN_NORTH,56769.0,11.128714896989298,0.06972152370581537,-2.6099431889202864,-16.637299753653746,MN_NORTH,False
2025-01-04,hvfhv,MN_NORTH,61613.0,11.147113035214467,0.05701735836736449,-2.0780490782123686,-11.173474410098683,MN_NORTH,False
2025-01-05,hvfhv,MN_NORTH,53855.0,10.98594493593058,0.050207378991656636,-1.830296840649258,-8.779853358365852,MN_NORTH,False
2025-01-06,hvfhv,MN_NORTH,51663.0,10.878535092893497,0.08988073636154716,-0.28969451046495615,-2.570189147461077,MN_NORTH,False
2025-01-07,hvfhv,MN_NORTH,56358.0,10.95262021650365,0.048780478959007556,-0.26938516311254995,-1.305477474195249,MN_NORTH,False
2025-01-08,hvfhv,MN_NORTH,58190.0,10.974621267149264,0.08763935604237312,-0.035970934074690444,-0.3147505684040208,MN_NORTH,False
2025-01-09,hvfhv,MN_NORTH,62456.0,11.033833439941866,0.02263119332803307,0.37046865963875847,0.841939325793839,MN_NORTH,False
2025-01-10,hvfhv,MN_NORTH,64907.0,11.11430068052979,0.07265106949969766,-0.46234591784750806,-3.3032047668442366,MN_NORTH,False
2025-01-11,hvfhv,MN_NORTH,67947.0,11.119686171506032,0.07023712317076077,0.09677356761482939,0.6820249679272861,MN_NORTH,False
2025-01-12,hvfhv,MN_NORTH,55923.0,10.98594493593058,0.050207378991656636,-1.0797996924363245,-5.27705392925254,MN_NORTH,False
2025-01-13,hvfhv,MN_NORTH,50563.0,10.878535092893497,0.061535789771847836,-0.7728791743200357,-4.6446484691765715,MN_NORTH,False
2025-01-14,hvfhv,MN_NORTH,53750.0,10.952725576875874,0.03326626930452651,-1.8224655831099,-5.882542029883464,MN_NORTH,False
2025-01-15,hvfhv,MN_NORTH,58197.0,10.974561122975013,0.06607084166702745,-0.04498258083004851,-0.29676248459903354,MN_NORTH,False
2025-01-16,hvfhv,MN_NORTH,61512.0,11.04144845548592,0.03413517406803234,-0.42363629800398933,-1.435684216512012,MN_NORTH,False
2025-01-17,hvfhv,MN_NORTH,64651.0,11.114018877576749,0.04276988959604127,-0.8711742289772425,-3.657441253295768,MN_NORTH,False
2025-01-18,hvfhv,MN_NORTH,65678.0,11.118157904750694,0.04292887642558979,-0.5972346330184233,-2.5312733513571772,MN_NORTH,False
2025-01-19,hvfhv,MN_NORTH,56996.0,10.970278890704563,0.04614787985600719,-0.42347604808413974,-1.9352804570915039,MN_NORTH,False
2025-01-20,hvfhv,MN_NORTH,49259.0,10.863069205636721,0.061638354257057236,-0.9445715304475796,-5.655936356878099,MN_NORTH,False
2025-01-21,hvfhv,MN_NORTH,59351.0,10.937666337303941,0.04212668464902435,1.2713535906707012,5.501808798611285,MN_NORTH,False
2025-01-22,hvfhv,MN_NORTH,62428.0,10.971528941824966,0.027586259974412882,2.5462034325286904,7.276586067019686,MN_NORTH,False
2025-01-23,hvfhv,MN_NORTH,62360.0,11.034602572256073,0.030507432978573328,0.19918919169328855,0.609525182263404,MN_NORTH,False
2025-01-24,hvfhv,MN_NORTH,67442.0,11.095144433976207,0.0493537674050274,0.48382961435031774,2.4166196021600195,MN_NORTH,False
2025-01-25,hvfhv,MN_NORTH,70593.0,11.109263567941994,0.025671744134065096,2.1588989120709154,5.698730930493245,MN_NORTH,False
2025-01-26,hvfhv,MN_NORTH,59067.0,10.952915975136797,0.0398309211497247,0.8413487739129633,3.407953894591431,MN_NORTH,False
2025-01-27,hvfhv,MN_NORTH,53286.0,10.841736249738254,0.05437548937228202,0.7667546946172078,4.257400663415445,MN_NORTH,False
2025-01-28,hvfhv,MN_NORTH,56154.0,10.94538856674821,0.04212668464902435,-0.2263499119938461,-0.9490053863496883,MN_NORTH,False
2025-01-29,hvfhv,MN_NORTH,54934.0,10.974621267149264,0.008979884110503936,-6.763285891421879,-5.892601954368526,MN_NORTH,True
2025-01-30,hvfhv,MN_NORTH,60839.0,11.043864035043057,0.01710633897359481,-1.6296722169974376,-2.749272749164744,MN_NORTH,False
2025-01-31,hvfhv,MN_NORTH,68762.0,11.104848291944638,0.028401051140342897,1.181584922389425,3.4127683846616685,MN_NORTH,False
2025-02-01,hvfhv,MN_NORTH,68155.0,11.118157904750694,0.014603685312022748,0.7793852723517192,1.1446917497222264,MN_NORTH,False
2025-02-02,hvfhv,MN_NORTH,59010.0,10.95956502087768,0.04054662536446909,0.6387012221300373,2.623542467400042,MN_NORTH,False
2025-02-03,hvfhv,MN_NORTH,52767.0,10.867963024229784,0.05315804323114683,0.106818267293236,0.569440188946646,MN_NORTH,False
2025-02-04,hvfhv,MN_NORTH,54674.0,10.937666337303941,0.020520676699704376,-1.3899532768077798,-2.8119847305811185,MN_NORTH,False
2025-02-05,hvfhv,MN_NORTH,58551.0,10.97745688593856,0.023577120495156773,0.008336996063242594,0.019658168039726753,MN_NORTH,False
2025-02-06,hvfhv,MN_NORTH,62662.0,11.04144845548592,0.022352208556147994,0.18172820774563891,0.4070288012896217,MN_NORTH,False
2025-02-07,hvfhv,MN_NORTH,66808.0,11.118385457243367,0.028382949772044832,-0.310304055111871,-0.8768673365533552,MN_NORTH,False
2025-02-08,hvfhv,MN_NORTH,66825.0,11.12657892214007,0.015452552044042757,-1.0837291526487043,-1.6606939955828626,MN_NORTH,False
2025-02-09,hvfhv,MN_NORTH,59515.0,10.95956502087768,0.039110862057427635,0.8800276422893158,3.5017815615541847,MN_NORTH,False
2025-02-10,hvfhv,MN_NORTH,55601.0,10.864393351274003,0.043640244282399314,1.410695916733701,6.349761643998253,MN_NORTH,False
2025-02-11,hvfhv,MN_NORTH,57871.0,10.92877185087522,0.031248833433751396,1.1904387961496772,3.790039716792437,MN_NORTH,False
2025-02-12,hvfhv,MN_NORTH,60055.0,10.974621267149264,0.013004705476906906,2.1834266750407942,2.8801796634216004,MN_NORTH,False
2025-02-13,hvfhv,MN_NORTH,63706.0,11.033833439941866,0.021886269150408186,1.2885059811522883,2.860198967097194,MN_NORTH,False
2025-02-14,hvfhv,MN_NORTH,67404.0,11.113944692499683,0.020431550327442184,0.22097930643502112,0.45251575633924457,MN_NORTH,False
2025-02-15,hvfhv,MN_NORTH,66749.0,11.118253558396493,0.02321153645661741,-0.41181950783357013,-0.9513421853733051,MN_NORTH,False
2025-02-16,hvfhv,MN_NORTH,57245.0,10.97474833022433,0.03205921732705488,-0.6130139942571723,-1.946089248814109,MN_NORTH,False
2025-02-17,hvfhv,MN_NORTH,49280.0,10.878535092893497,0.03524077349506413,-2.0788844120108863,-7.06422238714125,MN_NORTH,False
2025-02-18,hvfhv,MN_NORTH,56046.0,10.929734418017425,0.042847505289050763,0.09787368144745748,0.42024487095493335,MN_NORTH,False
2025-02-19,hvfhv,MN_NORTH,58884.0,10.974432218234902,0.06607084166702745,0.13458989500717808,0.8932123091164978,MN_NORTH,False
2025-02-20,hvfhv,MN_NORTH,63395.0,11.032881500383162,0.027930421613472714,0.8685430143018047,2.455541043557141,MN_NORTH,False
2025-02-21,hvfhv,MN_NORTH,69795.0,11.113944692499683,0.013946905731700503,2.8230606275400394,4.015834923946637,MN_NORTH,False
2025-02-22,hvfhv,MN_NORTH,67960.0,11.109263567941994,0.02921267788970881,0.5960086202849516,1.7563462954729214,MN_NORTH,False
2025-02-23,hvfhv,MN_NORTH,57759.0,10.970278890704563,0.05575611007991027,-0.11199544405391507,-0.6224974370333425,MN_NORTH,False
2025-02-24,hvfhv,MN_NORTH,53629.0,10.87845063581157,0.03524077349506413,0.3233359708488058,1.1459775554639728,MN_NORTH,False
2025-02-25,hvfhv,MN_NORTH,57028.0,10.916379598066206,0.04660955960037304,0.7491608268138713,3.5534849670134427,MN_NORTH,False
2025-02-26,hvfhv,MN_NORTH,58175.0,10.971717513414719,0.06607084166702745,-0.007666396120381691,-0.05063969819718572,MN_NORTH,False
2025-02-27,hvfhv,MN_NORTH,63175.0,11.020534993638933,0.04579733367577597,0.7233813839906073,3.368381241075724,MN_NORTH,False
2025-02-28,hvfhv,MN_NORTH,66179.0,11.113944692499683,0.028315744187398875,-0.48828741183580293,-1.3731078238862104,MN_NORTH,False
2025-03-01,hvfhv,MN_NORTH,68077.0,11.103461231587662,0.030722800856152175,0.8115622335500507,2.5246903333118187,MN_NORTH,False
2025-03-02,hvfhv,MN_NORTH,61193.0,10.932741049819409,0.06609116592628798,1.3473363921824302,9.31320684571697,MN_NORTH,False
2025-03-03,hvfhv,MN_NORTH,54322.0,10.868651231930336,0.026540600061648607,1.2823126981546233,3.4619109123028124,MN_NORTH,False
2025-03-04,hvfhv,MN_NORTH,55471.0,10.891060658180368,0.0708849385504854,0.45926515751977764,3.309069345964888,MN_NORTH,False
2025-03-05,hvfhv,MN_NORTH,62392.0,10.968496283350309,0.032002790465323123,2.2715537177545575,7.540362654159938,MN_NORTH,False
2025-03-06,hvfhv,MN_NORTH,59597.0,11.0352970799403,0.03601245906350321,-1.1089651960112776,-3.9149610010608127,MN_NORTH,False
2025-03-07,hvfhv,MN_NORTH,67394.0,11.100163800602042,0.03799825083017068,0.4775870248703538,1.8313137548570557,MN_NORTH,False
2025-03-08,hvfhv,MN_NORTH,66054.0,11.109263567941994,0.031997926320332735,-0.3448879634591559,-1.0975029693765292,MN_NORTH,False
2025-03-09,hvfhv,MN_NORTH,54742.0,10.949615400735755,0.07679705583226733,-0.5108123225521827,-3.8469393527115536,MN_NORTH,False
2025-03-10,hvfhv,MN_NORTH,51800.0,10.886552621422883,0.045686021706856636,-0.6874573885384889,-3.0919110399296623,MN_NORTH,False
2025-03-11,hvfhv,MN_NORTH,52732.0,10.924866980415572,0.050063968277557255,-1.036458381605611,-5.056596024093329,MN_NORTH,False
2025-03-12,hvfhv,MN_NORTH,57860.0,10.961464699906902,0.047006851585260113,0.09183509377128099,0.43262097660541343,MN_NORTH,False
2025-03-13,hvfhv,MN_NORTH,61395.0,11.00964353932322,0.0678416459278266,0.22759085603288928,1.5559953064389065,MN_NORTH,False
2025-03-14,hvfhv,MN_NORTH,66185.0,11.109214871611258,0.05090667747179155,-0.1769068796205981,-0.8965311232831397,MN_NORTH,False
2025-03-15,hvfhv,MN_NORTH,65201.0,11.117684585331368,0.04511661260338607,-0.7193470040898515,-3.193350425257302,MN_NORTH,False
2025-03-16,hvfhv,MN_NORTH,53658.0,10.935360486420311,0.03976921949099053,-1.1308905586207123,-4.397826883607969,MN_NORTH,False
2025-03-17,hvfhv,MN_NORTH,50978.0,10.873460593441472,0.03524077349506413,-0.9736207225059307,-3.37291947432804,MN_NORTH,False
2025-03-18,hvfhv,MN_NORTH,50935.0,10.898296700763698,0.04588508576697674,-1.3074207171408805,-5.822709573007645,MN_NORTH,False
2025-03-19,hvfhv,MN_NORTH,52649.0,10.95874999508672,0.032002790465323123,-2.7293704638646137,-8.364136779485476,MN_NORTH,False
2025-03-20,hvfhv,MN_NORTH,56141.0,11.00964353932322,0.04929023862494771,-1.501755297187682,-7.134862244502305,MN_NORTH,False
2025-03-21,hvfhv,MN_NORTH,58925.0,11.100163800602042,0.05090667747179155,-2.281489945244757,-10.965217037051467,MN_NORTH,False
2025-03-22,hvfhv,MN_NORTH,58725.0,11.112451222042164,0.0547518691991214,-2.4077792127171054,-12.351037585285429,MN_NORTH,False
2025-03-23,hvfhv,MN_NORTH,53420.0,10.92863954885423,0.03976921949099053,-1.0736711139113941,-4.180029479704849,MN_NORTH,False
2025-03-24,hvfhv,MN_NORTH,53277.0,10.859403308903905,0.03758079612006803,0.6348106182364833,2.41435357435984,MN_NORTH,False
2025-03-25,hvfhv,MN_NORTH,49632.0,10.875314324239298,0.03440057585108259,-1.8291338649510342,-6.098446739285313,MN_NORTH,False
2025-03-26,hvfhv,MN_NORTH,52264.0,10.945935962314282,0.030235139459457022,-2.7078719416353345,-7.8610927106549155,MN_NORTH,False
2025-03-27,hvfhv,MN_NORTH,56003.0,10.99126641375132,0.049279705902793985,-1.1791035067250042,-5.644995530717645,MN_NORTH,False
2025-03-28,hvfhv,MN_NORTH,61572.0,11.095457883510868,0.037888264034912265,-1.7814324435320978,-6.52679635313268,MN_NORTH,False
2025-03-29,hvfhv,MN_NORTH,61048.0,11.113311282384927,0.0547518691991214,-1.7149289109012713,-8.962216597217731,MN_NORTH,False
2025-03-30,hvfhv,MN_NORTH,49549.0,10.928397836451467,0.025017912668576277,-4.703848801883071,-11.101994454769127,MN_NORTH,True
2025-03-31,hvfhv,MN_NORTH,52243.0,10.852522731605191,0.0326991516291457,0.34063446297846095,1.1200721536546165,MN_NORTH,False
2025-04-01,hvfhv,MN_NORTH,52511.0,10.875314324239298,0.03440057585108259,-0.19000768549349403,-0.6515058173480415,MN_NORTH,False
2025-04-02,hvfhv,MN_NORTH,56396.0,10.938828445940993,0.03212982634920108,0.04124102725786036,0.13259453334815152,MN_NORTH,False
2025-04-03,hvfhv,MN_NORTH,59111.0,10.977872273055468,0.05476023966673249,0.16983194901409557,0.9343417960057332,MN_NORTH,False
2025-04-04,hvfhv,MN_NORTH,64036.0,11.090652380587464,0.054025486091661946,-0.4340854305260685,-2.3178822945551736,MN_NORTH,False
2025-04-05,hvfhv,MN_NORTH,70745.0,11.091728976759448,0.08184706542981701,0.9176647259883607,7.800074638999366,MN_NORTH,False
2025-04-06,hvfhv,MN_NORTH,56621.0,10.902571198307134,0.03013033573255367,1.3794742340543615,4.2439898600586945,MN_NORTH,False
2025-04-07,hvfhv,MN_NORTH,55564.0,10.852522731605191,0.01817055543482765,4.004723860703459,7.54810575858329,MN_NORTH,True
2025-04-08,hvfhv,MN_NORTH,55610.0,10.870877855660027,0.015048003041871488,3.6709498508124465,5.679470575765655,MN_NORTH,True
2025-04-09,hvfhv,MN_NORTH,57052.0,10.925542640137392,0.04304818450234724,0.6080575013446503,2.6521365823193532,MN_NORTH,False
2025-04-10,hvfhv,MN_NORTH,61324.0,10.969613852782388,0.030333980305227114,1.790490700575768,5.581471398533178,MN_NORTH,False
2025-04-11,hvfhv,MN_NORTH,68588.0,11.078854084703693,0.0354259558559231,1.609520060007539,5.867569912032722,MN_NORTH,False
2025-04-12,hvfhv,MN_NORTH,70199.0,11.058775969557129,0.07973327256847526,1.2581118535542208,10.551730566086759,MN_NORTH,False
2025-04-13,hvfhv,MN_NORTH,55636.0,10.91085950664508,0.029879944862759886,0.5263144277599189,1.5850554268694417,MN_NORTH,False
2025-04-14,hvfhv,MN_NORTH,49604.0,10.85678061226152,0.0326991516291457,-1.3747713747652284,-4.395840516811067,MN_NORTH,False
2025-04-15,hvfhv,MN_NORTH,52361.0,10.880643105496183,0.03555548486073118,-0.41416358584032015,-1.461789296126903,MN_NORTH,False
2025-04-16,hvfhv,MN_NORTH,55556.0,10.933045996611963,0.04304818450234724,-0.1834966251694511,-0.7868079908708969,MN_NORTH,False
2025-04-17,hvfhv,MN_NORTH,56741.0,10.97268813587986,0.018168645445857317,-1.4550233532891883,-2.6089436445174696,MN_NORTH,False
2025-04-18,hvfhv,MN_NORTH,58542.0,11.078854084703693,0.03932574011816837,-2.5773033149060276,-9.638722840872859,MN_NORTH,False
2025-04-19,hvfhv,MN_NORTH,60983.0,11.101434519172102,0.09122248633883302,-0.9107853416043008,-7.972625416917822,MN_NORTH,False
2025-04-20,hvfhv,MN_NORTH,55865.0,10.925713254192154,0.016989581831328007,0.2931261545297205,0.4992512052532705,MN_NORTH,False
2025-04-21,hvfhv,MN_NORTH,51529.0,10.859721740302355,0.04921188698813886,-0.19957993770725183,-0.977362991461872,MN_NORTH,False
2025-04-22,hvfhv,MN_NORTH,52979.0,10.884019812555792,0.03767607140104086,-0.16904429570857463,-0.6348686341378196,MN_NORTH,False
2025-04-23,hvfhv,MN_NORTH,55600.0,10.945935962314282,0.0515785232257983,-0.3877094733415259,-1.979885862398889,MN_NORTH,False
2025-04-24,hvfhv,MN_NORTH,58281.0,10.97752899022844,0.0315863194134443,-0.14238985754176273,-0.44874725926443704,MN_NORTH,False
2025-04-25,hvfhv,MN_NORTH,65565.0,11.059719503279913,0.05732139186787857,0.5421674469671481,3.1565749035241453,MN_NORTH,False
2025-04-26,hvfhv,MN_NORTH,68513.0,11.05464088265375,0.07973327256847526,1.005074820470995,8.343646825934115,MN_NORTH,False
2025-04-27,hvfhv,MN_NORTH,55838.0,10.925713254192154,0.017347944639664995,0.2592045384717837,0.45067911570619845,MN_NORTH,False
2025-04-28,hvfhv,MN_NORTH,51403.0,10.852841163003639,0.05706638604023235,-0.09443996507930846,-0.5374851025457872,MN_NORTH,False
2025-04-29,hvfhv,MN_NORTH,53338.0,10.880643105496183,0.03767607140104086,0.09982984116716542,0.3768278398651681,MN_NORTH,False
2025-04-30,hvfhv,MN_NORTH,57252.0,10.934877171686626,0.019697535684419423,1.0326511876087656,2.0548965121560903,MN_NORTH,False
2025-05-01,hvfhv,MN_NORTH,58848.0,10.97268813587986,0.021180168737474657,0.47331971942458106,1.0075410092778014,MN_NORTH,False
2025-05-02,hvfhv,MN_NORTH,65546.0,11.059719503279913,0.0568178935954453,0.5418708787183397,3.126681287674793,MN_NORTH,False
2025-05-03,hvfhv,MN_NORTH,67908.0,11.0824581481888,0.08630835177521883,0.5034388659731063,4.440879482382809,MN_NORTH,False
2025-05-04,hvfhv,MN_NORTH,53893.0,10.926774443841909,0.005451800021129817,-5.873026410442363,-3.1511398571118066,MN_NORTH,True
2025-05-05,hvfhv,MN_NORTH,59158.0,10.832162943380844,0.0325842391494868,4.781580614221318,16.859732987842023,MN_NORTH,True
2025-05-06,hvfhv,MN_NORTH,55091.0,10.880643105496183,0.044627002628141337,0.8088944987264267,3.675800039859367,MN_NORTH,False
2025-05-07,hvfhv,MN_NORTH,54022.0,10.940659621015655,0.02241243585011267,-1.9414655024871883,-4.25798647145863,MN_NORTH,False
2025-05-08,hvfhv,MN_NORTH,57884.0,10.97268813587986,0.03003991058474647,-0.2161074682184024,-0.6470822495065143,MN_NORTH,False
2025-05-09,hvfhv,MN_NORTH,66522.0,11.047147882311602,0.07704297015377913,0.7546453177071906,5.986348986957468,MN_NORTH,False
2025-05-10,hvfhv,MN_NORTH,61841.0,11.0824581481888,0.08630835177521883,-0.5808973669843449,-4.8900213808383945,MN_NORTH,False
2025-05-11,hvfhv,MN_NORTH,55657.0,10.909798316995325,0.03062060568387592,0.5605642859804909,1.7312979959902552,MN_NORTH,False
2025-05-12,hvfhv,MN_NORTH,49855.0,10.829639285060729,0.04169629481276833,-0.3061474372041146,-1.2684084036015841,MN_NORTH,False
2025-05-13,hvfhv,MN_NORTH,53297.0,10.881027594660345,0.03767607140104086,0.06921445454136205,0.26111318133144046,MN_NORTH,False
2025-05-14,hvfhv,MN_NORTH,60466.0,10.925542640137392,0.030337735427825537,2.7785153126905353,8.794855405358625,MN_NORTH,False
2025-05-15,hvfhv,MN_NORTH,58241.0,10.962398470974634,0.02702838729312913,0.36799761563001004,0.9996011745152522,MN_NORTH,False
2025-05-16,hvfhv,MN_NORTH,63085.0,11.018003758662573,0.0837726383094498,0.408660206842341,3.482729048784683,MN_NORTH,False
2025-05-17,hvfhv,MN_NORTH,64664.0,11.028409496270047,0.07303266674070595,0.6647766993913344,4.974829369728795,MN_NORTH,False
2025-05-18,hvfhv,MN_NORTH,55539.0,10.889373815528636,0.058136766867121575,0.610060415119298,3.610339411693664,MN_NORTH,False
2025-05-19,hvfhv,MN_NORTH,51833.0,10.808204415598059,0.060003060181503844,0.7929241492432868,4.872786809221119,MN_NORTH,False
2025-05-20,hvfhv,MN_NORTH,55642.0,10.880643105496183,0.029617507717549275,1.5548399850990646,4.7127274113349715,MN_NORTH,False
2025-05-21,hvfhv,MN_NORTH,60945.0,10.919476033054238,0.03289973909914132,2.986378212289932,10.323973416108135,MN_NORTH,False
2025-05-22,hvfhv,MN_NORTH,60696.0,10.962398470974634,0.022941458965045538,2.2332758400997883,5.256980355563523,MN_NORTH,False
2025-05-23,hvfhv,MN_NORTH,59093.0,11.047147882311602,0.0717928596804597,-0.8396396176038525,-5.849924525927008,MN_NORTH,False
2025-05-24,hvfhv,MN_NORTH,52901.0,11.05464088265375,0.07303266674070595,-2.443610090645623,-16.34452934860926,MN_NORTH,False
2025-05-25,hvfhv,MN_NORTH,48172.0,10.889373815528636,0.05415660520946395,-1.9728082425963167,-10.133108803901592,MN_NORTH,False
2025-05-26,hvfhv,MN_NORTH,39683.0,10.826351427245935,0.04033352318618977,-5.892697812912552,-21.153973252892065,MN_NORTH,True
2025-05-27,hvfhv,MN_NORTH,49766.0,10.884451170422004,0.03754887239006088,-1.8472957264677914,-6.7012869120837815,MN_NORTH,False
2025-05-28,hvfhv,MN_NORTH,55804.0,10.9052189309846,0.031502671527051856,0.7739629123981631,2.468156845635572,MN_NORTH,False
2025-05-29,hvfhv,MN_NORTH,57446.0,10.947674510153028,0.04426225215980274,0.24685018057618577,1.0986053250120476,MN_NORTH,False
2025-05-30,hvfhv,MN_NORTH,62446.0,10.9904089040633,0.10095517534498051,0.5115989152767281,5.300560728860493,MN_NORTH,False
2025-05-31,hvfhv,MN_NORTH,65379.0,11.006966902948559,0.06601455283281513,1.2268428481288234,8.43594912303085,MN_NORTH,False
2025-06-01,hvfhv,MN_NORTH,53316.0,10.853353118472366,0.05033625687015361,0.6086792335508077,3.1112827695647605,MN_NORTH,False
2025-06-02,hvfhv,MN_NORTH,47079.0,10.808204415598059,0.028995533198703915,-1.6768822479664702,-4.745896818796636,MN_NORTH,False
2025-06-03,hvfhv,MN_NORTH,50667.0,10.884066681257844,0.055821276716891355,-0.9142856303816868,-4.975610064151437,MN_NORTH,False
2025-06-04,hvfhv,MN_NORTH,54886.0,10.897285463042676,0.03542461804469014,0.4439884943087781,1.585246076311897,MN_NORTH,False
2025-06-05,hvfhv,MN_NORTH,55752.0,10.943876694269779,0.05368895219096169,-0.283263698224746,-1.5093071543864744,MN_NORTH,False
2025-06-06,hvfhv,MN_NORTH,55053.0,10.9904089040633,0.084121209150934,-0.8839300841610624,-7.166003109791641,MN_NORTH,False
2025-06-07,hvfhv,MN_NORTH,59245.0,11.006544748246007,0.09910474487228994,-0.17262625535449977,-1.6962568770827025,MN_NORTH,False
2025-06-08,hvfhv,MN_NORTH,51871.0,10.839781603450042,0.07521121150886433,0.22248734384821645,1.6874332609952747,MN_NORTH,False
2025-06-09,hvfhv,MN_NORTH,48998.0,10.797736630998969,0.05652150266766696,0.03181318346801433,0.17997465374941513,MN_NORTH,False
2025-06-10,hvfhv,MN_NORTH,53343.0,10.858510305604064,0.06343323834425046,0.4096863757602775,2.6328358959932796,MN_NORTH,False
2025-06-11,hvfhv,MN_NORTH,53200.0,10.9052189309846,0.0755340664226918,-0.30986357233683365,-2.313347713643943,MN_NORTH,False
2025-06-12,hvfhv,MN_NORTH,55779.0,10.914294005946807,0.07059149827148962,0.21048890964488023,1.496966718597803,MN_NORTH,False
2025-06-13,hvfhv,MN_NORTH,59513.0,10.944896299341654,0.05676325095980178,0.8641815768598146,5.027680761080511,MN_NORTH,False
2025-06-14,hvfhv,MN_NORTH,61359.0,10.965930899993063,0.08523558756908396,0.6871101651730298,6.0315217220521244,MN_NORTH,False
2025-06-15,hvfhv,MN_NORTH,50355.0,10.839781603450042,0.06708456908886619,-0.19271802060277973,-1.2845192524257865,MN_NORTH,False
2025-06-16,hvfhv,MN_NORTH,48960.0,10.798124552372478,0.0651664986027425,0.009734523525598046,0.06345660656410512,MN_NORTH,False
2025-06-17,hvfhv,MN_NORTH,50685.0,10.858764064605044,0.06503138344319975,-0.39025429638462233,-2.505944277205252,MN_NORTH,False
2025-06-18,hvfhv,MN_NORTH,54037.0,10.883970670140776,0.05748706289734632,0.23402841057728038,1.3544512933337582,MN_NORTH,False
2025-06-19,hvfhv,MN_NORTH,54172.0,10.909955664368471,0.06319489463312077,-0.15881370878891057,-0.9986020843617327,MN_NORTH,False
2025-06-20,hvfhv,MN_NORTH,57187.0,10.937355502066985,0.05676325095980178,0.29466911180116623,1.6867045782783086,MN_NORTH,False
2025-06-21,hvfhv,MN_NORTH,56572.0,10.968970851554444,0.06211656062744803,-0.4137609866747147,-2.537393966753765,MN_NORTH,False
2025-06-22,hvfhv,MN_NORTH,50482.0,10.835388802160303,0.046716160618026636,-0.1287923921636841,-0.5998622069661619,MN_NORTH,False
2025-06-23,hvfhv,MN_NORTH,50809.0,10.77814833275928,0.046965431704666986,1.2281469237291152,5.937641838014729,MN_NORTH,False
2025-06-24,hvfhv,MN_NORTH,54329.0,10.824058694504096,0.02854607848982768,2.7588636688910904,8.193893192368495,MN_NORTH,False
2025-06-25,hvfhv,MN_NORTH,53430.0,10.866932760145158,0.06323794206135225,0.30353462147829086,1.9380311379116444,MN_NORTH,False
2025-06-26,hvfhv,MN_NORTH,52228.0,10.895581107196925,0.049056028841586594,-0.6565366057860187,-3.169395421062293,MN_NORTH,False
2025-06-27,hvfhv,MN_NORTH,54737.0,10.946541081535589,0.03855405850355083,-0.9401320218962438,-3.5596887199291327,MN_NORTH,False
2025-06-28,hvfhv,MN_NORTH,59195.0,10.946309393701771,0.06191143714510027,0.6829588537069056,4.3189622249732995,MN_NORTH,False
2025-06-29,hvfhv,MN_NORTH,51544.0,10.828112657081924,0.03277601477823045,0.6736155657099295,2.2323966014552,MN_NORTH,False
2025-06-30,hvfhv,MN_NORTH,48860.0,10.795469937202192,0.05652150266766696,0.022016534430367732,0.1245182205959372,MN_NORTH,False
2025-07-01,hvfhv,MN_NORTH,49588.0,10.85894166347028,0.05579305905956233,-0.8502404476800418,-4.63299391438039,MN_NORTH,False
2025-07-02,hvfhv,MN_NORTH,48505.0,10.883970670140776,0.04222117060440283,-2.2393624902368847,-9.021639617610887,MN_NORTH,False
2025-07-03,hvfhv,MN_NORTH,52643.0,10.895581107196925,0.04840283849188337,-0.5018827964863815,-2.3999862746223455,MN_NORTH,False
2025-07-04,hvfhv,MN_NORTH,42290.0,10.937355502066985,0.028191818566191015,-10.11107427962439,-24.80230233068027,MN_NORTH,True
2025-07-05,hvfhv,MN_NORTH,47039.0,10.946309393701771,0.061285550583095975,-3.060706285151113,-17.10347725144815,MN_NORTH,False
2025-07-06,hvfhv,MN_NORTH,44234.0,10.828112657081924,0.02808799257857518,-4.65906040053133,-12.266261227906893,MN_NORTH,True
2025-07-07,hvfhv,MN_NORTH,45241.0,10.797736630998969,0.032356133421804205,-2.4099788335095957,-7.501485095100213,MN_NORTH,False
2025-07-08,hvfhv,MN_NORTH,54212.0,10.822444717887269,0.09071292118996839,0.8622018365481472,8.135279714472299,MN_NORTH,False
2025-07-09,hvfhv,MN_NORTH,50398.0,10.866932760145158,0.05592522063110693,-0.7014007091987092,-3.8466611774569226,MN_NORTH,False
2025-07-10,hvfhv,MN_NORTH,51889.0,10.881265660437663,0.02774431037905067,-0.8795879033974782,-2.4108200416939174,MN_NORTH,False
2025-07-11,hvfhv,MN_NORTH,56146.0,10.938582933084533,0.032459082376381225,-0.08848719683998117,-0.2868092353389695,MN_NORTH,False
2025-07-12,hvfhv,MN_NORTH,56427.0,10.924594362435329,0.05733155418618909,0.28097413601018056,1.6239128239740275,MN_NORTH,False
2025-07-13,hvfhv,MN_NORTH,48703.0,10.820487758818185,0.03654597191952314,-0.7385725042840295,-2.6630825551258397,MN_NORTH,False
2025-07-14,hvfhv,MN_NORTH,51405.0,10.767236631368307,0.04639029947630392,1.7299757172187407,8.356235680131064,MN_NORTH,False
2025-07-15,hvfhv,MN_NORTH,48928.0,10.822444717887269,0.09641613343915342,-0.25244332343860126,-2.4045789517136207,MN_NORTH,False
2025-07-16,hvfhv,MN_NORTH,51640.0,10.85691721784211,0.06972665350549892,-0.0697778057159585,-0.4853556126965808,MN_NORTH,False
2025-07-17,hvfhv,MN_NORTH,53704.0,10.867331291892334,0.026502979904615028,0.9022183094999496,2.419964529905605,MN_NORTH,False
2025-07-18,hvfhv,MN_NORTH,56331.0,10.936938150890597,0.032459082376381225,0.0635302423651922,0.2064261029596004,MN_NORTH,False
2025-07-19,hvfhv,MN_NORTH,56917.0,10.907823977169407,0.05064897715834565,0.8198658773290085,4.239960520696684,MN_NORTH,False
2025-07-20,hvfhv,MN_NORTH,51222.0,10.794060237171415,0.043234096941469985,1.1533528532919823,5.11283109396703,MN_NORTH,False
2025-07-21,hvfhv,MN_NORTH,45990.0,10.767236631368307,0.06154588714743501,-0.504621385340326,-3.058004495103017,MN_NORTH,False
2025-07-22,hvfhv,MN_NORTH,46756.0,10.804804628343414,0.09646867780734515,-0.5401417413412959,-5.077247773230653,MN_NORTH,False
2025-07-23,hvfhv,MN_NORTH,48918.0,10.861546711654203,0.04682311276903626,-1.359286087560712,-6.166289332684293,MN_NORTH,False
2025-07-24,hvfhv,MN_NORTH,52182.0,10.867331291892334,0.036467743902638086,-0.1326762929846016,-0.4826718847844358,MN_NORTH,False
2025-07-25,hvfhv,MN_NORTH,57992.0,10.93369404839037,0.021279096336958202,1.6150263171963557,3.496364509707428,MN_NORTH,False
2025-07-26,hvfhv,MN_NORTH,54498.0,10.92521585897373,0.03808201810606478,-0.5067109676203745,-1.9111589099848447,MN_NORTH,False
2025-07-27,hvfhv,MN_NORTH,49718.0,10.794060237171415,0.05402170963467425,0.3713707418440264,2.026467852287217,MN_NORTH,False
2025-07-28,hvfhv,MN_NORTH,48639.0,10.733934612311455,0.024021353971371458,2.424773598363432,5.997608325953352,MN_NORTH,False
2025-07-29,hvfhv,MN_NORTH,53771.0,10.769791574336146,0.04994630408598964,2.4565980460631693,13.054293753303936,MN_NORTH,False
2025-07-30,hvfhv,MN_NORTH,54824.0,10.815535539937216,0.046427382202978824,2.075236396211516,10.11419672343974,MN_NORTH,False
2025-07-31,hvfhv,MN_NORTH,55209.0,10.859677493728983,0.03463857409557014,1.7091860814182043,6.099141558184451,MN_NORTH,False
2025-08-01,hvfhv,MN_NORTH,55920.0,10.936938150890597,0.026832471817571295,-0.19605998354057724,-0.5246960345546836,MN_NORTH,False
2025-08-02,hvfhv,MN_NORTH,54337.0,10.925153828082266,0.03219470535562596,-0.6893417514072011,-2.1948698279249834,MN_NORTH,False
2025-08-03,hvfhv,MN_NORTH,48758.0,10.798663860698342,0.05059835508485276,-0.07983056296644207,-0.40311481919014236,MN_NORTH,False
2025-08-04,hvfhv,MN_NORTH,45784.0,10.727969147426089,0.058217971692733086,0.06391182232329967,0.3727747494620237,MN_NORTH,False
2025-08-05,hvfhv,MN_NORTH,47199.0,10.786757180776725,0.06678225311709485,-0.36879851635145483,-2.4328371967743956,MN_NORTH,False
2025-08-06,hvfhv,MN_NORTH,49186.0,10.849391799465561,0.04682311276903626,-0.9830079121516879,-4.49842918609461,MN_NORTH,False
2025-08-07,hvfhv,MN_NORTH,51126.0,10.876867826218204,0.033012339914796324,-1.054738114658363,-3.422015373663001,MN_NORTH,False
2025-08-08,hvfhv,MN_NORTH,56284.0,10.937355502066985,0.026832471817571295,0.0301902801452041,0.08104080444528705,MN_NORTH,False
2025-08-09,hvfhv,MN_NORTH,52681.0,10.94064101544745,0.03167251671352784,-2.1668905523070947,-6.632874420491753,MN_NORTH,False
2025-08-10,hvfhv,MN_NORTH,47622.0,10.80897706606736,0.03395929058930904,-1.1168356903300471,-3.7216728191967863,MN_NORTH,False
2025-08-11,hvfhv,MN_NORTH,46272.0,10.733934612311455,0.08117129159849759,0.10296365922476534,0.8392716227412889,MN_NORTH,False
2025-08-12,hvfhv,MN_NORTH,47928.0,10.779093591349111,0.04131732955482958,-0.039654730908390196,-0.1637086095618412,MN_NORTH,False
2025-08-13,hvfhv,MN_NORTH,53684.0,10.849391799465561,0.06824358611940334,0.6078004895516719,4.235073548849222,MN_NORTH,False
2025-08-14,hvfhv,MN_NORTH,53993.0,10.876867826218204,0.05695616160621378,0.346615023540813,1.9938020562887848,MN_NORTH,False
2025-08-15,hvfhv,MN_NORTH,57779.0,10.938582933084533,0.02956022018566173,0.8727179160791911,2.613337534131621,MN_NORTH,False
2025-08-16,hvfhv,MN_NORTH,54706.0,10.94496416490957,0.060081159336700045,-0.5864649365962177,-3.462195057666173,MN_NORTH,False
2025-08-17,hvfhv,MN_NORTH,42024.0,10.826714341885978,0.04075097018918155,-4.434696362153273,-16.532944696765007,MN_NORTH,True
2025-08-18,hvfhv,MN_NORTH,39694.0,10.739235783026203,0.05150627412412124,-2.9177117512295485,-13.95333849827054,MN_NORTH,False
2025-08-19,hvfhv,MN_NORTH,45132.0,10.786757180776725,0.04350579091906113,-1.5954283568254435,-6.705625296400896,MN_NORTH,False
2025-08-20,hvfhv,MN_NORTH,52630.0,10.868801019244119,0.05852715185226159,0.03828238745261,0.22430710319454317,MN_NORTH,False
2025-08-21,hvfhv,MN_NORTH,50122.0,10.89900241229837,0.04567129914948086,-1.6812987868671705,-7.391300332396266,MN_NORTH,False
2025-08-22,hvfhv,MN_NORTH,54573.0,10.96622050791226,0.04638066349295674,-1.2704857917973085,-5.722344343156516,MN_NORTH,False
2025-08-23,hvfhv,MN_NORTH,57094.0,10.925153828082266,0.05584720278710302,0.4888424463376727,2.767655594612206,MN_NORTH,False
2025-08-24,hvfhv,MN_NORTH,49209.0,10.826714341885978,0.09098747288524929,-0.2514909863937146,-2.2622709780866224,MN_NORTH,False
2025-08-25,hvfhv,MN_NORTH,45058.0,10.76373957257955,0.05659052567750234,-0.8487948162241157,-4.689837572931765,MN_NORTH,False
2025-08-26,hvfhv,MN_NORTH,45740.0,10.786757180776725,0.03432678442994976,-1.6322156045314715,-5.448801317410479,MN_NORTH,False
2025-08-27,hvfhv,MN_NORTH,47672.0,10.88095593143276,0.040506279041381356,-2.687396413152063,-10.314082878189623,MN_NORTH,False
2025-08-28,hvfhv,MN_NORTH,50543.0,10.910138199767955,0.029161380647075467,-2.72821313320753,-7.647597236084803,MN_NORTH,False
2025-08-29,hvfhv,MN_NORTH,55725.0,10.975920265654263,0.04711508669887905,-1.0131809308827993,-4.661465477875404,MN_NORTH,False
2025-08-30,hvfhv,MN_NORTH,56420.0,10.996518707166882,0.10106960119655825,-0.5534772270655711,-5.4403867761416596,MN_NORTH,False
2025-08-31,hvfhv,MN_NORTH,50986.0,10.839049141137474,0.08553872783827127,0.0030070949949130696,0.025725616504690407,MN_NORTH,False
2025-09-01,hvfhv,MN_NORTH,41666.0,10.76373957257955,0.06843956595512894,-1.8454068685068443,-11.86485801220144,MN_NORTH,False
2025-09-02,hvfhv,MN_NORTH,48828.0,10.775060438029925,0.05760324662798348,0.3645412539918161,2.1220785077636695,MN_NORTH,False
2025-09-03,hvfhv,MN_NORTH,51366.0,10.878210159921029,0.03237559342122974,-0.9722881536387814,-3.0988118881645987,MN_NORTH,False
2025-09-04,hvfhv,MN_NORTH,54252.0,10.908297616170723,0.05588966567357856,-0.12350188545464887,-0.6878711695420203,MN_NORTH,False
2025-09-05,hvfhv,MN_NORTH,59918.0,10.975920265654263,0.054880732562560236,0.4521071965354055,2.512235289307463,MN_NORTH,False
2025-09-06,hvfhv,MN_NORTH,62805.0,10.996518707166882,0.09341306750068812,0.5488660347664349,5.260838506281873,MN_NORTH,False
2025-09-07,hvfhv,MN_NORTH,53841.0,10.85678641695609,0.07106553622762285,0.5207041655574299,3.769729691145063,MN_NORTH,False
2025-09-08,hvfhv,MN_NORTH,48300.0,10.7748674080838,0.07002010936998249,0.14737811251245936,1.037286051803954,MN_NORTH,False
2025-09-09,hvfhv,MN_NORTH,49436.0,10.786757180776725,0.08188325378743976,0.26473058812698935,2.191365502240661,MN_NORTH,False
2025-09-10,hvfhv,MN_NORTH,53929.0,10.878210159921029,0.042950178815396,0.40077797480541205,1.736249146968194,MN_NORTH,False
2025-09-11,hvfhv,MN_NORTH,56047.0,10.910690340954957,0.04620629110878221,0.5032986183320945,2.352808149363983,MN_NORTH,False
2025-09-12,hvfhv,MN_NORTH,59128.0,11.001965738222236,0.05060450705999762,-0.28665181424085223,-1.4401170453148926,MN_NORTH,False
2025-09-13,hvfhv,MN_NORTH,62354.0,11.04931617615679,0.06326403563092071,-0.1380416701173808,-0.8695050618632849,MN_NORTH,False
2025-09-14,hvfhv,MN_NORTH,54160.0,10.88402850369587,0.05897544478173796,0.2656936958810267,1.5792812737889905,MN_NORTH,False
2025-09-15,hvfhv,MN_NORTH,50153.0,10.796314675144913,0.06220376157534247,0.4263236872300125,2.687369297890929,MN_NORTH,False
2025-09-16,hvfhv,MN_NORTH,51082.0,10.802246690249657,0.07152409073043797,0.5444427604803432,3.970890340129496,MN_NORTH,False
2025-09-17,hvfhv,MN_NORTH,54430.0,10.878210159921029,0.05955326881668467,0.4443180371621077,2.681378128084644,MN_NORTH,False
2025-09-18,hvfhv,MN_NORTH,55585.0,10.926965724127783,0.054676452839484156,-0.023722542204311702,-0.1296223635533722,MN_NORTH,False
2025-09-19,hvfhv,MN_NORTH,60609.0,11.001965738222236,0.057879791363597145,0.17679638122975183,1.0285473210747575,MN_NORTH,False
2025-09-20,hvfhv,MN_NORTH,64766.0,11.04931617615679,0.04302455307551476,0.6791442336562217,2.9650966283374602,MN_NORTH,False
2025-09-21,hvfhv,MN_NORTH,55208.0,10.894096901723124,0.04079349927972958,0.6071126040814883,2.507547864051518,MN_NORTH,False
2025-09-22,hvfhv,MN_NORTH,49416.0,10.81439977408633,0.051888922803397255,-0.12276679426803591,-0.6349989768138609,MN_NORTH,False
2025-09-23,hvfhv,MN_NORTH,47699.0,10.844669691122952,0.0588141061028274,-1.2242637625227861,-6.947280660275268,MN_NORTH,False
2025-09-24,hvfhv,MN_NORTH,50481.0,10.90004719851622,0.06683013589601403,-1.0578295363885202,-6.825386773177855,MN_NORTH,False
2025-09-25,hvfhv,MN_NORTH,57414.0,10.929807281547987,0.05059400711507497,0.5580932420535025,2.8638592870910307,MN_NORTH,False
2025-09-26,hvfhv,MN_NORTH,60066.0,11.022421943762566,0.045890301932873766,-0.4188838666423495,-1.9039129051597214,MN_NORTH,False
2025-09-27,hvfhv,MN_NORTH,62997.0,11.072563769763402,0.04207208815548497,-0.5162896714538878,-2.148717415396939,MN_NORTH,False
2025-09-28,hvfhv,MN_NORTH,52800.0,10.909280528443297,0.026320307669081156,-1.3303058303560535,-3.4408158851134685,MN_NORTH,False
2025-09-29,hvfhv,MN_NORTH,50079.0,10.815431574757511,0.051888922803397255,0.11419513926773735,0.5943053046837621,MN_NORTH,False
2025-09-30,hvfhv,MN_NORTH,51439.0,10.847006801052133,0.06798768242397542,0.016843014869181796,0.11457734434212608,MN_NORTH,False
2025-10-01,hvfhv,MN_NORTH,53390.0,10.921187141802257,0.04000116915606384,-0.8951838424601671,-3.517486402646164,MN_NORTH,False
2025-10-02,hvfhv,MN_NORTH,55270.0,10.963844486328973,0.055038160429072766,-0.7968824023140276,-4.2911046517792535,MN_NORTH,False
2025-10-03,hvfhv,MN_NORTH,61861.0,11.030781854776503,0.042722774403357026,0.043615071656695474,0.1865093995177869,MN_NORTH,False
2025-10-04,hvfhv,MN_NORTH,63997.0,11.084308123157093,0.051179716473780626,-0.346165202439666,-1.75606200257159,MN_NORTH,False
2025-10-05,hvfhv,MN_NORTH,53874.0,10.915473552247374,0.027768104073265402,-0.7587945667056267,-2.0849858884126604,MN_NORTH,False
2025-10-06,hvfhv,MN_NORTH,49387.0,10.839008824840063,0.03632814438279724,-0.8689217334714312,-3.107329926697089,MN_NORTH,False
2025-10-07,hvfhv,MN_NORTH,51680.0,10.846789228194801,0.0588141061028274,0.10264391761949491,0.6055169128324822,MN_NORTH,False
2025-10-08,hvfhv,MN_NORTH,57685.0,10.909906879804925,0.03878836733259188,1.3624077833268506,5.426682587142362,MN_NORTH,False
2025-10-09,hvfhv,MN_NORTH,58084.0,10.977347574318914,0.055362196360283056,-0.13912122666093557,-0.7672471833242933,MN_NORTH,False
2025-10-10,hvfhv,MN_NORTH,62904.0,11.04511353115336,0.05527425850811878,0.07691650024336734,0.4260552976291798,MN_NORTH,False
2025-10-11,hvfhv,MN_NORTH,66532.0,11.083070290717188,0.03610628412226344,0.6195049902530791,2.2620063127656076,MN_NORTH,False
2025-10-12,hvfhv,MN_NORTH,58102.0,10.915473552247374,0.027313888768705382,1.994656047310855,5.59932713203859,MN_NORTH,False
2025-10-13,hvfhv,MN_NORTH,51802.0,10.839934572452641,0.04773756791743012,0.31944369504895803,1.5366331475217043,MN_NORTH,False
2025-10-14,hvfhv,MN_NORTH,55055.0,10.850489028527303,0.03453409894337112,1.8995409762379143,6.779837580956483,MN_NORTH,False
2025-10-15,hvfhv,MN_NORTH,56919.0,10.926423270178935,0.031216261251325313,0.7355529596720674,2.322685123917023,MN_NORTH,False
2025-10-16,hvfhv,MN_NORTH,59869.0,10.983148605640569,0.05267441726160491,0.31828572872258026,1.6906845253044311,MN_NORTH,False
2025-10-17,hvfhv,MN_NORTH,63423.0,11.063278443256564,0.060573846149802664,-0.09404376567461689,-0.5680397776086643,MN_NORTH,False
2025-10-18,hvfhv,MN_NORTH,65518.0,11.09652142103057,0.03950490786473752,-0.16304880452061624,-0.6420527759803729,MN_NORTH,False
2025-10-19,hvfhv,MN_NORTH,55787.0,10.931260700402714,0.04863403621247039,-0.04039463387312247,-0.1962625613265434,MN_NORTH,False
2025-10-20,hvfhv,MN_NORTH,53525.0,10.856109785153414,0.06140409949565102,0.5177883653634777,3.2305167515822353,MN_NORTH,False
2025-10-21,hvfhv,MN_NORTH,53518.0,10.876123525259482,0.05238131565437996,0.22240372337107375,1.1717922835917438,MN_NORTH,False
2025-10-22,hvfhv,MN_NORTH,56436.0,10.942242221561681,0.03529288171177531,-0.03909258076177494,-0.13787384941874592,MN_NORTH,False
2025-10-23,hvfhv,MN_NORTH,60393.0,10.998282907277114,0.04657649423267796,0.22212010715408126,1.0399276387829781,MN_NORTH,False
2025-10-24,hvfhv,MN_NORTH,65301.0,11.06738685175251,0.0634712514445811,0.30526855685765475,1.9564705944177696,MN_NORTH,False
2025-10-25,hvfhv,MN_NORTH,67500.0,11.097759253470477,0.05788414030028858,0.3822052685826121,2.2370165524295826,MN_NORTH,False
2025-10-26,hvfhv,MN_NORTH,57527.0,10.936477198910564,0.05600677166075101,0.4201721003232374,2.381155655548439,MN_NORTH,False
2025-10-27,hvfhv,MN_NORTH,53131.0,10.872469823111938,0.052173193569626464,0.15421746999515049,0.8078474105312594,MN_NORTH,False
2025-10-28,hvfhv,MN_NORTH,54145.0,10.90193064472189,0.06618027487829106,-0.037922669013174606,-0.25065859134469903,MN_NORTH,False
2025-10-29,hvfhv,MN_NORTH,56258.0,10.94808269723967,0.03529288171177531,-0.2940866418380436,-1.0325487399987732,MN_NORTH,False
2025-10-30,hvfhv,MN_NORTH,64908.0,11.004271302045327,0.0376981001493252,2.0280825641413487,7.945346229152439,MN_NORTH,False
2025-10-31,hvfhv,MN_NORTH,70478.0,11.06738685175251,0.04011724154787735,2.38473603665527,10.039480782122556,MN_NORTH,False
2025-11-01,hvfhv,MN_NORTH,76334.0,11.097759253470477,0.03950490786473752,3.673327741478857,15.617191429824473,MN_NORTH,True
2025-11-02,hvfhv,MN_NORTH,54835.0,10.951833966648287,0.03913177768748146,-1.0157987651732763,-3.897034446832992,MN_NORTH,False
2025-11-03,hvfhv,MN_NORTH,51898.0,10.885018643307466,0.03356831274773641,-0.833616832390909,-2.759520994707265,MN_NORTH,False
2025-11-04,hvfhv,MN_NORTH,51299.0,10.91999600130543,0.04027392557060996,-1.8515568685553823,-7.185700025450837,MN_NORTH,False
2025-11-05,hvfhv,MN_NORTH,55003.0,10.956068468446816,0.024886088143274143,-1.6445115853321854,-4.009932197685906,MN_NORTH,False
2025-11-06,hvfhv,MN_NORTH,59674.0,11.02969832224587,0.05527755154051874,-0.597830904126354,-3.250655434250027,MN_NORTH,False
2025-11-07,hvfhv,MN_NORTH,64679.0,11.102514692954998,0.07270855841784508,-0.3482786712355446,-2.5004906313361386,MN_NORTH,False
2025-11-08,hvfhv,MN_NORTH,65356.0,11.134029011248305,0.053773542881408995,-0.8633331673900294,-4.536335094935029,MN_NORTH,False
2025-11-09,hvfhv,MN_NORTH,56594.0,10.964982523723517,0.04202522398390148,-0.5074160277336148,-2.109851745852198,MN_NORTH,False
2025-11-10,hvfhv,MN_NORTH,56454.0,10.885018643307466,0.03356831274773641,1.6730892419113572,5.77698565965532,MN_NORTH,False
2025-11-11,hvfhv,MN_NORTH,56506.0,10.91999600130543,0.07916501332513443,0.2792408407779843,2.2352255280195132,MN_NORTH,False
2025-11-12,hvfhv,MN_NORTH,56771.0,10.965411164144193,0.042915241456156,-0.43411740362986556,-1.8457782746822415,MN_NORTH,False
2025-11-13,hvfhv,MN_NORTH,61619.0,11.046956538558241,0.05344600906648287,-0.34111050300929624,-1.8065815763821158,MN_NORTH,False
2025-11-14,hvfhv,MN_NORTH,67916.0,11.102514692954998,0.07818790044028358,0.30071447562224457,2.3790825195530108,MN_NORTH,False
2025-11-15,hvfhv,MN_NORTH,70335.0,11.134029011248305,0.09022563475289286,0.29920331419586527,2.7363497015995497,MN_NORTH,False
2025-11-16,hvfhv,MN_NORTH,59041.0,10.951833966648287,0.05189117496609415,0.6581741533954231,3.474335537969142,MN_NORTH,False
2025-11-17,hvfhv,MN_NORTH,54837.0,10.895552003003619,0.03969856626130093,0.4173557420698683,1.6706442118437748,MN_NORTH,False
2025-11-18,hvfhv,MN_NORTH,55487.0,10.97193427924477,0.10180689920568232,-0.47177786138604644,-4.689503637861103,MN_NORTH,False
2025-11-19,hvfhv,MN_NORTH,58773.0,10.971188155364565,0.06421927705775492,0.15960455896067965,1.0302397384153839,MN_NORTH,False
2025-11-20,hvfhv,MN_NORTH,61739.0,11.052161058495798,0.038548058225472207,-0.5574848258269045,-2.126069361596583,MN_NORTH,False
2025-11-21,hvfhv,MN_NORTH,67391.0,11.14454140489942,0.09275762945308053,-0.28326131475427985,-2.593247290100842,MN_NORTH,False
2025-11-22,hvfhv,MN_NORTH,69437.0,11.14045384852621,0.09022563475289286,0.08557764243970678,0.7751183194568689,MN_NORTH,False
2025-11-23,hvfhv,MN_NORTH,58811.0,10.963344788882281,0.05478462126251417,0.34205588915655677,1.8916086866569204,MN_NORTH,False
2025-11-24,hvfhv,MN_NORTH,54350.0,10.89712680037088,0.042703374252850874,0.14221574488507435,0.6091570791279866,MN_NORTH,False
2025-11-25,hvfhv,MN_NORTH,62157.0,10.933003072124855,0.0758687489802978,1.3762669163142895,11.006175532406726,MN_NORTH,False
2025-11-26,hvfhv,MN_NORTH,61476.0,10.972043139766392,0.04418284133030219,1.2303191085977025,5.586358277478953,MN_NORTH,False
2025-11-27,hvfhv,MN_NORTH,64504.0,11.035875620907564,0.049363376429084185,0.7820959231335555,3.9361825477617574,MN_NORTH,False
2025-11-28,hvfhv,MN_NORTH,51542.0,11.14454140489942,0.08837260528331839,-3.331225957301543,-25.501345162208246,MN_NORTH,False
2025-11-29,hvfhv,MN_NORTH,53288.0,11.154599982913894,0.09022563475289286,-3.0050610290905735,-23.748533570322582,MN_NORTH,False
2025-11-30,hvfhv,MN_NORTH,52017.0,10.974382043596655,0.060602114498679686,-1.898550526423966,-10.86839284133867,MN_NORTH,False
2025-12-01,hvfhv,MN_NORTH,53217.0,10.907660160067035,0.06237735082844298,-0.40923486763958616,-2.5203928123077146,MN_NORTH,False
2025-12-02,hvfhv,MN_NORTH,62554.0,10.933003072124855,0.11339088157846312,0.9769955839864568,11.715177763633555,MN_NORTH,False
2025-12-03,hvfhv,MN_NORTH,59611.0,11.002885997421927,0.0474655808860345,-0.1535975648838535,-0.7264085701336298,MN_NORTH,False
2025-12-04,hvfhv,MN_NORTH,65736.0,11.030671100970006,0.048289579536634014,1.2990566338111955,6.474027762030454,MN_NORTH,False
2025-12-05,hvfhv,MN_NORTH,74050.0,11.11826675682705,0.11584755791807444,0.8133884266730379,9.881141398703196,MN_NORTH,False
2025-12-06,hvfhv,MN_NORTH,73815.0,11.107960231903714,0.07867355859591074,1.2883236995172878,10.667166416791684,MN_NORTH,False
2025-12-07,hvfhv,MN_NORTH,61415.0,10.966679895972977,0.03413189008823677,1.7206632228215852,6.048832711700536,MN_NORTH,False
2025-12-08,hvfhv,MN_NORTH,59951.0,10.903199892549356,0.034971401618499785,2.804661631932962,10.305427782888653,MN_NORTH,False
2025-12-09,hvfhv,MN_NORTH,60913.0,10.94210210618654,0.08845835955226308,0.8489846500369989,7.799171769369706,MN_NORTH,False
2025-12-10,hvfhv,MN_NORTH,61349.0,10.995595399782035,0.04608399145507489,0.6236167788047133,2.915569274127372,MN_NORTH,False
2025-12-11,hvfhv,MN_NORTH,63783.0,11.035875620907564,0.03391964396860796,0.8067996015594399,2.774425329342156,MN_NORTH,False
2025-12-12,hvfhv,MN_NORTH,72868.0,11.122146841631476,0.14243190522031482,0.5213580651356228,7.708468174853644,MN_NORTH,False
2025-12-13,hvfhv,MN_NORTH,77144.0,11.128067688769852,0.08466141530901475,1.4807382437772665,13.355804173563879,MN_NORTH,False
2025-12-14,hvfhv,MN_NORTH,64106.0,10.974382043596655,0.04642961575098264,2.022657244879544,9.846219668822641,MN_NORTH,False
2025-12-15,hvfhv,MN_NORTH,59676.0,10.892666532853202,0.02409849343096082,4.316397452294551,10.962117761830825,MN_NORTH,True
2025-12-16,hvfhv,MN_NORTH,59980.0,10.970552966838518,0.08582030435214413,0.36370746643363855,3.170573455561332,MN_NORTH,False
2025-12-17,hvfhv,MN_NORTH,61493.0,11.009964774934874,0.03333202741424725,0.5014351823154761,1.685430909450636,MN_NORTH,False
2025-12-18,hvfhv,MN_NORTH,62385.0,11.063241976146475,0.044715250788538934,-0.49562140233001467,-2.191806594233603,MN_NORTH,False
2025-12-19,hvfhv,MN_NORTH,74902.0,11.11826675682705,0.1397040086094255,0.7563785437744839,11.145405172797606,MN_NORTH,False
2025-12-20,hvfhv,MN_NORTH,66700.0,11.148175145635989,0.15604948930050294,-0.2577061540703477,-3.941702550513515,MN_NORTH,False
2025-12-21,hvfhv,MN_NORTH,57912.0,10.982084191220336,0.12781353908972176,-0.12052162358594724,-1.5286255972522422,MN_NORTH,False
2025-12-22,hvfhv,MN_NORTH,53083.0,10.903199892549356,0.13860132943248407,-0.17018514421330394,-2.33118675252999,MN_NORTH,False
2025-12-23,hvfhv,MN_NORTH,55362.0,11.017201895613866,0.029973465804653335,-3.1879255949246827,-9.112997225551167,MN_NORTH,False
2025-12-24,hvfhv,MN_NORTH,57679.0,11.026402133727203,0.003065992543908056,-20.793820610305985,-6.176394039950517,MN_NORTH,True
2025-12-25,hvfhv,MN_NORTH,47897.0,11.068862246255666,0.02235762539427078,-13.06284053641207,-25.32718596006648,MN_NORTH,True
2025-12-26,hvfhv,MN_NORTH,45678.0,11.204450341923334,0.020408735687608533,-23.278182865463705,-37.81636236556412,MN_NORTH,True
2025-12-27,hvfhv,MN_NORTH,44324.0,11.158638736935952,0.10783606019998654,-4.2597732709062095,-36.83104139954416,MN_NORTH,True
2025-12-28,hvfhv,MN_NORTH,44594.0,10.996044639973086,0.07532597361172826,-3.8590943631362515,-25.22525862314916,MN_NORTH,True
2025-12-29,hvfhv,MN_NORTH,46653.0,10.939409190829894,0.08678636552549192,-2.176801353490889,-17.214451755509653,MN_NORTH,False
2025-12-30,hvfhv,MN_NORTH,50134.0,11.009484173958434,0.031148692400879564,-6.004408529825181,-17.058071056494573,MN_NORTH,True
2025-12-31,hvfhv,MN_NORTH,64946.0,11.009964774934874,0.023041995727537446,3.096374996149415,7.395345744152593,MN_NORTH,False
2024-01-01,hvfhv,OUTER,378981.0,12.621063255695297,0.028349412518835222,7.90768045149275,25.129384899673624,OUTER,True
2024-01-02,hvfhv,OUTER,279089.0,12.686725377551063,0.04145683715203539,-3.5564548896873744,-13.708524577879933,OUTER,True
2024-01-03,hvfhv,OUTER,289941.0,12.703282481636872,0.04133182597681169,-3.044863024418307,-11.825267944240736,OUTER,False
2024-01-04,hvfhv,OUTER,319952.0,12.752790751931968,0.039008094289099286,-1.9704753541026796,-7.3984669083046795,OUTER,False
2024-01-05,hvfhv,OUTER,370831.0,12.899898182345984,0.03661510029171166,-2.0864744200490715,-7.355117556468693,OUTER,False
2024-01-06,hvfhv,OUTER,378969.0,12.946683479530858,0.04122134931292752,-2.4616805295854194,-9.649514282246086,OUTER,False
2024-01-07,hvfhv,OUTER,298574.0,12.80981748055899,0.024211829667465157,-8.386164782211752,-18.375799503059152,OUTER,True
2024-01-08,hvfhv,OUTER,296587.0,12.659946892846026,0.03203629009013503,-1.8682255350542794,-5.809514735772359,OUTER,False
2024-01-09,hvfhv,OUTER,348443.0,12.662053412412341,0.010197961422430415,9.725132423915788,10.426121238242647,OUTER,True
2024-01-10,hvfhv,OUTER,311042.0,12.703125863611746,0.025539449167010453,-2.1708625340546024,-5.393370522000018,OUTER,False
2024-01-11,hvfhv,OUTER,328834.0,12.753896321860763,0.006292687285780304,-8.039169343588355,-4.932971375872086,OUTER,True
2024-01-12,hvfhv,OUTER,381708.0,12.915125162923774,0.01885654076681376,-3.325846787987643,-6.078791770932468,OUTER,False
2024-01-13,hvfhv,OUTER,408887.0,12.962595953159392,0.05421012148318757,-0.7637289641423336,-4.055649023513941,OUTER,False
2024-01-14,hvfhv,OUTER,362284.0,12.819451247506437,0.048423659334930313,-0.3978950405549669,-1.9083101383038925,OUTER,False
2024-01-15,hvfhv,OUTER,297684.0,12.667226592922626,0.05475579371683616,-1.158576808737663,-6.146843751604303,OUTER,False
2024-01-16,hvfhv,OUTER,331406.0,12.658614197039878,0.07883933798040586,0.6657246639098534,5.388706116166597,OUTER,False
2024-01-17,hvfhv,OUTER,367104.0,12.69451280237911,0.04133182597681037,2.8764193318417997,12.624339267058993,OUTER,False
2024-01-18,hvfhv,OUTER,366859.0,12.751774142147497,0.03900809428909797,1.5627196353116293,6.285503318556285,OUTER,False
2024-01-19,hvfhv,OUTER,408949.0,12.89678789737116,0.05541547556452072,0.4431584363770003,2.4861862793760903,OUTER,False
2024-01-20,hvfhv,OUTER,442042.0,12.9418950331962,0.04122134931292752,1.3892108562236267,5.893654593747066,OUTER,False
2024-01-21,hvfhv,OUTER,369332.0,12.820196853580486,0.051670414883887704,-0.014430038460568976,-0.0745328178910265,OUTER,False
2024-01-22,hvfhv,OUTER,319498.0,12.638338711212318,0.05122518069907109,0.7060508385393208,3.6829585687442545,OUTER,False
2024-01-23,hvfhv,OUTER,315638.0,12.655174981667413,0.08291367430406815,0.08655127969164343,0.7202095851375434,OUTER,False
2024-01-24,hvfhv,OUTER,328877.0,12.685899741146475,0.056659799018507304,0.30955560766802775,1.7694076290619698,OUTER,False
2024-01-25,hvfhv,OUTER,344432.0,12.755929541429706,0.07801618857819594,-0.08046508179755606,-0.6257916162965893,OUTER,False
2024-01-26,hvfhv,OUTER,391778.0,12.915125162923774,0.037600750545618136,-0.975366995952184,-3.6010166997610282,OUTER,False
2024-01-27,hvfhv,OUTER,406999.0,12.972172845828709,0.03038449623135256,-1.8301056560573983,-5.408904135058856,OUTER,False
2024-01-28,hvfhv,OUTER,377079.0,12.819451247506437,0.048423659334930313,0.42869015535168004,2.097570749352795,OUTER,False
2024-01-29,hvfhv,OUTER,308149.0,12.667226592922626,0.05731742523694091,-0.5039982447028933,-2.8474615874991227,OUTER,False
2024-01-30,hvfhv,OUTER,313381.0,12.662202339347353,0.1096566155623129,-0.0640851228528611,-0.7002723540039502,OUTER,False
2024-01-31,hvfhv,OUTER,328774.0,12.694669420404235,0.11690788037247463,0.07233424453995589,0.8492299925537683,OUTER,False
2024-02-01,hvfhv,OUTER,346601.0,12.771678541979071,0.08111639214297096,-0.1941531191575472,-1.5625633525064853,OUTER,False
2024-02-02,hvfhv,OUTER,411615.0,12.90009387325195,0.04598720518111384,0.6034254977105886,2.813846565015199,OUTER,False
2024-02-03,hvfhv,OUTER,430272.0,12.972976201546532,0.05779624467902292,-0.013899790934240704,-0.08030331140123081,OUTER,False
2024-02-04,hvfhv,OUTER,357464.0,12.83894796407964,0.027458585216422544,-1.8995161958840077,-5.082114121465054,OUTER,False
2024-02-05,hvfhv,OUTER,314880.0,12.656422502105773,0.04922509962843665,0.07159743234358298,0.35306087080015924,OUTER,False
2024-02-06,hvfhv,OUTER,315544.0,12.686725377551063,0.08221094861953528,-0.3001055887689847,-2.437009983921057,OUTER,False
2024-02-07,hvfhv,OUTER,323159.0,12.754414449989573,0.09657679184737275,-0.7094324374677627,-6.622027481695558,OUTER,False
2024-02-08,hvfhv,OUTER,345897.0,12.792677056788,0.059135435579553135,-0.6557952021012151,-3.803838939359483,OUTER,False
2024-02-09,hvfhv,OUTER,406413.0,12.924594729150051,0.04108576534025383,-0.23048289712641118,-0.942487107650869,OUTER,False
2024-02-10,hvfhv,OUTER,426171.0,12.988011678850889,0.061273188311877565,-0.4147935890349307,-2.509546509058913,OUTER,False
2024-02-11,hvfhv,OUTER,389949.0,12.83894796407964,0.018540881680774567,1.8781887961933794,3.5436706366202886,OUTER,False
2024-02-12,hvfhv,OUTER,331772.0,12.667226592922626,0.041513553711369985,1.083421390084443,4.60034585279272,OUTER,False
2024-02-13,hvfhv,OUTER,269685.0,12.669658884843578,0.025066244561960268,-6.5685545438640895,-15.180862841771281,OUTER,True
2024-02-14,hvfhv,OUTER,418242.0,12.721281763858164,0.054517891653318266,4.081847641997625,24.923795260290625,OUTER,True
2024-02-15,hvfhv,OUTER,380211.0,12.792677056788,0.05090240989698972,1.0963053435750636,5.739103238903964,OUTER,False
2024-02-16,hvfhv,OUTER,416852.0,12.924594729150051,0.025825441341005007,0.6153541523758504,1.601873867719572,OUTER,False
2024-02-17,hvfhv,OUTER,435111.0,12.995913543469007,0.042297308857270066,-0.2968768906246117,-1.247858220460818,OUTER,False
2024-02-18,hvfhv,OUTER,383269.0,12.83894796407964,0.012729842102512311,1.3782109219477339,1.7699214544128372,OUTER,False
2024-02-19,hvfhv,OUTER,307086.0,12.689357350957941,0.02794476533820172,-1.9493537578625977,-5.3017090855315585,OUTER,False
2024-02-20,hvfhv,OUTER,311866.0,12.669658884843578,0.04415179041526738,-0.43780778323308767,-1.914437106297484,OUTER,False
2024-02-21,hvfhv,OUTER,322262.0,12.757169387086666,0.07989272601986544,-0.9268582072292774,-7.137402243526592,OUTER,False
2024-02-22,hvfhv,OUTER,358420.0,12.810244651564773,0.06860887123274415,-0.3029329749047737,-2.0569393030316907,OUTER,False
2024-02-23,hvfhv,OUTER,394377.0,12.93871055995352,0.02553943925289543,-2.100593354543227,-5.223431630202424,OUTER,False
2024-02-24,hvfhv,OUTER,439181.0,12.991816772993392,0.0774447862630515,0.010977301581387697,0.08504962417077433,OUTER,False
2024-02-25,hvfhv,OUTER,376856.0,12.843312428470588,0.020200298863152465,-0.18286847618359992,-0.3687183454816445,OUTER,False
2024-02-26,hvfhv,OUTER,322839.0,12.68908779413999,0.03873764867176864,-0.10787356381612184,-0.4170049313164781,OUTER,False
2024-02-27,hvfhv,OUTER,352690.0,12.669509957908566,0.043208285783502484,2.403122533632028,10.941716983623916,OUTER,False
2024-02-28,hvfhv,OUTER,364175.0,12.756826833092704,0.09238678193597459,0.5256484337564634,4.976147030539857,OUTER,False
2024-02-29,hvfhv,OUTER,390128.0,12.810244651564773,0.047514831563556556,1.3466430526256186,6.607695953314163,OUTER,False
2024-03-01,hvfhv,OUTER,429607.0,12.932389161808771,0.018305517023469577,2.0888213325761313,3.89773940427649,OUTER,False
2024-03-02,hvfhv,OUTER,474762.0,12.988011678850889,0.020833680691349197,3.9626807758350218,8.606082253992442,OUTER,True
2024-03-03,hvfhv,OUTER,376351.0,12.851453617445872,0.02338352321369459,-0.5634788122050167,-1.3089694816775688,OUTER,False
2024-03-04,hvfhv,OUTER,325898.0,12.684639469105958,0.03873764867176864,0.2504090770005428,0.974745885391104,OUTER,False
2024-03-05,hvfhv,OUTER,361524.0,12.692791284874241,0.05426336013620631,1.9403963057243925,11.103545578319562,OUTER,False
2024-03-06,hvfhv,OUTER,395620.0,12.77487179212504,0.09245450237602802,1.2258747657746638,12.001003091950512,OUTER,False
2024-03-07,hvfhv,OUTER,360733.0,12.831950308234092,0.043596737872943256,-0.8270563008763335,-3.5414647733539417,OUTER,False
2024-03-08,hvfhv,OUTER,415374.0,12.9432758825189,0.031913547279254044,-0.19870195790367456,-0.6321220816453366,OUTER,False
2024-03-09,hvfhv,OUTER,485104.0,12.988011678850889,0.017874546332228115,5.824310118755183,10.97190787329383,OUTER,True
2024-03-10,hvfhv,OUTER,379426.0,12.84805540104951,0.021194332524798368,-0.07740454462723328,-0.16391927114358662,OUTER,False
2024-03-11,hvfhv,OUTER,337881.0,12.684639469105958,0.025530722960189822,1.7942920156692943,4.687503803342907,OUTER,False
2024-03-12,hvfhv,OUTER,320285.0,12.711675498654998,0.09119166869971353,-0.3806158582808675,-3.4113547090358742,OUTER,False
2024-03-13,hvfhv,OUTER,340825.0,12.790302073218076,0.12935256887418836,-0.395644598396204,-4.989012688413741,OUTER,False
2024-03-14,hvfhv,OUTER,371237.0,12.83241461315205,0.03898369884348459,-0.20056233074535895,-0.7788175272864462,OUTER,False
2024-03-15,hvfhv,OUTER,419615.0,12.9432758825189,0.020176753667120278,0.18917912867155776,0.3824314779220739,OUTER,False
2024-03-16,hvfhv,OUTER,442536.0,13.00105619773868,0.03159676968803007,-0.02465763726046266,-0.07787982646553226,OUTER,False
2024-03-17,hvfhv,OUTER,372966.0,12.851453617445872,0.013807263532582157,-1.6086515432394868,-2.1966225988594323,OUTER,False
2024-03-18,hvfhv,OUTER,325724.0,12.684639469105958,0.032832624684778315,0.27917983938281854,0.9208345211482172,OUTER,False
2024-03-19,hvfhv,OUTER,332613.0,12.708584303362073,0.06662301499356235,0.09231986281053356,0.6169581553828962,OUTER,False
2024-03-20,hvfhv,OUTER,353350.0,12.773588130748447,0.06993173989967033,0.0232543244724984,0.16275383758357354,OUTER,False
2024-03-21,hvfhv,OUTER,375534.0,12.828260629360102,0.026710488679355163,0.29365477959225644,0.7874504773572877,OUTER,False
2024-03-22,hvfhv,OUTER,427389.0,12.941499920756243,0.01604548185868694,1.4926297618333328,2.423906754200389,OUTER,False
2024-03-23,hvfhv,OUTER,475987.0,13.004861291881182,0.025329908604093156,2.695806412188157,7.066990288859087,OUTER,False
2024-03-24,hvfhv,OUTER,388933.0,12.83894796407964,0.014067341130106947,2.290013932606733,3.2738908208833406,OUTER,False
2024-03-25,hvfhv,OUTER,322665.0,12.689357350957941,0.032832624684778315,-0.1519049639746364,-0.4975022048646416,OUTER,False
2024-03-26,hvfhv,OUTER,330584.0,12.71164373567338,0.07144520392281677,-0.04237750280565535,-0.3023090561069641,OUTER,False
2024-03-27,hvfhv,OUTER,353108.0,12.773930684742407,0.07043961045111526,0.008497397768649889,0.05987325574969837,OUTER,False
2024-03-28,hvfhv,OUTER,405796.0,12.828260629360102,0.008531132720071968,10.003972824373012,8.909297836972607,OUTER,True
2024-03-29,hvfhv,OUTER,409380.0,12.946202395775186,0.021138381756884782,-1.126069961808224,-2.352223276946175,OUTER,False
2024-03-30,hvfhv,OUTER,431993.0,13.013469670005637,0.06467444503299,-0.5768121642999134,-3.6617747425969682,OUTER,False
2024-03-31,hvfhv,OUTER,383338.0,12.833977150428968,0.024081928686641482,0.9424176683110324,2.2954731319999144,OUTER,False
2024-04-01,hvfhv,OUTER,313661.0,12.68908779413999,0.032832624684778315,-1.0056987709068237,-3.248053004010232,OUTER,False
2024-04-02,hvfhv,OUTER,373774.0,12.696382190754111,0.02799773535134835,4.822690950666775,14.456473990995189,OUTER,True
2024-04-03,hvfhv,OUTER,414326.0,12.755885725710073,0.042339200236629654,4.216486278560865,19.54499680888786,OUTER,True
2024-04-04,hvfhv,OUTER,372427.0,12.826660442964492,0.029808370227802135,0.038106124855837156,0.11365268353420444,OUTER,False
2024-04-05,hvfhv,OUTER,419184.0,12.93119122144893,0.023017371321773557,0.646208538097596,1.4985190627665457,OUTER,False
2024-04-06,hvfhv,OUTER,435097.0,13.004861291881182,0.03063732773954514,-0.7029666015896535,-2.1306752627451853,OUTER,False
2024-04-07,hvfhv,OUTER,367298.0,12.851543624451008,0.030753251532180045,-1.2231174241502716,-3.691618705450417,OUTER,False
2024-04-08,hvfhv,OUTER,314865.0,12.670218988068434,0.04266741796023748,-0.24186449627287737,-1.0266667800269969,OUTER,False
2024-04-09,hvfhv,OUTER,330563.0,12.680589172266277,0.04608858750391594,0.6067308552644347,2.835801303812735,OUTER,False
2024-04-10,hvfhv,OUTER,332274.0,12.762525228930958,0.026753456261339945,-1.8244379240010105,-4.763795793783732,OUTER,False
2024-04-11,hvfhv,OUTER,372773.0,12.826196138046534,0.03439900109129322,0.07351365305101445,0.2531996333617226,OUTER,False
2024-04-12,hvfhv,OUTER,419299.0,12.93575654401431,0.029527796750753274,0.358408190891149,1.0639202276688797,OUTER,False
2024-04-13,hvfhv,OUTER,446612.0,12.99582602201588,0.02384251116140557,0.5712261431346233,1.3712633099209448,OUTER,False
2024-04-14,hvfhv,OUTER,383941.0,12.843174594403976,0.04242725627109248,0.35518628476786657,1.518369816073828,OUTER,False
2024-04-15,hvfhv,OUTER,329124.0,12.657983659182541,0.025536550032364148,1.8094143176587338,4.729033917879488,OUTER,False
2024-04-16,hvfhv,OUTER,322614.0,12.698460848561325,0.03682669247144437,-0.38692064036463153,-1.4147970787072528,OUTER,False
2024-04-17,hvfhv,OUTER,352444.0,12.76346633631359,0.05302828843737497,0.17312810431484885,0.9222958821865967,OUTER,False
2024-04-18,hvfhv,OUTER,372804.0,12.817368187206483,0.03439900109129322,0.3325650100391505,1.1505590087998785,OUTER,False
2024-04-19,hvfhv,OUTER,410630.0,12.936374723433211,0.030444309557215023,-0.3589136651523034,-1.0867397233014553,OUTER,False
2024-04-20,hvfhv,OUTER,450221.0,12.99582602201588,0.024671075066926857,0.8782685889188573,2.1904282434325406,OUTER,False
2024-04-21,hvfhv,OUTER,373128.0,12.857458279721033,0.03589439966623077,-0.7739780211307672,-2.7399120196238136,OUTER,False
2024-04-22,hvfhv,OUTER,291325.0,12.658029885298415,0.010528165279322982,-7.2030711757431325,-7.303097096112065,OUTER,True
2024-04-23,hvfhv,OUTER,283163.0,12.686290498934977,0.032243686330157215,-4.109719807758742,-12.410802896459073,OUTER,True
2024-04-24,hvfhv,OUTER,299292.0,12.766848070198634,0.027598816986800792,-5.713038563388143,-14.587105382088728,OUTER,True
2024-04-25,hvfhv,OUTER,328058.0,12.822300732638073,0.016210779074195585,-7.486070291903837,-11.428055465874943,OUTER,True
2024-04-26,hvfhv,OUTER,374471.0,12.929932873083661,0.01754371275780314,-5.509850284212606,-9.213830541792166,OUTER,True
2024-04-27,hvfhv,OUTER,418645.0,12.99582602201588,0.024671075066926857,-2.0691209226491223,-4.976640734279824,OUTER,False
2024-04-28,hvfhv,OUTER,366872.0,12.857458279721033,0.04632996507930375,-0.9646022241876021,-4.370610092149252,OUTER,False
2024-04-29,hvfhv,OUTER,304255.0,12.656114289964739,0.010528165279322982,-2.8963114262793135,-3.0032628225429403,OUTER,False
2024-04-30,hvfhv,OUTER,299275.0,12.675074696152851,0.03467230956080186,-1.9022826823122114,-6.382844499106543,OUTER,False
2024-05-01,hvfhv,OUTER,333734.0,12.756726275763777,0.04485056764906257,-0.8612316480247673,-3.7890229513486307,OUTER,False
2024-05-02,hvfhv,OUTER,358506.0,12.811872595402415,0.025046921954273,-0.8852153633671445,-2.192792967052759,OUTER,False
2024-05-03,hvfhv,OUTER,404045.0,12.929932873083661,0.024121194342455025,-0.8561489912789351,-2.0439557702958244,OUTER,False
2024-05-04,hvfhv,OUTER,441676.0,13.001382835577235,0.02838121652665047,-0.10749979613550754,-0.30463254961947683,OUTER,False
2024-05-05,hvfhv,OUTER,397192.0,12.8530932474917,0.04639122490095513,0.8424399777146315,3.9855563721829856,OUTER,False
2024-05-06,hvfhv,OUTER,311739.0,12.658029885298415,0.02854185436744528,-0.2840848025326233,-0.8075523406671836,OUTER,False
2024-05-07,hvfhv,OUTER,316493.0,12.665939129597785,0.04092488016442953,-0.021569426131146808,-0.08823366914908481,OUTER,False
2024-05-08,hvfhv,OUTER,345381.0,12.73903286208937,0.03508862622411385,0.3810514644070477,1.3460358226308644,OUTER,False
2024-05-09,hvfhv,OUTER,353533.0,12.811872595402415,0.025046921954273,-1.442911161471793,-3.5495212800374487,OUTER,False
2024-05-10,hvfhv,OUTER,434260.0,12.926066024125898,0.018876972307199574,2.931226841963507,5.689217145306125,OUTER,False
2024-05-11,hvfhv,OUTER,439468.0,13.013469670005637,0.01655157302168921,-1.2173759275942067,-1.994784227012003,OUTER,False
2024-05-12,hvfhv,OUTER,400930.0,12.860380557239374,0.03289438815579659,1.2513249988223025,4.202045141917932,OUTER,False
2024-05-13,hvfhv,OUTER,316198.0,12.65304104715857,0.030852190111322883,0.359223492019711,1.1144473557410883,OUTER,False
2024-05-14,hvfhv,OUTER,323958.0,12.661652986239222,0.019901367283208474,1.3424288956020638,2.7076246854805586,OUTER,False
2024-05-15,hvfhv,OUTER,358482.0,12.73903286208937,0.0318385159140308,1.5892972713780498,5.190295973919579,OUTER,False
2024-05-16,hvfhv,OUTER,364740.0,12.788013060871092,0.04090649277475276,0.4626891189120028,1.910723996405883,OUTER,False
2024-05-17,hvfhv,OUTER,411138.0,12.929314693664763,0.031126251776035015,-0.0845103399821937,-0.26270334124377515,OUTER,False
2024-05-18,hvfhv,OUTER,453225.0,13.007912856444282,0.020971248646107395,0.7739698158888625,1.6363553555417187,OUTER,False
2024-05-19,hvfhv,OUTER,380006.0,12.873568512940363,0.028233422785161288,-0.9076544520925078,-2.5300627950067045,OUTER,False
2024-05-20,hvfhv,OUTER,313690.0,12.644521036480295,0.02854185436744528,0.4078039026642618,1.1707481924113416,OUTER,False
2024-05-21,hvfhv,OUTER,316772.0,12.661652986239222,0.04092488016442953,0.10469340219214557,0.4293756810111793,OUTER,False
2024-05-22,hvfhv,OUTER,348380.0,12.723615344577825,0.038372373976043546,0.9755396545702044,3.8143241125438765,OUTER,False
2024-05-23,hvfhv,OUTER,368356.0,12.788013060871092,0.033593500917875045,0.8570729211373608,2.921057872512245,OUTER,False
2024-05-24,hvfhv,OUTER,413818.0,12.930715213599964,0.054885555478012174,0.04493584880543307,0.24693729138840492,OUTER,False
2024-05-25,hvfhv,OUTER,417941.0,13.020527166847337,0.010087837765012602,-7.675739383589217,-7.450968684274772,OUTER,True
2024-05-26,hvfhv,OUTER,397539.0,12.86798313009741,0.01935415984482019,1.2950803121832701,2.538196440458873,OUTER,False
2024-05-27,hvfhv,OUTER,296756.0,12.659756214216562,0.012838501023200583,-4.602615430155847,-5.737871435948438,OUTER,True
2024-05-28,hvfhv,OUTER,306558.0,12.665939129597785,0.022327650348590192,-1.4679950353510103,-3.224553898970872,OUTER,False
2024-05-29,hvfhv,OUTER,337436.0,12.750669008495858,0.050627907656243705,-0.4254149106650142,-2.1307583195007362,OUTER,False
2024-05-30,hvfhv,OUTER,348580.0,12.798320362627129,0.029053911495344288,-1.2630769029958895,-3.6032139397619956,OUTER,False
2024-05-31,hvfhv,OUTER,403269.0,12.933963883138826,0.04811510768639743,-0.552940071583854,-2.6253981939166726,OUTER,False
2024-06-01,hvfhv,OUTER,452078.0,13.011614549382703,0.019860372633952607,0.5032866754169375,1.0045582391498886,OUTER,False
2024-06-02,hvfhv,OUTER,385585.0,12.873568512940363,0.021716465526466416,-0.5089029050304699,-1.0990728115152226,OUTER,False
2024-06-03,hvfhv,OUTER,315954.0,12.65304104715857,0.020845344230985788,0.4946363600277414,1.0364205334499665,OUTER,False
2024-06-04,hvfhv,OUTER,316773.0,12.665496977298048,0.03759292891481607,0.011803568713333176,0.044382918262031446,OUTER,False
2024-06-05,hvfhv,OUTER,344185.0,12.746725377022624,0.036603358845714314,0.06035526636519375,0.22116475654350154,OUTER,False
2024-06-06,hvfhv,OUTER,369176.0,12.781284701217647,0.03189455165134154,1.183401894960882,3.846542738295544,OUTER,False
2024-06-07,hvfhv,OUTER,414466.0,12.929932873083661,0.06498152307412779,0.07407260316100207,0.48249533519431065,OUTER,False
2024-06-08,hvfhv,OUTER,453669.0,13.011614549382703,0.022575828416613444,0.5983650565232396,1.3600240042578093,OUTER,False
2024-06-09,hvfhv,OUTER,390058.0,12.86737071769403,0.018639232249456582,0.35838425175985733,0.6702368314728924,OUTER,False
2024-06-10,hvfhv,OUTER,317185.0,12.64764050540234,0.023865990543465943,0.8212512030392217,1.9793314015914332,OUTER,False
2024-06-11,hvfhv,OUTER,314346.0,12.665939129597785,0.04237899172684366,-0.18144746309809992,-0.7660071501181642,OUTER,False
2024-06-12,hvfhv,OUTER,326822.0,12.744990951022382,0.03417894065708508,-1.3991069044117481,-4.669462563808457,OUTER,False
2024-06-13,hvfhv,OUTER,357298.0,12.791592002973683,0.04255487210058039,-0.12375919031044968,-0.5252712520226077,OUTER,False
2024-06-14,hvfhv,OUTER,437411.0,12.917021657797623,0.030398033428667683,2.3556417846696904,7.423295613131886,OUTER,False
2024-06-15,hvfhv,OUTER,451100.0,13.012697392833552,0.021696260717851124,0.31097204493784725,0.6769742373321064,OUTER,False
2024-06-16,hvfhv,OUTER,389682.0,12.864120237106416,0.013100051122155298,0.6844296784471697,0.9006379327523906,OUTER,False
2024-06-17,hvfhv,OUTER,308390.0,12.659756214216562,0.04108130112766311,-0.5023141654732215,-2.0424260069960343,OUTER,False
2024-06-18,hvfhv,OUTER,341312.0,12.662093560119118,0.03667755041777198,2.1391486876162618,8.161871999141447,OUTER,False
2024-06-19,hvfhv,OUTER,332682.0,12.744990951022382,0.03326091932818628,-0.9034204069419967,-2.9601622432177788,OUTER,False
2024-06-20,hvfhv,OUTER,377338.0,12.768933497026108,0.021056065211426077,3.4176907576580966,7.461571093142605,OUTER,False
2024-06-21,hvfhv,OUTER,434385.0,12.90054947519889,0.044638017149983875,1.817666791681709,8.451951047717854,OUTER,False
2024-06-22,hvfhv,OUTER,455677.0,12.978393522670988,0.05659734333244369,0.9036816658547883,5.247652417692361,OUTER,False
2024-06-23,hvfhv,OUTER,385725.0,12.86861099548922,0.00854999441291806,-0.6702970670172648,-0.5714645117691486,OUTER,False
2024-06-24,hvfhv,OUTER,325114.0,12.637816873882898,0.040740842378068236,1.3282566583289999,5.560524582522497,OUTER,False
2024-06-25,hvfhv,OUTER,339961.0,12.647953279726538,0.02429867112491233,3.647644101547549,9.267946487388468,OUTER,True
2024-06-26,hvfhv,OUTER,367553.0,12.722036749715384,0.03597968216202198,2.57328719001518,9.700754071095252,OUTER,False
2024-06-27,hvfhv,OUTER,353714.0,12.760846429759273,0.030518743270877335,0.5045268765035336,1.5516678890708846,OUTER,False
2024-06-28,hvfhv,OUTER,397814.0,12.892029887199065,0.05165228694161068,0.03310504238084212,0.17114139483875856,OUTER,False
2024-06-29,hvfhv,OUTER,444091.0,12.986223296684773,0.05903193160643171,0.29749117479720066,1.7716588104175424,OUTER,False
2024-06-30,hvfhv,OUTER,389205.0,12.862698449929088,0.01611595542051503,0.5685685960684803,0.9205135188983027,OUTER,False
2024-07-01,hvfhv,OUTER,307587.0,12.65123620353829,0.056282031785451395,-0.261592377344922,-1.461509781290804,OUTER,False
2024-07-02,hvfhv,OUTER,307939.0,12.662095138538962,0.06212188244948056,-0.3933903349766258,-2.4141954319009895,OUTER,False
2024-07-03,hvfhv,OUTER,341481.0,12.709713447253321,0.038372373976043546,0.8165737234654069,3.1829945816424843,OUTER,False
2024-07-04,hvfhv,OUTER,347292.0,12.779144655598579,0.039335797565858095,-0.5395454849080297,-2.0999819394345587,OUTER,False
2024-07-05,hvfhv,OUTER,376979.0,12.91367209139964,0.057582581314672227,-1.2803755537777994,-7.107505020056326,OUTER,False
2024-07-06,hvfhv,OUTER,366696.0,12.990993373467626,0.05346319815572835,-3.342578329235613,-16.364735239844997,OUTER,False
2024-07-07,hvfhv,OUTER,335137.0,12.864120237106416,0.014008013751408054,-10.124601331182463,-13.222737783965233,OUTER,True
2024-07-08,hvfhv,OUTER,301344.0,12.637816873882898,0.043653520323996955,-0.49959603283402926,-2.157302608329237,OUTER,False
2024-07-09,hvfhv,OUTER,307753.0,12.689984100857451,0.07627628853458132,-0.6939418488099239,-5.155483981100206,OUTER,False
2024-07-10,hvfhv,OUTER,327213.0,12.709713447253321,0.03800760939998852,-0.29854109373448234,-1.1282700763939113,OUTER,False
2024-07-11,hvfhv,OUTER,342887.0,12.774985709129375,0.019463294824271737,-1.5326019357994767,-2.9388975196457445,OUTER,False
2024-07-12,hvfhv,OUTER,389635.0,12.88522025034751,0.06110711905991989,-0.2005423932850061,-1.2179786468867304,OUTER,False
2024-07-13,hvfhv,OUTER,422102.0,12.961846061515208,0.06998003194709164,-0.12637592890549268,-0.8804800246022371,OUTER,False
2024-07-14,hvfhv,OUTER,386683.0,12.799568173417397,0.07950481028716963,0.8275265514950526,6.800491382185303,OUTER,False
2024-07-15,hvfhv,OUTER,329347.0,12.62562287619566,0.02280817609301117,3.4743816716326132,8.24687466047238,OUTER,False
2024-07-16,hvfhv,OUTER,334944.0,12.637354891282094,0.06158298076334759,1.369919746118034,8.80245813950593,OUTER,False
2024-07-17,hvfhv,OUTER,352851.0,12.701425575365906,0.03311183410264243,2.185791789731926,7.505903368162192,OUTER,False
2024-07-18,hvfhv,OUTER,348039.0,12.765824332954436,0.027345911636047944,-0.21043407102871736,-0.5737986024094477,OUTER,False
2024-07-19,hvfhv,OUTER,391093.0,12.869016962801854,0.03385997010320407,0.22692576285246216,0.7713294917273128,OUTER,False
2024-07-20,hvfhv,OUTER,418943.0,12.946481643659467,0.0510154994882351,-0.01943511688271565,-0.09910008294058414,OUTER,False
2024-07-21,hvfhv,OUTER,366022.0,12.789923035560172,0.07555474088465712,0.2716663979801431,2.0737784848593677,OUTER,False
2024-07-22,hvfhv,OUTER,299046.0,12.625976168044343,0.03140579615972138,-0.5611537838795754,-1.7469096069074652,OUTER,False
2024-07-23,hvfhv,OUTER,302958.0,12.637354891282094,0.0772698716206145,-0.20713675232109285,-1.5878023997191737,OUTER,False
2024-07-24,hvfhv,OUTER,318149.0,12.701425575365906,0.05764487777226246,-0.540385739118642,-3.067029282395628,OUTER,False
2024-07-25,hvfhv,OUTER,333164.0,12.758995512534767,0.023707065471165304,-1.7971592631799405,-4.171051697995198,OUTER,False
2024-07-26,hvfhv,OUTER,386570.0,12.868580887862496,0.03385997010320407,-0.10374033682135492,-0.35064825840850355,OUTER,False
2024-07-27,hvfhv,OUTER,416633.0,12.942335400686694,0.040975829154254434,-0.05794594983979706,-0.23715667223769277,OUTER,False
2024-07-28,hvfhv,OUTER,358143.0,12.784288900246738,0.04063753248688927,0.10824295798091127,0.4408415320435566,OUTER,False
2024-07-29,hvfhv,OUTER,293615.0,12.61636104015847,0.0248296409587831,-1.0606829098527844,-2.5992598042472226,OUTER,False
2024-07-30,hvfhv,OUTER,302259.0,12.629201126596868,0.0490566566849144,-0.20713971507422083,-1.011012744862394,OUTER,False
2024-07-31,hvfhv,OUTER,329221.0,12.694071185430893,0.04046150361463377,0.2573644179732846,1.0467758962316998,OUTER,False
2024-08-01,hvfhv,OUTER,355772.0,12.742373530074191,0.02464375119604965,1.6098127606800232,4.0469262309838605,OUTER,False
2024-08-02,hvfhv,OUTER,413993.0,12.86463216821987,0.021228828934664195,3.2489863875369616,7.140639817064498,OUTER,False
2024-08-03,hvfhv,OUTER,432874.0,12.930032057817726,0.018886835410374267,2.550449172768673,4.934893898943926,OUTER,False
2024-08-04,hvfhv,OUTER,346497.0,12.789923035560172,0.030789204367057607,-1.1138188432990987,-3.3712235229895526,OUTER,False
2024-08-05,hvfhv,OUTER,307195.0,12.612180217501678,0.02110462068101786,1.0925468374132985,2.3325672329340463,OUTER,False
2024-08-06,hvfhv,OUTER,344772.0,12.620194502865496,0.029040111201398634,4.491859697353707,13.933425515343,OUTER,True
2024-08-07,hvfhv,OUTER,324414.0,12.684545546702656,0.03054088688992491,0.17125272770120967,0.5243911612307972,OUTER,False
2024-08-08,hvfhv,OUTER,352825.0,12.738063505744105,0.02132429924357554,1.6724562026978693,3.6307543597206227,OUTER,False
2024-08-09,hvfhv,OUTER,380052.0,12.869016962801854,0.012131082563156396,-1.7272653324187468,-2.073559700659633,OUTER,False
2024-08-10,hvfhv,OUTER,404086.0,12.939570833627592,0.023809669588236722,-1.2678810152816098,-2.9736726227426513,OUTER,False
2024-08-11,hvfhv,OUTER,354130.0,12.789923035560172,0.030789204367057607,-0.4061059542108661,-1.2425833014320653,OUTER,False
2024-08-12,hvfhv,OUTER,294828.0,12.624373641758405,0.02094531598468802,-1.4431019969451087,-2.9773982916531994,OUTER,False
2024-08-13,hvfhv,OUTER,288542.0,12.628594753591816,0.03412676042505408,-1.6409063729056552,-5.445974711339607,OUTER,False
2024-08-14,hvfhv,OUTER,315933.0,12.680250118160734,0.029272578987482974,-0.5795414676629329,-1.6821583616802638,OUTER,False
2024-08-15,hvfhv,OUTER,340984.0,12.744426373635282,0.032379747690181135,-0.1493383870012434,-0.4823866893131412,OUTER,False
2024-08-16,hvfhv,OUTER,386233.0,12.870884452753458,0.03162420842959677,-0.21149492129859332,-0.6666042179807263,OUTER,False
2024-08-17,hvfhv,OUTER,416308.0,12.93042224153601,0.018886835410374267,0.46373085712833023,0.8796875453362274,OUTER,False
2024-08-18,hvfhv,OUTER,359029.0,12.785810398633451,0.030789204367057607,0.17369872423374008,0.5362371842055236,OUTER,False
2024-08-19,hvfhv,OUTER,301557.0,12.62019281910161,0.025844871163771467,-0.13459100153435666,-0.3472444167004207,OUTER,False
2024-08-20,hvfhv,OUTER,295930.0,12.628594753591816,0.019476555463192144,-1.5771030353644198,-3.0249575324449496,OUTER,False
2024-08-21,hvfhv,OUTER,305587.0,12.680250118160734,0.023883516863622462,-2.10439368477679,-4.901816927230751,OUTER,False
2024-08-22,hvfhv,OUTER,320755.0,12.745953702234898,0.017352355147468797,-3.8911623719173942,-6.529175088126693,OUTER,True
2024-08-23,hvfhv,OUTER,371162.0,12.877896040164043,0.029608049187202026,-1.8070132166248214,-5.209608391047005,OUTER,False
2024-08-24,hvfhv,OUTER,408404.0,12.939570833627592,0.031098941798179677,-0.6289176722006218,-1.9368644145518865,OUTER,False
2024-08-25,hvfhv,OUTER,351131.0,12.789923035560172,0.019132811018432436,-1.098029105484624,-2.0789244549039076,OUTER,False
2024-08-26,hvfhv,OUTER,297076.0,12.630412167437214,0.014746828313725101,-1.9440716011213208,-2.826183669952642,OUTER,False
2024-08-27,hvfhv,OUTER,294887.0,12.637430006883235,0.01843986956778718,-2.3363774691071413,-4.216763033176418,OUTER,False
2024-08-28,hvfhv,OUTER,330517.0,12.680250118160734,0.023883516863622462,1.1791921670267795,2.8563589899520903,OUTER,False
2024-08-29,hvfhv,OUTER,339944.0,12.753024044733793,0.030959832121019406,-0.5325567504647726,-1.6352686668537064,OUTER,False
2024-08-30,hvfhv,OUTER,396616.0,12.88045388830431,0.03334194260194381,0.3080189114099942,1.0322865785602486,OUTER,False
2024-08-31,hvfhv,OUTER,408760.0,12.950921151118461,0.04530854370599566,-0.6629585269221656,-2.959103738304514,OUTER,False
2024-09-01,hvfhv,OUTER,379062.0,12.78704580722546,0.0254373482041591,2.2962005072892273,6.014877478965741,OUTER,False
2024-09-02,hvfhv,OUTER,306212.0,12.632014693723152,0.014058051476445304,0.0012987423282922533,0.0018257953180222941,OUTER,False
2024-09-03,hvfhv,OUTER,307380.0,12.639284200097,0.03696096961049588,-0.09318353852708251,-0.3438229640877699,OUTER,False
2024-09-04,hvfhv,OUTER,318292.0,12.677386062790877,0.02058653677308042,-0.3235893162511199,-0.6639444199854516,OUTER,False
2024-09-05,hvfhv,OUTER,338393.0,12.745953702234898,0.02756989967259156,-0.5074549229407184,-1.3893069339416364,OUTER,False
2024-09-06,hvfhv,OUTER,384745.0,12.877459965224682,0.03756208421739763,-0.4558828248316095,-1.6978128227480904,OUTER,False
2024-09-07,hvfhv,OUTER,408689.0,12.947050024234896,0.03944043891791405,-0.6678493032707822,-2.5996390653610257,OUTER,False
2024-09-08,hvfhv,OUTER,356088.0,12.797193804481482,0.035622133998369436,-0.4003307096480121,-1.4159432974711894,OUTER,False
2024-09-09,hvfhv,OUTER,307616.0,12.622752857685963,0.018644287869108267,0.7431055171882273,1.3951093942164317,OUTER,False
2024-09-10,hvfhv,OUTER,309872.0,12.63327638959284,0.01536977111351575,0.692150735108758,1.0694985198189677,OUTER,False
2024-09-11,hvfhv,OUTER,316474.0,12.673981289514249,0.0196692582866185,-0.45680018486391405,-0.8944677039635085,OUTER,False
2024-09-12,hvfhv,OUTER,345351.0,12.738063505744105,0.035775569536238776,0.39840216568825454,1.4355123613232434,OUTER,False
2024-09-13,hvfhv,OUTER,402445.0,12.877459965224682,0.029107185036398447,0.9569374462559385,2.8245298016846387,OUTER,False
2024-09-14,hvfhv,OUTER,434840.0,12.947050024234896,0.03788469874314439,0.941894835299396,3.6327695358045142,OUTER,False
2024-09-15,hvfhv,OUTER,372820.0,12.797193804481482,0.03153474371171604,1.0038833431201084,3.2163623032418487,OUTER,False
2024-09-16,hvfhv,OUTER,310448.0,12.622752857685963,0.018188971250389072,1.2655381389201583,2.328581482158487,OUTER,False
2024-09-17,hvfhv,OUTER,308522.0,12.637430006883235,0.012620744254786759,0.1678526767383725,0.21206711546570833,OUTER,False
2024-09-18,hvfhv,OUTER,328879.0,12.673981289514249,0.01935021878498436,1.5226645113197566,2.99022465032881,OUTER,False
2024-09-19,hvfhv,OUTER,345840.0,12.744426373635282,0.02868301219580269,0.32441312797663463,0.9348573169649654,OUTER,False
2024-09-20,hvfhv,OUTER,400423.0,12.890997326713123,0.015413383079636547,0.6020378893989641,0.9322628108740405,OUTER,False
2024-09-21,hvfhv,OUTER,426199.0,12.962947305106386,0.045849375786695026,-0.006230243571837042,-0.02856119838973159,OUTER,False
2024-09-22,hvfhv,OUTER,363389.0,12.82369333557555,0.041754734248104594,-0.49010420335019406,-2.0256200683285486,OUTER,False
2024-09-23,hvfhv,OUTER,305221.0,12.625456839701627,0.018644287869108267,0.1788506853442414,0.334010943858698,OUTER,False
2024-09-24,hvfhv,OUTER,308359.0,12.637694239375067,0.012620744254786759,0.10504358565056546,0.13266073962405756,OUTER,False
2024-09-25,hvfhv,OUTER,324428.0,12.673981289514249,0.018797861935382545,0.8425224758223593,1.5963701022470467,OUTER,False
2024-09-26,hvfhv,OUTER,354528.0,12.744426373635282,0.016136839619082813,2.114183042680412,3.4704866263848944,OUTER,False
2024-09-27,hvfhv,OUTER,398998.0,12.89437205903075,0.01248821394052079,0.18734659003290047,0.23423633539889632,OUTER,False
2024-09-28,hvfhv,OUTER,463720.0,12.966818431989953,0.020618538776598267,3.890565168732029,8.352299948201791,OUTER,True
2024-09-29,hvfhv,OUTER,388050.0,12.82369333557555,0.03130205541876302,1.4438713401434549,4.623304867470002,OUTER,False
2024-09-30,hvfhv,OUTER,307805.0,12.630412167437214,0.01529934446120163,0.44508947095886064,0.6832815019396365,OUTER,False
2024-10-01,hvfhv,OUTER,311059.0,12.639284200097,0.009786535069344966,0.8638076318759211,0.8489516969674593,OUTER,False
2024-10-02,hvfhv,OUTER,316069.0,12.683528505144107,0.028502104522134794,-0.6951304934395701,-1.961770062138224,OUTER,False
2024-10-03,hvfhv,OUTER,314332.0,12.753556552344865,0.02868301219580269,-3.3243203516078794,-9.094667320823257,OUTER,False
2024-10-04,hvfhv,OUTER,361946.0,12.898875034567496,0.010410004945522798,-9.570094027697335,-9.482295642698436,OUTER,True
2024-10-05,hvfhv,OUTER,422912.0,12.977361325249847,0.022165247722213354,-1.0124825569564864,-2.2191979906568404,OUTER,False
2024-10-06,hvfhv,OUTER,358301.0,12.82369333557555,0.028156558844617735,-1.2275875585453022,-3.397410752945784,OUTER,False
2024-10-07,hvfhv,OUTER,300160.0,12.632699457115159,0.014745970070834193,-1.398925415965821,-2.0417200068448382,OUTER,False
2024-10-08,hvfhv,OUTER,305808.0,12.641731510278174,0.011422142930337926,-0.9646856392006076,-1.0958292886140253,OUTER,False
2024-10-09,hvfhv,OUTER,320372.0,12.68164433322346,0.029451372922942594,-0.14961046600409172,-0.4396540422140327,OUTER,False
2024-10-10,hvfhv,OUTER,351743.0,12.752849077737146,0.03313295890198393,0.537440576817732,1.7966486378774515,OUTER,False
2024-10-11,hvfhv,OUTER,399302.0,12.898494225329497,0.010410004945522798,-0.0980713775575361,-0.10204025602694733,OUTER,False
2024-10-12,hvfhv,OUTER,430193.0,12.976854318985112,0.022165247722213354,-0.2194920112929489,-0.4853279398419841,OUTER,False
2024-10-13,hvfhv,OUTER,377280.0,12.82260718271922,0.026546228619823926,0.6831747692543885,1.8301164341626208,OUTER,False
2024-10-14,hvfhv,OUTER,295452.0,12.623836055629184,0.019244663853678044,-1.4328330051913285,-2.7197686458147796,OUTER,False
2024-10-15,hvfhv,OUTER,317687.0,12.639284200097,0.01513783783202577,1.9512496133915063,2.997826514437807,OUTER,False
2024-10-16,hvfhv,OUTER,329401.0,12.683528505144107,0.029451372922942594,0.7301061127415006,2.173547484130478,OUTER,False
2024-10-17,hvfhv,OUTER,345719.0,12.76219379681131,0.036711308647761696,-0.24004078818449753,-0.8773497728988167,OUTER,False
2024-10-18,hvfhv,OUTER,396833.0,12.898875034567496,0.02274070329642968,-0.3343880007131837,-0.7575379387503745,OUTER,False
2024-10-19,hvfhv,OUTER,429757.0,12.98227569302483,0.031086926460171315,-0.36351233972970454,-1.123687076853741,OUTER,False
2024-10-20,hvfhv,OUTER,368994.0,12.827001169809956,0.033060753880547335,-0.25605910599250375,-0.8429775576540566,OUTER,False
2024-10-21,hvfhv,OUTER,302211.0,12.620431164082385,0.02659686342952739,-0.05829394856638892,-0.15492348835296488,OUTER,False
2024-10-22,hvfhv,OUTER,302336.0,12.649435640138108,0.025892149170875137,-1.1641126915446447,-2.969165781988292,OUTER,False
2024-10-23,hvfhv,OUTER,314547.0,12.697425021617995,0.039295185325580996,-0.9806858977872093,-3.7803160228083277,OUTER,False
2024-10-24,hvfhv,OUTER,336936.0,12.774599340300753,0.04630379916129461,-1.0139785683094065,-4.586590821152736,OUTER,False
2024-10-25,hvfhv,OUTER,410416.0,12.89709249256611,0.023746893792195023,1.1721139661880038,2.822505263278674,OUTER,False
2024-10-26,hvfhv,OUTER,482976.0,12.98227569302483,0.02727197672896347,3.866479866211447,11.120670775274055,OUTER,True
2024-10-27,hvfhv,OUTER,407652.0,12.827001169809956,0.02562530844481764,3.5577319443744098,9.545300228912268,OUTER,True
2024-10-28,hvfhv,OUTER,308513.0,12.615475836346796,0.030363706179927043,0.7918474883990001,2.43347981277926,OUTER,False
2024-10-29,hvfhv,OUTER,312117.0,12.656689323760695,0.036718785192779595,-0.15131021450824855,-0.5540521644159524,OUTER,False
2024-10-30,hvfhv,OUTER,336676.0,12.691134616069888,0.044229383886774165,0.8080986739257068,3.638811956785304,OUTER,False
2024-10-31,hvfhv,OUTER,410116.0,12.76201882981466,0.046728033332107545,3.470646721342233,17.60677938880506,OUTER,False
2024-11-01,hvfhv,OUTER,432494.0,12.895050725222417,0.04309180243581568,1.909249614833367,8.575218753901614,OUTER,False
2024-11-02,hvfhv,OUTER,439135.0,12.971482217917021,0.036826259177746345,0.5724161080042729,2.1303695426484692,OUTER,False
2024-11-03,hvfhv,OUTER,364461.0,12.827001169809956,0.03804142320467036,-0.5474648221307766,-2.061097046673155,OUTER,False
2024-11-04,hvfhv,OUTER,299917.0,12.629199994358727,0.03711494718659082,-0.48333480244903515,-1.7779000623714625,OUTER,False
2024-11-05,hvfhv,OUTER,301443.0,12.667231332028097,0.0390046370508849,-1.3048476623891736,-4.962164901427557,OUTER,False
2024-11-06,hvfhv,OUTER,319167.0,12.726677278540048,0.05269555137826057,-1.009715647596264,-5.181677755954029,OUTER,False
2024-11-07,hvfhv,OUTER,338864.0,12.835920963344797,0.12662422556970598,-0.8100095929980823,-9.748217422364714,OUTER,False
2024-11-08,hvfhv,OUTER,397372.0,12.924115747774565,0.06379102675539941,-0.49360546044470927,-3.099702714459207,OUTER,False
2024-11-09,hvfhv,OUTER,428398.0,12.998579751735676,0.055104031645599696,-0.5584310585989565,-3.030316999579008,OUTER,False
2024-11-10,hvfhv,OUTER,372011.0,12.834033266620239,0.03808331183482396,-0.1931177609122257,-0.7327585283704141,OUTER,False
2024-11-11,hvfhv,OUTER,278905.0,12.640814124502485,0.054934432522297204,-1.8601743712109577,-9.713986198014467,OUTER,False
2024-11-12,hvfhv,OUTER,321337.0,12.667231332028097,0.07326429564880206,0.1776358252611909,1.3099419030130344,OUTER,False
2024-11-13,hvfhv,OUTER,336542.0,12.730752242131434,0.08387151666877962,-0.0509589877283052,-0.4264887016669272,OUTER,False
2024-11-14,hvfhv,OUTER,356068.0,12.896363459332687,0.0840129253415188,-1.3508213889893266,-10.7283713170235,OUTER,False
2024-11-15,hvfhv,OUTER,409751.0,12.951125145429499,0.09017116632767153,-0.3085266548820843,-2.743679013754119,OUTER,False
2024-11-16,hvfhv,OUTER,444452.0,13.018935846914959,0.07345432963660521,-0.19520299732429527,-1.4236198503503772,OUTER,False
2024-11-17,hvfhv,OUTER,372251.0,12.842113607688947,0.04411974737400889,-0.3352233786434729,-1.4681136374982473,OUTER,False
2024-11-18,hvfhv,OUTER,309313.0,12.670870680029388,0.08272877122837928,-0.34766250508997804,-2.835201148525368,OUTER,False
2024-11-19,hvfhv,OUTER,316678.0,12.70189938625533,0.0799895309739283,-0.45329210050349517,-3.5609151956670027,OUTER,False
2024-11-20,hvfhv,OUTER,339296.0,12.756743602122402,0.1342706763784211,-0.16470789448135775,-2.187268687176458,OUTER,False
2024-11-21,hvfhv,OUTER,421434.0,12.896363459332687,0.06383241533625761,0.8624928402121618,5.6598727276293115,OUTER,False
2024-11-22,hvfhv,OUTER,463620.0,12.951125145429499,0.08916497583190618,1.0732396194060665,10.042380703508492,OUTER,False
2024-11-23,hvfhv,OUTER,462920.0,13.026262962111293,0.07787824481028474,0.2445685556617142,1.9229112859834085,OUTER,False
2024-11-24,hvfhv,OUTER,386380.0,12.842436074788328,0.06125620249542326,0.3614416900863508,2.238746618597487,OUTER,False
2024-11-25,hvfhv,OUTER,328477.0,12.674246588873785,0.09068258576222359,0.308499257338007,2.8370499690888007,OUTER,False
2024-11-26,hvfhv,OUTER,355065.0,12.70189938625533,0.07417806966900903,1.0536370706600304,8.129215310348448,OUTER,False
2024-11-27,hvfhv,OUTER,386860.0,12.730752242131434,0.05157640843659127,2.6187536398682596,14.461222019460074,OUTER,False
2024-11-28,hvfhv,OUTER,422794.0,12.896363459332687,0.06144403477529868,0.9484546815822048,6.000845280649614,OUTER,False
2024-11-29,hvfhv,OUTER,357120.0,12.995116892800674,0.07533230959038727,-2.7782203307404214,-18.88398353669265,OUTER,False
2024-11-30,hvfhv,OUTER,372150.0,13.02495343678273,0.05952794681927923,-3.3245083959552817,-17.954905667369324,OUTER,False
2024-12-01,hvfhv,OUTER,345041.0,12.842436074788328,0.04329324790917518,-2.1023496654038967,-8.699830808976895,OUTER,False
2024-12-02,hvfhv,OUTER,329847.0,12.678566096248495,0.09068258576222359,0.30676334473854294,2.820862938844315,OUTER,False
2024-12-03,hvfhv,OUTER,335559.0,12.755118018541033,0.12183234194333545,-0.25908507687475996,-3.1071969401876065,OUTER,False
2024-12-04,hvfhv,OUTER,357400.0,12.799416011154012,0.11513762469724177,-0.11121585563554395,-1.2723492604770348,OUTER,False
2024-12-05,hvfhv,OUTER,395919.0,12.843319498817689,0.16165109124363178,0.2823700396387318,4.670321040486214,OUTER,False
2024-12-06,hvfhv,OUTER,448162.0,12.907966542878166,0.19045425758477755,0.5510168773779955,11.06478684161476,OUTER,False
2024-12-07,hvfhv,OUTER,464134.0,12.986202645307099,0.14133215553023104,0.4367437621004601,6.367079230159556,OUTER,False
2024-12-08,hvfhv,OUTER,383674.0,12.827001169809956,0.10184704715864343,0.2999335151050565,3.101870026462872,OUTER,False
2024-12-09,hvfhv,OUTER,338944.0,12.704303144400688,0.08271959681462711,0.3540519744246371,2.9720119397004474,OUTER,False
2024-12-10,hvfhv,OUTER,347680.0,12.763459519660422,0.0912690537863873,-0.04844713500060172,-0.4411962740597297,OUTER,False
2024-12-11,hvfhv,OUTER,395687.0,12.802529909198704,0.09725113790466774,0.8827543441979497,8.96416322870861,OUTER,False
2024-12-12,hvfhv,OUTER,401821.0,12.881852526095788,0.10552683495854509,0.20761987904209517,2.2151243610704086,OUTER,False
2024-12-13,hvfhv,OUTER,462793.0,12.91986789996804,0.17577538399913448,0.7120863345446127,13.333798674281061,OUTER,False
2024-12-14,hvfhv,OUTER,484172.0,12.965039639841226,0.1413759656789221,0.8852696710342705,13.33250732614568,OUTER,False
2024-12-15,hvfhv,OUTER,395857.0,12.794509195980583,0.09867202699410504,0.9556823833591712,9.888839398263727,OUTER,False
2024-12-16,hvfhv,OUTER,364320.0,12.704303144400688,0.041211740011602514,2.4625200699681047,10.681302486167787,OUTER,False
2024-12-17,hvfhv,OUTER,344965.0,12.767379296609647,0.05797160623642379,-0.2791203499148883,-1.60508450048773,OUTER,False
2024-12-18,hvfhv,OUTER,386236.0,12.813387657419888,0.09445763821689387,0.5379787608697888,5.21294974368236,OUTER,False
2024-12-19,hvfhv,OUTER,406061.0,12.881852526095788,0.0753542704142826,0.43005057748543424,3.293694488791399,OUTER,False
2024-12-20,hvfhv,OUTER,461735.0,12.930039486472468,0.17181607221258452,0.6559742898261884,11.930384596314658,OUTER,False
2024-12-21,hvfhv,OUTER,475853.0,12.94813432668081,0.15452064276278762,0.8072056462967778,13.284247099766189,OUTER,False
2024-12-22,hvfhv,OUTER,417428.0,12.809603388871079,0.08388409257239535,1.576746679662907,14.140957104390761,OUTER,False
2024-12-23,hvfhv,OUTER,377146.0,12.704303144400688,0.032145728959091055,4.233362234164653,14.577872495191691,OUTER,True
2024-12-24,hvfhv,OUTER,399105.0,12.767379296609647,0.035356745710245996,3.665510496899827,13.837353790769624,OUTER,True
2024-12-25,hvfhv,OUTER,333379.0,12.853751958580332,0.05183898814756569,-2.6373334733816853,-12.778270854588358,OUTER,False
2024-12-26,hvfhv,OUTER,306655.0,12.881852526095788,0.04472678893306095,-5.553135287944074,-21.993178651827485,OUTER,True
2024-12-27,hvfhv,OUTER,338674.0,12.952303615335111,0.11197279785249324,-1.9603899141910783,-19.708814732791136,OUTER,False
2024-12-28,hvfhv,OUTER,356639.0,12.977181887117975,0.12337386986641377,-1.5619396770063432,-17.527274099387537,OUTER,False
2024-12-29,hvfhv,OUTER,322085.0,12.836551463326657,0.09422928118096094,-1.6341066869058913,-14.271143217591797,OUTER,False
2024-12-30,hvfhv,OUTER,313298.0,12.713872244591254,0.031668885756692085,-1.861832202818301,-5.725754996948506,OUTER,False
2024-12-31,hvfhv,OUTER,438070.0,12.755118018541033,0.03979303537189669,5.905957492393062,26.492897631748757,OUTER,True
2025-01-01,hvfhv,OUTER,402283.0,12.813387657419888,0.05984411290047359,1.5293641791503896,9.584246579132415,OUTER,False
2025-01-02,hvfhv,OUTER,320367.0,12.864171313239972,0.03487118182544017,-5.361126604731312,-17.051381211442596,OUTER,True
2025-01-03,hvfhv,OUTER,364262.0,12.976193295639382,0.07152002381045891,-2.3848513833034812,-15.681140548725047,OUTER,False
2025-01-04,hvfhv,OUTER,376805.0,13.008374250930713,0.07712807127764967,-2.1897495541844743,-15.539917500533729,OUTER,False
2025-01-05,hvfhv,OUTER,333335.0,12.857530267678824,0.05427606599312017,-2.5909578342134254,-13.118667997122502,OUTER,False
2025-01-06,hvfhv,OUTER,334824.0,12.697901867404997,0.041211740011602514,0.5692172231614507,2.3735745430769617,OUTER,False
2025-01-07,hvfhv,OUTER,353529.0,12.755118018541033,0.040396378651407584,0.5100154983146522,2.081648154072435,OUTER,False
2025-01-08,hvfhv,OUTER,368962.0,12.825813217363997,0.07952748181935368,-0.09260045088289899,-0.7337230800813055,OUTER,False
2025-01-09,hvfhv,OUTER,390327.0,12.851684720259378,0.045840250517545963,0.502951179631394,2.332323834449457,OUTER,False
2025-01-10,hvfhv,OUTER,406944.0,12.969004989794863,0.07346157149378893,-0.7156684223510666,-5.121601203733361,OUTER,False
2025-01-11,hvfhv,OUTER,410644.0,12.982379643692536,0.10472820830116729,-0.5432892105812301,-5.5309299020333995,OUTER,False
2025-01-12,hvfhv,OUTER,348605.0,12.872483962180102,0.055811916189523844,-1.9850457517362212,-10.487258447797398,OUTER,False
2025-01-13,hvfhv,OUTER,320615.0,12.709864984848748,0.051843305829505866,-0.6147115621174186,-3.1366224812258148,OUTER,False
2025-01-14,hvfhv,OUTER,338745.0,12.771940230451968,0.047105058676548454,-0.8266063269301858,-3.8189025216417316,OUTER,False
2025-01-15,hvfhv,OUTER,365246.0,12.825868635955239,0.06160661875333964,-0.284746317204057,-1.7389288184525564,OUTER,False
2025-01-16,hvfhv,OUTER,380700.0,12.85412817530008,0.05985437917468053,-0.07286405756147378,-0.435173656346155,OUTER,False
2025-01-17,hvfhv,OUTER,418172.0,12.969004989794863,0.09363771692023738,-0.27079771383147516,-2.5038094149750334,OUTER,False
2025-01-18,hvfhv,OUTER,429676.0,12.982379643692536,0.10310680734554432,-0.1124361107513665,-1.1525989338357912,OUTER,False
2025-01-19,hvfhv,OUTER,383660.0,12.851523402816431,0.10358195136611437,0.05781528340522674,0.600658750709715,OUTER,False
2025-01-20,hvfhv,OUTER,324769.0,12.709864984848748,0.04083546557588731,-0.46517274178123236,-1.8816267068142878,OUTER,False
2025-01-21,hvfhv,OUTER,361817.0,12.767138288129281,0.04886923941613108,0.6498065117316766,3.2265137243735476,OUTER,False
2025-01-22,hvfhv,OUTER,378246.0,12.800513341931111,0.03868893980251313,1.1059159249505432,4.371526193126818,OUTER,False
2025-01-23,hvfhv,OUTER,382163.0,12.852210397411291,0.034093557297622784,0.0408317831056267,0.13930701588986683,OUTER,False
2025-01-24,hvfhv,OUTER,425474.0,12.960349484584214,0.05559498544555827,0.010965664558798622,0.06098218273182798,OUTER,False
2025-01-25,hvfhv,OUTER,435207.0,12.975984471857172,0.08113423607502378,0.09358055814003602,0.762148387304129,OUTER,False
2025-01-26,hvfhv,OUTER,367909.0,12.85416455477614,0.06225135767221531,-0.6196435267526801,-3.7839161797957988,OUTER,False
2025-01-27,hvfhv,OUTER,327214.0,12.709397182172303,0.03260406589017753,-0.3382250584330628,-1.0966931966573834,OUTER,False
2025-01-28,hvfhv,OUTER,335286.0,12.767138288129281,0.04386784049819888,-1.0121106873710173,-4.342789640646261,OUTER,False
2025-01-29,hvfhv,OUTER,336662.0,12.813387657419888,0.030087906274382535,-2.8766680527204636,-8.291298360050348,OUTER,False
2025-01-30,hvfhv,OUTER,377726.0,12.863329600611147,0.01760822663351638,-1.2156395430066176,-2.117778995803987,OUTER,False
2025-01-31,hvfhv,OUTER,438637.0,12.969004989794863,0.04227550386866117,0.5303894427326148,2.2675754226577416,OUTER,False
2025-02-01,hvfhv,OUTER,457335.0,12.982379643692536,0.0761790627247346,0.6667422438509378,5.210382163756422,OUTER,False
2025-02-02,hvfhv,OUTER,395322.0,12.85416455477614,0.0636287361782736,0.5232124491748553,3.385170485013389,OUTER,False
2025-02-03,hvfhv,OUTER,326908.0,12.72552717628628,0.04104402579759931,-0.6844628666852154,-2.7702169579244207,OUTER,False
2025-02-04,hvfhv,OUTER,339541.0,12.752916922550233,0.02606171527291603,-0.6740514906591869,-1.7413538937186113,OUTER,False
2025-02-05,hvfhv,OUTER,355435.0,12.813387657419888,0.030087906274382535,-1.0731882333843619,-3.1774231502352923,OUTER,False
2025-02-06,hvfhv,OUTER,382565.0,12.862803923459232,0.019203600987938937,-0.42440326750991775,-0.8116949221242176,OUTER,False
2025-02-07,hvfhv,OUTER,432376.0,12.974384698877614,0.03212427740235032,0.08299517940770368,0.26697175321670485,OUTER,False
2025-02-08,hvfhv,OUTER,434166.0,13.010612444613779,0.04697991405229546,-0.6264425292325143,-2.90013647310291,OUTER,False
2025-02-09,hvfhv,OUTER,396678.0,12.85416455477614,0.05725175924038492,0.6413006892891975,3.7397935294623874,OUTER,False
2025-02-10,hvfhv,OUTER,348295.0,12.698381894347834,0.020680820012609964,3.01841060579051,6.441271576143026,OUTER,False
2025-02-11,hvfhv,OUTER,350866.0,12.737464544020305,0.014223337326976638,2.1580813594553274,3.117107164869193,OUTER,False
2025-02-12,hvfhv,OUTER,374478.0,12.794889713492942,0.030732341278540708,1.2494531861261648,3.9145376254838826,OUTER,False
2025-02-13,hvfhv,OUTER,406387.0,12.85412817530008,0.018174137670922748,3.352731906681196,6.282771429783018,OUTER,False
2025-02-14,hvfhv,OUTER,487048.0,12.979164909994822,0.017744523247458035,6.5909378465842865,12.406665334381529,OUTER,True
2025-02-15,hvfhv,OUTER,471923.0,13.002582821130172,0.03488843748625967,1.7767575449790558,6.394989062825829,OUTER,False
2025-02-16,hvfhv,OUTER,400883.0,12.85416455477614,0.05189614429405872,0.9106714768229107,4.839491097241333,OUTER,False
2025-02-17,hvfhv,OUTER,338772.0,12.714044085785366,0.02949237400090745,0.6455400277621217,1.922089594999421,OUTER,False
2025-02-18,hvfhv,OUTER,350150.0,12.737464544020305,0.019035835829795275,1.5051805089909105,2.906679683351965,OUTER,False
2025-02-19,hvfhv,OUTER,359583.0,12.78908839585627,0.04897319804935154,0.07375278723852617,0.3618440663056388,OUTER,False
2025-02-20,hvfhv,OUTER,390691.0,12.860547386163102,0.02229904881159549,0.6782737311065669,1.5239818569013464,OUTER,False
2025-02-21,hvfhv,OUTER,434208.0,12.979997917528086,0.023385255659651584,0.054779962051212154,0.12818643042056266,OUTER,False
2025-02-22,hvfhv,OUTER,455088.0,13.002582821130172,0.03853960469132111,0.6658933038163127,2.5995401424030895,OUTER,False
2025-02-23,hvfhv,OUTER,381100.0,12.855055254138069,0.05720936130199742,-0.07408170935076308,-0.4229198919459276,OUTER,False
2025-02-24,hvfhv,OUTER,337626.0,12.741872202582826,0.029424447170284754,-0.4138786212649458,-1.2104296066066,OUTER,False
2025-02-25,hvfhv,OUTER,341027.0,12.730930451950305,0.01922868205798647,0.456946557231479,0.8825194487231958,OUTER,False
2025-02-26,hvfhv,OUTER,361161.0,12.775286604736754,0.04882614485065858,0.44632883885041325,2.2031707791699384,OUTER,False
2025-02-27,hvfhv,OUTER,389261.0,12.860547386163102,0.028680875484581075,0.3994983560860056,1.1523856490148532,OUTER,False
2025-02-28,hvfhv,OUTER,442713.0,12.979164909994822,0.017744523247458035,1.2123218670291336,2.1745126356745637,OUTER,False
2025-03-01,hvfhv,OUTER,463681.0,13.002582821130172,0.03488843748625967,1.2717472274072605,4.5368310585415905,OUTER,False
2025-03-02,hvfhv,OUTER,404137.0,12.836735846734108,0.053335987344919795,1.3644326327929153,7.548676273065813,OUTER,False
2025-03-03,hvfhv,OUTER,345842.0,12.731388323336594,0.04496784654074841,0.49699909443063955,2.2600588348463457,OUTER,False
2025-03-04,hvfhv,OUTER,340980.0,12.730930451950305,0.034019955460232336,0.25422289511892165,0.868615920808824,OUTER,False
2025-03-05,hvfhv,OUTER,394900.0,12.777374302301757,0.018885291774969004,5.772404592523809,11.5177455287653,OUTER,True
2025-03-06,hvfhv,OUTER,377181.0,12.869223134322255,0.021716356101209554,-1.3235497185353924,-2.833353557573659,OUTER,False
2025-03-07,hvfhv,OUTER,428262.0,12.979164909994822,0.04853293479825196,-0.24054743925553074,-1.1606590943133765,OUTER,False
2025-03-08,hvfhv,OUTER,439318.0,13.015672576861956,0.045965425426551285,-0.4937139871904741,-2.2438206691966056,OUTER,False
2025-03-09,hvfhv,OUTER,367878.0,12.839234202966635,0.054511431921944055,-0.4352768159558366,-2.3448277189419664,OUTER,False
2025-03-10,hvfhv,OUTER,327222.0,12.748716213029962,0.019277517281361404,-2.610403283849703,-4.907691184773865,OUTER,False
2025-03-11,hvfhv,OUTER,332249.0,12.739648017768012,0.029359923133102327,-0.8858351181960911,-2.567275471086272,OUTER,False
2025-03-12,hvfhv,OUTER,350538.0,12.791168411902554,0.029066632904363413,-0.8237629674346336,-2.3659632112909335,OUTER,False
2025-03-13,hvfhv,OUTER,387101.0,12.861836122500435,0.032223093914866566,0.1429036387982705,0.46154157454267875,OUTER,False
2025-03-14,hvfhv,OUTER,434932.0,12.974384698877614,0.05988916679964093,0.14293531855655975,0.8597021078182276,OUTER,False
2025-03-15,hvfhv,OUTER,447838.0,13.023702200345564,0.04157231068484389,-0.27699594507083675,-1.1449313477171819,OUTER,False
2025-03-16,hvfhv,OUTER,370517.0,12.822498276138479,0.029969628130873498,0.005216296548709473,0.015634268802955376,OUTER,False
2025-03-17,hvfhv,OUTER,344780.0,12.731388323336594,0.039728487539015214,0.4851301750022083,1.9460420801357792,OUTER,False
2025-03-18,hvfhv,OUTER,336553.0,12.726609535154196,0.03183023401236326,-0.003098179389297163,-0.009861091259788513,OUTER,False
2025-03-19,hvfhv,OUTER,351328.0,12.78164372612859,0.022131307750410112,-0.5498178070341999,-1.209445407428844,OUTER,False
2025-03-20,hvfhv,OUTER,393938.0,12.846073676773727,0.04116456722595163,0.9200907787979135,3.8601543661653803,OUTER,False
2025-03-21,hvfhv,OUTER,414657.0,12.974384698877614,0.05033717325329063,-0.7783064662005681,-3.8420224381705115,OUTER,False
2025-03-22,hvfhv,OUTER,425539.0,13.015672576861956,0.03960081306599645,-1.3777670953733097,-5.309896712061057,OUTER,False
2025-03-23,hvfhv,OUTER,368555.0,12.825152962838791,0.029969628130873498,-0.2605214051724189,-0.7777328484906199,OUTER,False
2025-03-24,hvfhv,OUTER,348932.0,12.714044085785366,0.05656930147071015,0.8589155733738603,4.978801573218283,OUTER,False
2025-03-25,hvfhv,OUTER,320244.0,12.720075443084198,0.029018299226221997,-1.489989421042781,-4.231556863650832,OUTER,False
2025-03-26,hvfhv,OUTER,336628.0,12.771563236599462,0.03231264887980584,-1.3873667460061652,-4.383950147087967,OUTER,False
2025-03-27,hvfhv,OUTER,362960.0,12.846073676773727,0.04373867904816879,-1.0065636044334152,-4.307069567435995,OUTER,False
2025-03-28,hvfhv,OUTER,407519.0,12.960550689539371,0.039378864554761576,-1.0845374461470525,-4.180871829948907,OUTER,False
2025-03-29,hvfhv,OUTER,435803.0,13.015672576861956,0.04001040089272005,-0.7679750968676503,-3.0259715720682534,OUTER,False
2025-03-30,hvfhv,OUTER,351975.0,12.825152962838791,0.01809563178194128,-2.9751673860754626,-5.241395502292578,OUTER,False
2025-03-31,hvfhv,OUTER,312742.0,12.722582366612588,0.04929767364897423,-1.4087585276634678,-6.709184001091439,OUTER,False
2025-04-01,hvfhv,OUTER,328512.0,12.71102515769449,0.04326444420052177,-0.20100828602369802,-0.8658806496622873,OUTER,False
2025-04-02,hvfhv,OUTER,352798.0,12.768349967581191,0.03528796115530402,0.15022025670296274,0.5315041565979728,OUTER,False
2025-04-03,hvfhv,OUTER,366958.0,12.837664874079506,0.04773453500410479,-0.5166530899796231,-2.436056776158091,OUTER,False
2025-04-04,hvfhv,OUTER,413649.0,12.960550689539371,0.035388197612175376,-0.784940299336581,-2.7395371788469625,OUTER,False
2025-04-05,hvfhv,OUTER,450971.0,13.002582821130172,0.03507212025282869,0.4726116817464735,1.671362939826282,OUTER,False
2025-04-06,hvfhv,OUTER,372373.0,12.819999919905953,0.0316114677499285,0.24204504599069565,0.7680745920121801,OUTER,False
2025-04-07,hvfhv,OUTER,343441.0,12.692814885140109,0.07229747895955298,0.7463016725801562,5.543787632752184,OUTER,False
2025-04-08,hvfhv,OUTER,342925.0,12.705369497259891,0.03357699929753994,1.188240370533652,4.070414451799209,OUTER,False
2025-04-09,hvfhv,OUTER,358483.0,12.76112668082389,0.022658699996640858,1.2582291690631493,2.8920132548681643,OUTER,False
2025-04-10,hvfhv,OUTER,381424.0,12.82392598495651,0.04037459607349718,0.6870882676711623,2.812927320734948,OUTER,False
2025-04-11,hvfhv,OUTER,457233.0,12.944408946856758,0.039024706347798706,2.268804770237,9.25773429226231,OUTER,False
2025-04-12,hvfhv,OUTER,464659.0,13.015672576861956,0.0335225937921125,0.9959403965226911,3.395008926726839,OUTER,False
2025-04-13,hvfhv,OUTER,366000.0,12.84034160861823,0.03785816499834181,-0.791189859203118,-2.9508850785376572,OUTER,False
2025-04-14,hvfhv,OUTER,300401.0,12.717003133138471,0.060697286051159226,-1.7155561994867605,-9.889149865444502,OUTER,False
2025-04-15,hvfhv,OUTER,317256.0,12.717460633989516,0.02843783328666653,-1.7580923116815554,-4.876709024742787,OUTER,False
2025-04-16,hvfhv,OUTER,333396.0,12.771563236599462,0.025654578722258296,-2.1234800057667167,-5.301969661580519,OUTER,False
2025-04-17,hvfhv,OUTER,348433.0,12.83572437747529,0.028661784180469007,-2.600087238707199,-7.181400375093638,OUTER,False
2025-04-18,hvfhv,OUTER,385172.0,12.962048693128965,0.0415998046766939,-2.4183629504677304,-9.570842002570402,OUTER,False
2025-04-19,hvfhv,OUTER,434893.0,13.028783341200846,0.029546928510645602,-1.5544099070154718,-4.488930898760879,OUTER,False
2025-04-20,hvfhv,OUTER,381945.0,12.848033258600601,0.0537205763012645,0.0930488819871956,0.5011153605660512,OUTER,False
2025-04-21,hvfhv,OUTER,317026.0,12.698811384673249,0.06941293474353075,-0.46205100487764394,-3.1563454152271797,OUTER,False
2025-04-22,hvfhv,OUTER,321649.0,12.714097723496131,0.0334236843841588,-0.9837801019560358,-3.234683412988182,OUTER,False
2025-04-23,hvfhv,OUTER,341818.0,12.776409764593378,0.05267442185107991,-0.6526137873500234,-3.3791910049741136,OUTER,False
2025-04-24,hvfhv,OUTER,359094.0,12.83572437747529,0.028661784180469007,-1.5485744208732155,-4.341430881385621,OUTER,False
2025-04-25,hvfhv,OUTER,422359.0,12.964158550436343,0.05759989764523616,-0.18311852274654106,-1.049217720731832,OUTER,False
2025-04-26,hvfhv,OUTER,455963.0,13.023279026206687,0.04686091624446972,0.1469864270465727,0.6911694916869049,OUTER,False
2025-04-27,hvfhv,OUTER,387866.0,12.866529355553308,0.049250391377730095,0.038290915540415894,0.18876218960186542,OUTER,False
2025-04-28,hvfhv,OUTER,323591.0,12.673745945541652,0.042441848468992474,0.3178397409856678,1.35811027186592,OUTER,False
2025-04-29,hvfhv,OUTER,330516.0,12.711056872156213,0.0379320505807213,-0.06977011566437728,-0.26430246003071867,OUTER,False
2025-04-30,hvfhv,OUTER,354750.0,12.78164372612859,0.04985277113563172,-0.049648816904593836,-0.24720704949617867,OUTER,False
2025-05-01,hvfhv,OUTER,375063.0,12.830055981417399,0.028661784180469007,0.1672369519827408,0.4804815709397836,OUTER,False
2025-05-02,hvfhv,OUTER,429547.0,12.955720799576573,0.033643908513637036,0.4388801736925579,1.4875195070855662,OUTER,False
2025-05-03,hvfhv,OUTER,464337.0,13.023279026206687,0.031746252909656214,0.7902297809239984,2.540415709742705,OUTER,False
2025-05-04,hvfhv,OUTER,393508.0,12.860723548147513,0.038825953605944624,0.5700601478728919,2.2379883673046663,OUTER,False
2025-05-05,hvfhv,OUTER,370524.0,12.673745945541652,0.03716202005650502,4.007520397980411,16.058890545079496,OUTER,True
2025-05-06,hvfhv,OUTER,340277.0,12.701075775376008,0.039638115280650456,0.9193044408895331,3.7111552105979495,OUTER,False
2025-05-07,hvfhv,OUTER,346289.0,12.793822769942025,0.04985277113563172,-0.7781674626796994,-3.8050961663830596,OUTER,False
2025-05-08,hvfhv,OUTER,375720.0,12.837263048736519,0.023487986656796106,-0.028252086386298787,-0.06633645044816783,OUTER,False
2025-05-09,hvfhv,OUTER,451703.0,12.955720799576573,0.021757171807017157,2.9902491094615673,6.7222376687746,OUTER,False
2025-05-10,hvfhv,OUTER,454703.0,13.023693780333867,0.037092711452029296,0.09991065816329077,0.37128327645448156,OUTER,False
2025-05-11,hvfhv,OUTER,410940.0,12.874221005535677,0.021129906059258987,2.4600910074349565,5.335624669369277,OUTER,False
2025-05-12,hvfhv,OUTER,321500.0,12.676987360044741,0.051289198655010255,0.07341628868872076,0.3772560876037945,OUTER,False
2025-05-13,hvfhv,OUTER,339683.0,12.701075775376008,0.039638115280650456,0.8752266125211717,3.530113217765396,OUTER,False
2025-05-14,hvfhv,OUTER,392318.0,12.783479765026488,0.04021938870258599,2.3955672246448034,10.114246940228977,OUTER,False
2025-05-15,hvfhv,OUTER,376878.0,12.83572437747529,0.04234334782378055,0.09334238690974464,0.39602503045206294,OUTER,False
2025-05-16,hvfhv,OUTER,432855.0,12.955720799576573,0.01893534865719613,1.1849413893858192,2.269088728915758,OUTER,False
2025-05-17,hvfhv,OUTER,470106.0,13.02231017668112,0.02741337043452323,1.4008968208867791,3.915024129956368,OUTER,False
2025-05-18,hvfhv,OUTER,397953.0,12.876752832300966,0.0107054682874722,1.6193924520246696,1.7487501315871068,OUTER,False
2025-05-19,hvfhv,OUTER,331170.0,12.6839942371629,0.03604924635663387,0.7321340439826336,2.6744257057376153,OUTER,False
2025-05-20,hvfhv,OUTER,334297.0,12.722089228669812,0.026783919354002286,-0.08602662839988366,-0.2301477806795349,OUTER,False
2025-05-21,hvfhv,OUTER,385469.0,12.792899978411011,0.04021938870258599,1.7234492500179244,7.177491719072671,OUTER,False
2025-05-22,hvfhv,OUTER,407123.0,12.83813813536968,0.02300369723199653,3.4226017629511505,8.191486539647851,OUTER,False
2025-05-23,hvfhv,OUTER,424145.0,12.968583150349303,0.01819679166011804,-0.5909005096166761,-1.069489204531282,OUTER,False
2025-05-24,hvfhv,OUTER,417527.0,13.03669052434329,0.0222329474612239,-4.254318176552298,-9.025053676394023,OUTER,True
2025-05-25,hvfhv,OUTER,392396.0,12.881940991049524,0.015278441469399323,-0.12528621534375078,-0.19123472375277561,OUTER,False
2025-05-26,hvfhv,OUTER,316205.0,12.711581450598505,0.040900802639627636,-1.1597678071807271,-4.632795424635516,OUTER,False
2025-05-27,hvfhv,OUTER,325703.0,12.736641689760908,0.017037039696739944,-2.518071705667777,-4.1993281136770255,OUTER,False
2025-05-28,hvfhv,OUTER,365596.0,12.830112537748999,0.06822708693473176,-0.3052799276873964,-2.061294802493918,OUTER,False
2025-05-29,hvfhv,OUTER,370835.0,12.859006174771437,0.025462380575314542,-1.393965341932845,-3.4871162358049324,OUTER,False
2025-05-30,hvfhv,OUTER,421070.0,12.968583150349303,0.015068717216199574,-1.196437657149018,-1.78672345389419,OUTER,False
2025-05-31,hvfhv,OUTER,445180.0,13.035306920690545,0.028011063821071856,-1.0379094179233752,-2.8654394813201534,OUTER,False
2025-06-01,hvfhv,OUTER,381153.0,12.88639929805538,0.01042443777178547,-3.400005883185665,-3.4822396744503603,OUTER,False
2025-06-02,hvfhv,OUTER,301234.0,12.714932517287245,0.02987203100462009,-3.3238405158516318,-9.451979879935202,OUTER,False
2025-06-03,hvfhv,OUTER,315544.0,12.73752849512714,0.017037039696739944,-4.430058511235473,-7.269716388463177,OUTER,True
2025-06-04,hvfhv,OUTER,361497.0,12.835750115644952,0.06718236787628269,-0.5617708194375893,-3.703777454194046,OUTER,False
2025-06-05,hvfhv,OUTER,382523.0,12.867768929675911,0.036052183271503814,-0.36682573192347284,-1.3137804169826683,OUTER,False
2025-06-06,hvfhv,OUTER,417123.0,12.962255256796912,0.020462628959842334,-1.0320685343988667,-2.0897394472813025,OUTER,False
2025-06-07,hvfhv,OUTER,450098.0,13.01681685564635,0.047878651314212706,0.008432989583237158,0.04038416899001529,OUTER,False
2025-06-08,hvfhv,OUTER,392788.0,12.884984366025403,0.027499456402174924,-0.14396869777640692,-0.3951234178331431,OUTER,False
2025-06-09,hvfhv,OUTER,331962.0,12.695569970170158,0.04218265647818852,0.4078883309599146,1.7354685951921578,OUTER,False
2025-06-10,hvfhv,OUTER,342069.0,12.730079121897138,0.03245491808221131,0.3909616456818081,1.2769470390197268,OUTER,False
2025-06-11,hvfhv,OUTER,357822.0,12.835750115644952,0.06065241921906302,-0.7907216436173393,-4.682730579270666,OUTER,False
2025-06-12,hvfhv,OUTER,390048.0,12.859006174771437,0.036052183271503814,0.4165881597522088,1.5132263310010163,OUTER,False
2025-06-13,hvfhv,OUTER,427915.0,12.945845395471647,0.04314251405644001,0.48292181607611173,2.1053013795147013,OUTER,False
2025-06-14,hvfhv,OUTER,461951.0,13.011727294779373,0.04162133363556123,0.7565064908615927,3.198776261061864,OUTER,False
2025-06-15,hvfhv,OUTER,389835.0,12.880526059019548,0.023273785440198185,-0.30279592364533453,-0.7022434021748403,OUTER,False
2025-06-16,hvfhv,OUTER,333397.0,12.711581450598505,0.0677203817731584,0.08133150338595084,0.5522996278134906,OUTER,False
2025-06-17,hvfhv,OUTER,340286.0,12.722087616723456,0.04388365884130905,0.3521607622716143,1.5574134927451855,OUTER,False
2025-06-18,hvfhv,OUTER,385992.0,12.792899978411011,0.047848879077196635,1.4769822364817506,7.3229089333470165,OUTER,False
2025-06-19,hvfhv,OUTER,389286.0,12.859006174771437,0.03855837476031316,0.3387953013740833,1.3149095123935028,OUTER,False
2025-06-20,hvfhv,OUTER,430082.0,12.930106397408796,0.038217821255534835,1.0891455448640741,4.250322660927353,OUTER,False
2025-06-21,hvfhv,OUTER,467431.0,13.011727294779373,0.01979350503144126,2.186562126660531,4.422995483253556,OUTER,False
2025-06-22,hvfhv,OUTER,396306.0,12.872240899862925,0.013589529903767777,1.302548312690611,1.7858610757836901,OUTER,False
2025-06-23,hvfhv,OUTER,364484.0,12.69744036215593,0.04218265647818852,2.579201516626363,11.49366326174539,OUTER,False
2025-06-24,hvfhv,OUTER,392857.0,12.709065668603333,0.03872046625466353,4.445589245117757,18.78385230550208,OUTER,True
2025-06-25,hvfhv,OUTER,393289.0,12.778137727899143,0.04189530717250866,2.486251293702873,10.978051513285347,OUTER,False
2025-06-26,hvfhv,OUTER,385952.0,12.845420030894726,0.04096023248549833,0.44062878536234384,1.8212111563218114,OUTER,False
2025-06-27,hvfhv,OUTER,402783.0,12.945845395471647,0.035085715072371355,-1.131291211306101,-3.8914746958038093,OUTER,False
2025-06-28,hvfhv,OUTER,443938.0,13.02090729600323,0.01812185867628323,-0.9638693409462242,-1.731543845468242,OUTER,False
2025-06-29,hvfhv,OUTER,404568.0,12.866848114235784,0.015693471135326712,2.78631766773617,4.46971093516344,OUTER,False
2025-06-30,hvfhv,OUTER,334720.0,12.710884948557275,0.05440743112570803,0.1868254326854507,1.0216527825010369,OUTER,False
2025-07-01,hvfhv,OUTER,349258.0,12.73096592726337,0.04670095789316664,0.6980639646771911,3.3137465996985194,OUTER,False
2025-07-02,hvfhv,OUTER,345507.0,12.792899978411011,0.05379651833030155,-0.7459924392866405,-3.9337180645353076,OUTER,False
2025-07-03,hvfhv,OUTER,395660.0,12.859006174771437,0.027761977225655127,1.0555574112194241,2.9737958664673547,OUTER,False
2025-07-04,hvfhv,OUTER,373356.0,12.930106397408796,0.038217821255534835,-2.6118372812394512,-9.499854754690462,OUTER,False
2025-07-05,hvfhv,OUTER,399068.0,13.02090729600323,0.020192889065616414,-6.141775363789618,-11.66379931279452,OUTER,True
2025-07-06,hvfhv,OUTER,341790.0,12.872240899862925,0.01625924183813168,-8.013233876446519,-12.215839636310942,OUTER,True
2025-07-07,hvfhv,OUTER,308241.0,12.714932517287245,0.028869705830738168,-2.6427457977752224,-7.345743608527345,OUTER,False
2025-07-08,hvfhv,OUTER,335840.0,12.740154734776652,0.05361852296308185,-0.2940140617645723,-1.564098883116971,OUTER,False
2025-07-09,hvfhv,OUTER,342746.0,12.778137727899143,0.06153450865167632,-0.5426678718659309,-3.284141575349253,OUTER,False
2025-07-10,hvfhv,OUTER,352734.0,12.867768929675911,0.025360119500471276,-3.7184138225372636,-8.998975281496769,OUTER,True
2025-07-11,hvfhv,OUTER,401316.0,12.917386110717327,0.05151634620233388,-0.2888730652120122,-1.4771499820930512,OUTER,False
2025-07-12,hvfhv,OUTER,453429.0,13.007287378921337,0.040179224902598204,0.4307349709441459,1.7457224116930403,OUTER,False
2025-07-13,hvfhv,OUTER,385653.0,12.865429025316615,0.042918367038415055,-0.06374298695912943,-0.27320061705193854,OUTER,False
2025-07-14,hvfhv,OUTER,346452.0,12.695549527196704,0.03487063122978992,1.7192127175988272,6.178349074540246,OUTER,False
2025-07-15,hvfhv,OUTER,324888.0,12.73096592726337,0.0569275308313149,-0.6979073244431552,-3.8951247923231236,OUTER,False
2025-07-16,hvfhv,OUTER,350980.0,12.777204127613874,0.0635817290309233,-0.13714013411048553,-0.8681701328248081,OUTER,False
2025-07-17,hvfhv,OUTER,375606.0,12.836563563174582,0.06575625974355193,-0.0040690049293736034,-0.026752675336816356,OUTER,False
2025-07-18,hvfhv,OUTER,408022.0,12.910924541150663,0.02462829128525613,0.3309946376762052,0.818514900494427,OUTER,False
2025-07-19,hvfhv,OUTER,453868.0,13.001318283097337,0.04548441867194219,0.5330045641930848,2.4539663317103333,OUTER,False
2025-07-20,hvfhv,OUTER,388871.0,12.845950468859353,0.04507993159336524,0.5557346322531757,2.536892965980986,OUTER,False
2025-07-21,hvfhv,OUTER,321935.0,12.693570060000487,0.06383367259997232,-0.17960926793257526,-1.1399645187294194,OUTER,False
2025-07-22,hvfhv,OUTER,322968.0,12.707812960794096,0.05673044355392244,-0.39669061785525117,-2.225309883496618,OUTER,False
2025-07-23,hvfhv,OUTER,334293.0,12.785062296759342,0.0483294179829785,-1.3509197207687436,-6.320346348170503,OUTER,False
2025-07-24,hvfhv,OUTER,359595.0,12.822977419297873,0.07973002036677865,-0.3793269086595069,-2.979097611043746,OUTER,False
2025-07-25,hvfhv,OUTER,428176.0,12.904328830124609,0.019358724206766077,3.252320462569153,6.498506423109984,OUTER,False
2025-07-26,hvfhv,OUTER,447367.0,12.981216355087007,0.033382272939888255,0.8962304869215644,3.0370257277436696,OUTER,False
2025-07-27,hvfhv,OUTER,384560.0,12.830587879832539,0.053759423526252015,0.5444110225812063,2.9699716888899497,OUTER,False
2025-07-28,hvfhv,OUTER,330709.0,12.670269229129786,0.04017750717112415,0.9638448772674479,3.948446598641997,OUTER,False
2025-07-29,hvfhv,OUTER,346014.0,12.686040261081452,0.03460680421917177,1.9705446979641539,7.057325202525533,OUTER,False
2025-07-30,hvfhv,OUTER,364726.0,12.74875655475974,0.03991694850592444,1.4566522027536217,5.986878313734967,OUTER,False
2025-07-31,hvfhv,OUTER,392950.0,12.785499910694046,0.03315674344439346,2.893461046956239,10.069053903221947,OUTER,False
2025-08-01,hvfhv,OUTER,406645.0,12.902181633353427,0.03344854892860685,0.4040299209649846,1.36059443306078,OUTER,False
2025-08-02,hvfhv,OUTER,442058.0,12.96227162170323,0.04141993649330259,0.8914729377534288,3.761493993631637,OUTER,False
2025-08-03,hvfhv,OUTER,372924.0,12.845950468859353,0.04309316571296606,-0.39032974409859933,-1.6679868839653444,OUTER,False
2025-08-04,hvfhv,OUTER,320663.0,12.655047485972355,0.032222618816182665,0.7168418110997395,2.3367357173496917,OUTER,False
2025-08-05,hvfhv,OUTER,320522.0,12.686040261081452,0.03839556835100199,-0.21705800191569743,-0.8299433301429904,OUTER,False
2025-08-06,hvfhv,OUTER,335673.0,12.756614723905209,0.0655067298079429,-0.4995207854524769,-3.2192401291535333,OUTER,False
2025-08-07,hvfhv,OUTER,349735.0,12.788118384403496,0.02682714824004225,-0.864325211348757,-2.2920619074880966,OUTER,False
2025-08-08,hvfhv,OUTER,399187.0,12.910179167916123,0.012763356972490836,-1.0180636791088697,-1.2909853774190072,OUTER,False
2025-08-09,hvfhv,OUTER,425622.0,12.984186803217186,0.03908611223358132,-0.5853714914783916,-2.2620135863062885,OUTER,False
2025-08-10,hvfhv,OUTER,374013.0,12.844492513541027,0.045254730267916245,-0.2750359645605187,-1.2369538863993723,OUTER,False
2025-08-11,hvfhv,OUTER,315651.0,12.665932415299574,0.02884828369558916,-0.12270967244635946,-0.3533705159213252,OUTER,False
2025-08-12,hvfhv,OUTER,323441.0,12.675150709336009,0.019453857286025257,0.5973769914387851,1.1689076236012452,OUTER,False
2025-08-13,hvfhv,OUTER,362812.0,12.735059363827675,0.04092851912257991,1.6267558746507953,6.8847226102981995,OUTER,False
2025-08-14,hvfhv,OUTER,365733.0,12.788118384403496,0.02449227084910932,0.8794796405529507,2.1774123904918063,OUTER,False
2025-08-15,hvfhv,OUTER,412672.0,12.910179167916123,0.01622788409975338,1.2465703788407019,2.0435196595324,OUTER,False
2025-08-16,hvfhv,OUTER,426444.0,12.984186803217186,0.03908611223358132,-0.5360079582345916,-2.07325307855033,OUTER,False
2025-08-17,hvfhv,OUTER,321718.0,12.845950468859353,0.04309316571296606,-3.8177702130855686,-15.169904335295092,OUTER,True
2025-08-18,hvfhv,OUTER,271211.0,12.670269229129786,0.02443126347344552,-6.53330248783387,-14.752963631276138,OUTER,True
2025-08-19,hvfhv,OUTER,307122.0,12.681507360911127,0.01704212985996844,-2.728944065516424,-4.544213963369293,OUTER,False
2025-08-20,hvfhv,OUTER,368783.0,12.735059363827675,0.04010434753662329,2.067215038321706,8.64378426952146,OUTER,False
2025-08-21,hvfhv,OUTER,346268.0,12.79502821369182,0.023271403856775143,-1.7214214168736819,-3.9268103686110667,OUTER,False
2025-08-22,hvfhv,OUTER,389453.0,12.919539439104675,0.02392688466435192,-1.966029856164101,-4.595169020237888,OUTER,False
2025-08-23,hvfhv,OUTER,424390.0,12.982646172424525,0.03020730889939281,-0.8023902340195705,-2.3946667060612215,OUTER,False
2025-08-24,hvfhv,OUTER,362961.0,12.840333431238808,0.041954368409400124,-0.9124857132075856,-3.7559239050956816,OUTER,False
2025-08-25,hvfhv,OUTER,311048.0,12.658055638026436,0.03350607320562948,-0.3089922795439528,-1.0299708888493075,OUTER,False
2025-08-26,hvfhv,OUTER,305579.0,12.675150709336009,0.023762607652492506,-1.9016049652864735,-4.418136158642683,OUTER,False
2025-08-27,hvfhv,OUTER,323512.0,12.756799352702963,0.0655067298079429,-1.0656594580620158,-6.742701850284483,OUTER,False
2025-08-28,hvfhv,OUTER,354430.0,12.803490794102526,0.02602589411800544,-0.9692135741751099,-2.490916659718301,OUTER,False
2025-08-29,hvfhv,OUTER,401057.0,12.919539439104675,0.019085420582570827,-0.9263929082758919,-1.7525213613697632,OUTER,False
2025-08-30,hvfhv,OUTER,423056.0,12.982646172424525,0.03020730889939281,-0.9066128844163388,-2.7014729800405646,OUTER,False
2025-08-31,hvfhv,OUTER,392005.0,12.830587879832539,0.04141321024593396,1.169723227759481,4.963448491531408,OUTER,False
2025-09-01,hvfhv,OUTER,310285.0,12.658055638026436,0.026282312881312615,-0.4873668893625541,-1.2727441335311451,OUTER,False
2025-09-02,hvfhv,OUTER,318888.0,12.671684531851193,0.039546356387088394,0.023028444874837538,0.09111058930999505,OUTER,False
2025-09-03,hvfhv,OUTER,332127.0,12.742233431772755,0.05958661470444422,-0.486027391273842,-2.854538424794062,OUTER,False
2025-09-04,hvfhv,OUTER,356291.0,12.787794447241083,0.03582943922306598,-0.11977177628023968,-0.42821608698102587,OUTER,False
2025-09-05,hvfhv,OUTER,402183.0,12.924007361213357,0.014362133253886545,-1.3469359302402915,-1.9158961993173684,OUTER,False
2025-09-06,hvfhv,OUTER,428985.0,12.979675724294346,0.033865170283215146,-0.3100085410068631,-1.0443575212267797,OUTER,False
2025-09-07,hvfhv,OUTER,363400.0,12.850103322936032,0.03540954327814554,-1.3229170346497117,-4.576364628339902,OUTER,False
2025-09-08,hvfhv,OUTER,312925.0,12.655047485972355,0.027431292952218904,-0.04843598799538878,-0.13277794958679312,OUTER,False
2025-09-09,hvfhv,OUTER,316685.0,12.6728209565774,0.03786149308801405,-0.18905986066475006,-0.713253051025553,OUTER,False
2025-09-10,hvfhv,OUTER,343254.0,12.752806807599487,0.0655067298079429,-0.10046037624764334,-0.655922447841506,OUTER,False
2025-09-11,hvfhv,OUTER,361249.0,12.796580964814204,0.029908043239636514,0.024802205169674935,0.07420606155010834,OUTER,False
2025-09-12,hvfhv,OUTER,409783.0,12.927520029848473,0.02392688466435192,-0.17290172250177474,-0.4128453978270885,OUTER,False
2025-09-13,hvfhv,OUTER,451818.0,12.982646172424525,0.037691239505087674,1.0185006102058936,3.9134910770774356,OUTER,False
2025-09-14,hvfhv,OUTER,396090.0,12.850103322936032,0.056168626318828324,0.699561601921416,4.007561184262243,OUTER,False
2025-09-15,hvfhv,OUTER,323410.0,12.650710672142143,0.03000240593196078,1.1987530282070424,3.6620056528783307,OUTER,False
2025-09-16,hvfhv,OUTER,326304.0,12.669129045454437,0.04739958099306143,0.5581419741534832,2.6808754220601916,OUTER,False
2025-09-17,hvfhv,OUTER,350590.0,12.742233431772755,0.047022118796345096,0.5346270521287987,2.5457953543416734,OUTER,False
2025-09-18,hvfhv,OUTER,367054.0,12.790412920950534,0.04717871983818586,0.4843568097068414,2.311442614331294,OUTER,False
2025-09-19,hvfhv,OUTER,415376.0,12.924007361213357,0.030759052751587485,0.4204307593025317,1.30160325103843,OUTER,False
2025-09-20,hvfhv,OUTER,440698.0,13.014187871761283,0.04034044846620409,-0.4480059063118948,-1.7910426269573732,OUTER,False
2025-09-21,hvfhv,OUTER,380264.0,12.873986732674428,0.028029382215246527,-0.904968406113506,-2.5046698810919477,OUTER,False
2025-09-22,hvfhv,OUTER,306492.0,12.673549639589123,0.023725169811638774,-1.7113768641338323,-3.9789460621793116,OUTER,False
2025-09-23,hvfhv,OUTER,289081.0,12.684315715689749,0.024883823702187113,-4.414655575586807,-10.403462528819718,OUTER,True
2025-09-24,hvfhv,OUTER,316145.0,12.752631886183242,0.02877254412257402,-3.081953327496356,-8.485763724532669,OUTER,False
2025-09-25,hvfhv,OUTER,369022.0,12.805293502708134,0.05711822310171437,0.23316620178788797,1.3407119234823517,OUTER,False
2025-09-26,hvfhv,OUTER,410295.0,12.933694487379476,0.04512118600547534,-0.2008545437517377,-0.9021851880405163,OUTER,False
2025-09-27,hvfhv,OUTER,450955.0,13.015143815573158,0.041145011635511194,0.09670721929098851,0.39869464718604863,OUTER,False
2025-09-28,hvfhv,OUTER,388071.0,12.880732307611297,0.04541053267954654,-0.2596031220097231,-1.1719501393598009,OUTER,False
2025-09-29,hvfhv,OUTER,319151.0,12.68017790114132,0.027037420868158996,-0.249960126451821,-0.6735491343993538,OUTER,False
2025-09-30,hvfhv,OUTER,328119.0,12.684315715689749,0.02624554507309902,0.6407148607494649,1.6958094046518823,OUTER,False
2025-10-01,hvfhv,OUTER,340524.0,12.763205262009976,0.028126464089710587,-0.8875760302137277,-2.4655342269435665,OUTER,False
2025-10-02,hvfhv,OUTER,337792.0,12.8369645567223,0.04118721684570617,-2.592526625418004,-10.127569161707262,OUTER,False
2025-10-03,hvfhv,OUTER,412689.0,12.952160049000476,0.041739174913181624,-0.5201465386849922,-2.1476511033657997,OUTER,False
2025-10-04,hvfhv,OUTER,446526.0,13.02610500647553,0.041145011635511194,-0.4095781607349052,-1.6710895880109655,OUTER,False
2025-10-05,hvfhv,OUTER,381393.0,12.885915739285329,0.03399906465123401,-1.0097372116608554,-3.374752800033831,OUTER,False
2025-10-06,hvfhv,OUTER,319234.0,12.68779421831361,0.03462569357536752,-0.40763264732375887,-1.4015419694861309,OUTER,False
2025-10-07,hvfhv,OUTER,319032.0,12.701099624837319,0.020463362007284446,-1.3708859087665184,-2.7663104846839426,OUTER,False
2025-10-08,hvfhv,OUTER,353877.0,12.763205262009976,0.028126464089710587,0.4799541121974249,1.3590940561366116,OUTER,False
2025-10-09,hvfhv,OUTER,382819.0,12.836103094952739,0.04118721684570617,0.46651553860050093,1.9400262726352535,OUTER,False
2025-10-10,hvfhv,OUTER,428579.0,12.951012111976429,0.03479882377977913,0.4947940832775917,1.7367340666395226,OUTER,False
2025-10-11,hvfhv,OUTER,456423.0,13.020078779048,0.025789483944450377,0.43027270600256734,1.1158305678623748,OUTER,False
2025-10-12,hvfhv,OUTER,406284.0,12.882483043116592,0.024006267807175467,1.3465091106547369,3.2852775119905697,OUTER,False
2025-10-13,hvfhv,OUTER,324549.0,12.68779421831361,0.03462569357536752,0.06924300155032752,0.24004634639560596,OUTER,False
2025-10-14,hvfhv,OUTER,328098.0,12.702133307412904,0.036131901022396454,-0.029494273887194382,-0.10651165450881184,OUTER,False
2025-10-15,hvfhv,OUTER,347680.0,12.77623253588402,0.012450377088995894,-1.3810618161084742,-1.7047754512290347,OUTER,False
2025-10-16,hvfhv,OUTER,388025.0,12.854456109833407,0.03984739403282123,0.3605992320135858,1.447266913173495,OUTER,False
2025-10-17,hvfhv,OUTER,428215.0,12.966657587461704,0.04814394991356036,0.015019486839161336,0.07233589200785762,OUTER,False
2025-10-18,hvfhv,OUTER,465850.0,13.025149062663655,0.03330668643302095,0.7947326212755427,2.682334990292068,OUTER,False
2025-10-19,hvfhv,OUTER,393342.0,12.891929473985183,0.034407659234359886,-0.2759482268529672,-0.9449799903017086,OUTER,False
2025-10-20,hvfhv,OUTER,324134.0,12.70516042499191,0.046866150438171925,-0.3466923423271654,-1.6116846546613495,OUTER,False
2025-10-21,hvfhv,OUTER,335437.0,12.702133307412904,0.042084900503862765,0.5003250729460741,2.127937537402036,OUTER,False
2025-10-22,hvfhv,OUTER,356528.0,12.77623253588402,0.022951608796919952,0.34575010897683606,0.7967090943517441,OUTER,False
2025-10-23,hvfhv,OUTER,382889.0,12.862071310561177,0.03816690959350285,-0.1721622658445129,-0.6549360469199073,OUTER,False
2025-10-24,hvfhv,OUTER,443248.0,12.96780552448575,0.042207255259039005,0.8074248634513463,3.4666535948257193,OUTER,False
2025-10-25,hvfhv,OUTER,479635.0,13.04139713148488,0.043066015960061516,0.9144924272922433,4.016935939669275,OUTER,False
2025-10-26,hvfhv,OUTER,406508.0,12.891929473985183,0.03399906465123401,0.6891193692623837,2.370603886954492,OUTER,False
2025-10-27,hvfhv,OUTER,339404.0,12.70516042499191,0.046866150438171925,0.6355544875406373,3.023403226657284,OUTER,False
2025-10-28,hvfhv,OUTER,341621.0,12.713162213353339,0.021312982861666992,1.3275946049956422,2.86991069948328,OUTER,False
2025-10-29,hvfhv,OUTER,358613.0,12.78037605816318,0.01923964325294118,0.5001669364578218,0.9669483688428793,OUTER,False
2025-10-30,hvfhv,OUTER,446390.0,12.86216272922233,0.013914417390296871,10.549170333546263,15.810559124398416,OUTER,True
2025-10-31,hvfhv,OUTER,515474.0,12.96780552448575,0.03977818155883777,4.651711389528896,20.326250304883974,OUTER,True
2025-11-01,hvfhv,OUTER,526649.0,13.04139713148488,0.049076529227070724,2.707861417193218,14.212714450969877,OUTER,False
2025-11-02,hvfhv,OUTER,400844.0,12.898669523117828,0.035013705578559165,0.07591541668419949,0.26616158755696784,OUTER,False
2025-11-03,hvfhv,OUTER,334412.0,12.750989830153003,0.054964201499311444,-0.5614706407969628,-3.038945241045865,OUTER,False
2025-11-04,hvfhv,OUTER,328777.0,12.735637828819545,0.05005428921510065,-0.6493517528661035,-3.198029977475947,OUTER,False
2025-11-05,hvfhv,OUTER,353543.0,12.787083574357148,0.028484214626195357,-0.39752462369460373,-1.1259310817399393,OUTER,False
2025-11-06,hvfhv,OUTER,382160.0,12.887814538399773,0.048044465665915345,-0.7122545721266414,-3.3641011729344195,OUTER,False
2025-11-07,hvfhv,OUTER,427233.0,12.994635540375967,0.04954993810267208,-0.5963827740614303,-2.911837598651945,OUTER,False
2025-11-08,hvfhv,OUTER,449300.0,13.078118458091065,0.04401844918734423,-1.4237748987038965,-6.074884331737884,OUTER,False
2025-11-09,hvfhv,OUTER,393380.0,12.915083294702463,0.025436709497113463,-1.2797233031368735,-3.202783753056204,OUTER,False
2025-11-10,hvfhv,OUTER,360041.0,12.750989830153003,0.04597773498639202,0.9348734272371951,4.392052666975443,OUTER,False
2025-11-11,hvfhv,OUTER,337668.0,12.755023574370224,0.07846255537677496,-0.3212377041118568,-2.4890133895036026,OUTER,False
2025-11-12,hvfhv,OUTER,356485.0,12.818536314007057,0.061730014546695994,-0.5587050650379118,-3.3900909421798575,OUTER,False
2025-11-13,hvfhv,OUTER,389401.0,12.934113613406407,0.0916284056186003,-0.6739031746670129,-5.988086598610209,OUTER,False
2025-11-14,hvfhv,OUTER,436868.0,13.018053673724765,0.10312564997101512,-0.29737805076994955,-3.0201833368197706,OUTER,False
2025-11-15,hvfhv,OUTER,477088.0,13.089268894020007,0.08263472741249506,-0.16715314764615882,-1.371769778126397,OUTER,False
2025-11-16,hvfhv,OUTER,412179.0,12.908343245569817,0.03916473150289086,0.5328711222414685,2.1089050649093277,OUTER,False
2025-11-17,hvfhv,OUTER,355810.0,12.77364607629682,0.06836023278678138,0.12443028428489482,0.854236271771569,OUTER,False
2025-11-18,hvfhv,OUTER,351017.0,12.798029393402267,0.11868715404460659,-0.24804250565827374,-2.901033952956389,OUTER,False
2025-11-19,hvfhv,OUTER,384244.0,12.818536314007057,0.05727638745005511,0.7070406190176327,4.132790709323131,OUTER,False
2025-11-20,hvfhv,OUTER,401621.0,12.968526132153304,0.047684937461532254,-1.368608176885201,-6.31780117583064,OUTER,False
2025-11-21,hvfhv,OUTER,457816.0,13.053042059288297,0.1224929930451101,-0.1536367360357586,-1.8643443960155048,OUTER,False
2025-11-22,hvfhv,OUTER,487847.0,13.095889862139641,0.07497081456333914,0.024906344652191013,0.18689933412547877,OUTER,False
2025-11-23,hvfhv,OUTER,414682.0,12.9222859439856,0.06119688436940274,0.21212348585436494,1.306591923921685,OUTER,False
2025-11-24,hvfhv,OUTER,355137.0,12.788062676166298,0.08973428375326858,-0.08696527498314227,-0.7773396327311222,OUTER,False
2025-11-25,hvfhv,OUTER,401510.0,12.811595753355636,0.11377307271608253,0.8032829132730509,9.569839685422377,OUTER,False
2025-11-26,hvfhv,OUTER,419233.0,12.853053291435703,0.09789611437478157,0.9513027092415232,9.76031400618873,OUTER,False
2025-11-27,hvfhv,OUTER,439077.0,12.934113613406407,0.08892661829873481,0.6557818459677878,6.005040820496066,OUTER,False
2025-11-28,hvfhv,OUTER,382789.0,13.069211021213127,0.12265236656031919,-1.7445388515354923,-19.26288625274597,OUTER,False
2025-11-29,hvfhv,OUTER,382098.0,13.104378079205645,0.073265149189878,-3.4251712142954225,-22.193536513058596,OUTER,False
2025-11-30,hvfhv,OUTER,361671.0,12.932240120209755,0.06077708390118596,-2.2006630433862724,-12.519115769264,OUTER,False
2025-12-01,hvfhv,OUTER,350471.0,12.788062676166298,0.0659948545737638,-0.3186526163707425,-2.080985643351474,OUTER,False
2025-12-02,hvfhv,OUTER,393681.0,12.85280247235254,0.11306383427132725,0.26970377853128713,3.096343961842507,OUTER,False
2025-12-03,hvfhv,OUTER,379676.0,12.91896352972749,0.09475793942205953,-0.758669867025256,-6.936673392595106,OUTER,False
2025-12-04,hvfhv,OUTER,427181.0,12.903264136829192,0.10204000058830587,0.6046545746639186,6.364209042853797,OUTER,False
2025-12-05,hvfhv,OUTER,491000.0,12.987386368952,0.19592138895819647,0.5962240184484501,12.39092815221088,OUTER,False
2025-12-06,hvfhv,OUTER,494350.0,13.075456239228126,0.08897103974625575,0.3994873859912257,3.6182004158561654,OUTER,False
2025-12-07,hvfhv,OUTER,427233.0,12.929212999998049,0.07734663790618837,0.4637798333417218,3.6522966963381975,OUTER,False
2025-12-08,hvfhv,OUTER,387220.0,12.782152159496261,0.022415305464869768,3.7740340670118355,8.827745144880716,OUTER,True
2025-12-09,hvfhv,OUTER,382545.0,12.883296215670752,0.05606413581735675,-0.5118181679737817,-2.8286861697667587,OUTER,False
2025-12-10,hvfhv,OUTER,404105.0,12.928497035290006,0.10298730986184644,-0.18513942300861103,-1.8886385487176138,OUTER,False
2025-12-11,hvfhv,OUTER,439031.0,12.934113613406407,0.07138127651661491,0.8155036451105891,5.993935178711762,OUTER,False
2025-12-12,hvfhv,OUTER,503997.0,13.010804502300797,0.18455419941851697,0.6476205512018793,12.695701399285175,OUTER,False
2025-12-13,hvfhv,OUTER,534317.0,13.086606675157068,0.04181680203624403,2.442508624289224,10.753619001058002,OUTER,False
2025-12-14,hvfhv,OUTER,464001.0,12.932240120209755,0.06077708390118596,1.8987726748514877,12.232437115350002,OUTER,False
2025-12-15,hvfhv,OUTER,417711.0,12.78120553450027,0.021058374085753034,7.661538809749173,17.508390120555873,OUTER,True
2025-12-16,hvfhv,OUTER,408853.0,12.868948894029216,0.03853599594305564,1.3535932291840325,5.354646977869115,OUTER,False
2025-12-17,hvfhv,OUTER,411884.0,12.927806077214813,0.09475793942205953,0.007291822504871646,0.06911968417133707,OUTER,False
2025-12-18,hvfhv,OUTER,430236.0,12.96496308998362,0.04072255244492659,0.17499110226471978,0.7151535297683864,OUTER,False
2025-12-19,hvfhv,OUTER,527106.0,13.034222635649595,0.1424822470211738,0.9891359317715135,15.13490135775064,OUTER,False
2025-12-20,hvfhv,OUTER,498134.0,13.097757111086011,0.1348980136590516,0.1546893424554307,2.1086529178204083,OUTER,False
2025-12-21,hvfhv,OUTER,434253.0,12.935267240421464,0.16660679835587738,0.2767915389766219,4.719520017748424,OUTER,False
2025-12-22,hvfhv,OUTER,395560.0,12.78025890950428,0.019701442706638934,5.4716222301487045,11.382367931248961,OUTER,True
2025-12-23,hvfhv,OUTER,415677.0,12.883296215670752,0.04254267813148374,1.2779538586987116,5.5872648159297045,OUTER,False
2025-12-24,hvfhv,OUTER,436638.0,12.928497035290006,0.028268750693971383,2.064566660235272,6.009944547493906,OUTER,False
2025-12-25,hvfhv,OUTER,359720.0,12.98220723946067,0.015078709901689212,-12.542585583600317,-17.231779564129603,OUTER,True
2025-12-26,hvfhv,OUTER,359235.0,13.117262500715748,0.052600823691185634,-6.188694937759667,-27.78558102977955,OUTER,True
2025-12-27,hvfhv,OUTER,342333.0,13.114811721721377,0.05763275949535631,-6.442039188129012,-31.014406647874694,OUTER,True
2025-12-28,hvfhv,OUTER,347141.0,12.97323370168904,0.06119963422984822,-3.5253051419537136,-19.4061131782679,OUTER,True
2025-12-29,hvfhv,OUTER,350449.0,12.877403023663542,0.05618816701369239,-1.9654059045267687,-10.455327863390085,OUTER,False
2025-12-30,hvfhv,OUTER,381171.0,12.902203586444177,0.040302686814935894,-1.2703920798600952,-4.991156963676779,OUTER,False
2025-12-31,hvfhv,OUTER,511359.0,12.91896352972749,0.057398659838122,3.93499843825827,25.34047353700504,OUTER,True
2024-01-01,yellow,AIRPORT,7695.0,8.962225539511891,0.055707515041901856,-0.24950840525657106,-1.380334128609395,AIRPORT,False
2024-01-02,yellow,AIRPORT,9187.0,8.709775736383062,0.08687567691634566,4.785792740225295,51.55357152586413,AIRPORT,True
2024-01-03,yellow,AIRPORT,8524.0,8.773781069436499,0.15966050399881257,1.7340539259732521,31.89816001401098,AIRPORT,False
2024-01-04,yellow,AIRPORT,7658.0,8.806111510551801,0.01913932838662449,7.178654271978319,14.728080085520334,AIRPORT,True
2024-01-05,yellow,AIRPORT,6866.0,8.738368200653142,0.0723377477433601,1.3266762701124346,10.072469152857998,AIRPORT,False
2024-01-06,yellow,AIRPORT,6307.0,8.487633588654052,0.09829070729030251,2.6633424992702897,29.924304007045443,AIRPORT,False
2024-01-07,yellow,AIRPORT,7775.0,8.898774426682376,0.011204252860842734,5.3456764238497385,6.172432735869404,AIRPORT,True
2024-01-08,yellow,AIRPORT,7342.0,8.94832604627298,0.024281577784985107,-1.9339551421258394,-4.5873944119558585,AIRPORT,False
2024-01-09,yellow,AIRPORT,5469.0,8.747352077624353,0.07686591711342616,-1.8278714357919128,-13.1077216396569,AIRPORT,False
2024-01-10,yellow,AIRPORT,7024.0,8.719317375506371,0.11506207950541887,1.1973602458844286,14.771241830065485,AIRPORT,False
2024-01-11,yellow,AIRPORT,7763.0,8.811205187562887,0.03827865677324634,3.8120185279013814,15.710239976151485,AIRPORT,True
2024-01-12,yellow,AIRPORT,7919.0,8.762333040602343,0.10112810154313198,2.1229230088582636,23.947409610267712,AIRPORT,False
2024-01-13,yellow,AIRPORT,6440.0,8.51959031601596,0.1407745100674344,1.780816022462813,28.491620111731763,AIRPORT,False
2024-01-14,yellow,AIRPORT,7333.0,8.89740886527095,0.018359343024526187,0.14875928943650038,0.2734855736361119,AIRPORT,False
2024-01-15,yellow,AIRPORT,8497.0,8.939942226570082,0.0229916812346255,4.676744224842708,11.35200484341694,AIRPORT,True
2024-01-16,yellow,AIRPORT,7909.0,8.709775736383062,0.10415340188397038,2.5537417820751047,30.47101308349387,AIRPORT,False
2024-01-17,yellow,AIRPORT,7376.0,8.719153950108609,0.0786703368832832,2.3748826117906288,20.542573925455066,AIRPORT,False
2024-01-18,yellow,AIRPORT,6709.0,8.820219720580658,0.06122951286193222,-0.14722529375822338,-0.8974023929895103,AIRPORT,False
2024-01-19,yellow,AIRPORT,5795.0,8.832439992317116,0.09095203731457578,-1.8437106137961219,-15.438341941171174,AIRPORT,False
2024-01-20,yellow,AIRPORT,5170.0,8.51638774301733,0.140921616549297,0.24297354319071246,3.483316913680179,AIRPORT,False
2024-01-21,yellow,AIRPORT,7844.0,8.895971000534752,0.011204252860841417,6.38446736876956,7.415379781717357,AIRPORT,True
2024-01-22,yellow,AIRPORT,7915.0,8.94793610670867,0.04540523807120615,0.6294178121392683,2.8991159646384768,AIRPORT,False
2024-01-23,yellow,AIRPORT,6149.0,8.747352077624353,0.3386325901222222,-0.06882778666539842,-2.3037813790913075,AIRPORT,False
2024-01-24,yellow,AIRPORT,5946.0,8.794218683679489,0.11153326848690581,-0.9301680254589321,-9.854457246816217,AIRPORT,False
2024-01-25,yellow,AIRPORT,6641.0,8.839421607620602,0.09928414002389256,-0.38680673540252264,-3.767569917403335,AIRPORT,False
2024-01-26,yellow,AIRPORT,6389.0,8.834336974017637,0.07515104294763669,-0.9581228761584116,-6.947276434605287,AIRPORT,False
2024-01-27,yellow,AIRPORT,4558.0,8.550627967502475,0.11818593616949956,-1.0660215739726855,-11.83752417794971,AIRPORT,False
2024-01-28,yellow,AIRPORT,7313.0,8.9001399880938,0.08677472319865796,-0.031473714028415645,-0.27273966998511145,AIRPORT,False
2024-01-29,yellow,AIRPORT,7692.0,8.962420509294045,0.07869919627652604,-0.1840476557661446,-1.438000826383301,AIRPORT,False
2024-01-30,yellow,AIRPORT,5976.0,8.842679327047776,0.20846337674571766,-0.7059877976295255,-13.685501446877602,AIRPORT,False
2024-01-31,yellow,AIRPORT,5663.0,8.825653409497221,0.15789609848955474,-1.1649707949913954,-16.80178921527218,AIRPORT,False
2024-02-01,yellow,AIRPORT,6538.0,8.88210548407698,0.10816971677716228,-0.8941402425234436,-9.218884110226144,AIRPORT,False
2024-02-02,yellow,AIRPORT,6090.0,8.844500951194085,0.09095203731457578,-1.4303977605270637,-12.19902586616225,AIRPORT,False
2024-02-03,yellow,AIRPORT,4528.0,8.590485628425684,0.10985752490642801,-1.5697605483971206,-15.83996394113305,AIRPORT,False
2024-02-04,yellow,AIRPORT,7223.0,8.929404362570617,0.05409344049005867,-0.8204082439150178,-4.3408376702735225,AIRPORT,False
2024-02-05,yellow,AIRPORT,7570.0,9.011991705659327,0.12875114944538876,-0.6216904437174181,-7.6923678357614715,AIRPORT,False
2024-02-06,yellow,AIRPORT,6294.0,8.807434160978925,0.22157077827479071,-0.27116429261289643,-5.831276643531947,AIRPORT,False
2024-02-07,yellow,AIRPORT,6120.0,8.825653409497221,0.13862031310161282,-0.7671028265020756,-10.087753840272995,AIRPORT,False
2024-02-08,yellow,AIRPORT,6901.0,8.867997274048122,0.11818139436416562,-0.24179496765341923,-2.8171243446160843,AIRPORT,False
2024-02-09,yellow,AIRPORT,6840.0,8.869845293210691,0.12900274305631396,-0.30466237897699755,-3.8539967417420495,AIRPORT,False
2024-02-10,yellow,AIRPORT,5012.0,8.59012829412425,0.10334660367469414,-0.6825379412595376,-6.810765265474261,AIRPORT,False
2024-02-11,yellow,AIRPORT,7292.0,8.933822087705018,0.09141779898479072,-0.4297735489453253,-3.8527150408626754,AIRPORT,False
2024-02-12,yellow,AIRPORT,7460.0,9.06923102667358,0.1056587532283567,-1.4378395431889268,-14.094328392223076,AIRPORT,False
2024-02-13,yellow,AIRPORT,4789.0,8.914415076237791,0.12871237473151048,-3.4211021031482924,-35.61813396872909,AIRPORT,False
2024-02-14,yellow,AIRPORT,6118.0,8.83510228750273,0.16937868632032088,-0.6855157830914822,-10.962429313836331,AIRPORT,False
2024-02-15,yellow,AIRPORT,6454.0,8.88210548407698,0.11266866514843187,-0.9732085786284829,-10.385236776904271,AIRPORT,False
2024-02-16,yellow,AIRPORT,7223.0,8.842603969493565,0.12925280697778901,0.32820709699999984,4.333434815633375,AIRPORT,False
2024-02-17,yellow,AIRPORT,4980.0,8.59012829412425,0.09859846894692428,-0.7803683457495785,-7.405748408232704,AIRPORT,False
2024-02-18,yellow,AIRPORT,6535.0,8.987925383350472,0.13633156796258628,-1.4890003857936844,-18.371992789871648,AIRPORT,False
2024-02-19,yellow,AIRPORT,9220.0,9.033754293329364,0.13908577017731066,0.6857353063486458,10.007243014314348,AIRPORT,False
2024-02-20,yellow,AIRPORT,8029.0,8.819087826814368,0.17976513855188195,0.9552877757817018,18.735416310769203,AIRPORT,False
2024-02-21,yellow,AIRPORT,6596.0,8.797651633416171,0.18844341188463157,-0.01821740384738949,-0.34270639019197136,AIRPORT,False
2024-02-22,yellow,AIRPORT,7516.0,8.89211635589307,0.1496945827120523,0.21826444249579802,3.321262826161697,AIRPORT,False
2024-02-23,yellow,AIRPORT,7007.0,8.89686012527893,0.10303986589417438,-0.4095036085521759,-4.131736957807853,AIRPORT,False
2024-02-24,yellow,AIRPORT,5599.0,8.574609468380991,0.1689857239806415,0.32981378340744566,5.731621087155414,AIRPORT,False
2024-02-25,yellow,AIRPORT,8171.0,8.960046739431238,0.18432396997017636,0.2620377586337988,4.948528577197586,AIRPORT,False
2024-02-26,yellow,AIRPORT,8875.0,9.118995759788485,0.0593007665876718,-0.47220545460349933,-2.7613719402146075,AIRPORT,False
2024-02-27,yellow,AIRPORT,7616.0,8.931009019594425,0.10751847617697304,0.06508236654375683,0.7022096984770965,AIRPORT,False
2024-02-28,yellow,AIRPORT,7691.0,8.83510228750273,0.1670618202593358,0.6746233542731037,11.930035329729428,AIRPORT,False
2024-02-29,yellow,AIRPORT,8001.0,8.934800232349446,0.13406206946548987,0.39177062319032135,5.392530606890644,AIRPORT,False
2024-03-01,yellow,AIRPORT,7606.0,8.89686012527893,0.10077289165037999,0.3952706184860513,4.063651876539587,AIRPORT,False
2024-03-02,yellow,AIRPORT,5725.0,8.629717978265699,0.15818004768315413,0.1446443498523345,2.3143601618513143,AIRPORT,False
2024-03-03,yellow,AIRPORT,8289.0,9.023652667302635,0.1898152259124763,-0.0050999792374670765,-0.09675852982767852,AIRPORT,False
2024-03-04,yellow,AIRPORT,9035.0,9.129455590334203,0.043793021820589674,-0.4702664134994937,-2.0383771227885483,AIRPORT,False
2024-03-05,yellow,AIRPORT,7265.0,8.981004864684575,0.05458853480085166,-1.6520188535777496,-8.623448508960173,AIRPORT,False
2024-03-06,yellow,AIRPORT,7158.0,8.907217242141,0.09307464126380086,-0.3355516646742669,-3.0748689945238827,AIRPORT,False
2024-03-07,yellow,AIRPORT,7668.0,8.994949867775201,0.0821660016040987,-0.610213015490893,-4.890256237015167,AIRPORT,False
2024-03-08,yellow,AIRPORT,7396.0,8.951588233776317,0.04199088989253133,-1.0214987436341803,-4.198672227517564,AIRPORT,False
2024-03-09,yellow,AIRPORT,5595.0,8.641470558885667,0.08220319285020249,-0.14405691225668618,-1.17720983415458,AIRPORT,False
2024-03-10,yellow,AIRPORT,9420.0,9.030821684406044,0.12401806845296784,0.9657357565586129,12.723607273791071,AIRPORT,False
2024-03-11,yellow,AIRPORT,9432.0,9.118995759788485,0.03469823426082186,0.9472436603448173,3.341379139143208,AIRPORT,False
2024-03-12,yellow,AIRPORT,8198.0,8.981004864684575,0.09872602035120044,0.3103602907390511,3.1114892117749315,AIRPORT,False
2024-03-13,yellow,AIRPORT,8040.0,8.908896504844567,0.05572999042756054,1.4944889939772192,8.685462259123788,AIRPORT,False
2024-03-14,yellow,AIRPORT,8124.0,8.99192498047049,0.06732388304956523,0.15823422160517928,1.0709886848468297,AIRPORT,False
2024-03-15,yellow,AIRPORT,7860.0,8.951588233776317,0.05605939469266999,0.32026124693928193,1.8115787306263842,AIRPORT,False
2024-03-16,yellow,AIRPORT,6228.0,8.641470558885667,0.020901472713901702,4.561399829247982,10.00327741785263,AIRPORT,True
2024-03-17,yellow,AIRPORT,9262.0,9.06711245967564,0.1029228166846557,0.6467256679245268,6.8828113619815,AIRPORT,False
2024-03-18,yellow,AIRPORT,9512.0,9.129455590334203,0.037532004872066496,0.8220676764160317,3.1334761270653155,AIRPORT,False
2024-03-19,yellow,AIRPORT,7873.0,8.993114120808999,0.05458853480085166,-0.40154324904484007,-2.1681167647222166,AIRPORT,False
2024-03-20,yellow,AIRPORT,7667.0,8.94480660571011,0.07538764679219365,-0.001670328715283518,-0.012591422335328506,AIRPORT,False
2024-03-21,yellow,AIRPORT,8397.0,8.999553035395566,0.05593683567673177,0.6449550166993936,3.6735405403524934,AIRPORT,False
2024-03-22,yellow,AIRPORT,7907.0,8.951588233776317,0.04215837122740009,0.5672773306542546,2.4203757026797446,AIRPORT,False
2024-03-23,yellow,AIRPORT,6223.0,8.65521107478921,0.037796064905758646,2.1376910527978557,8.415004331387244,AIRPORT,False
2024-03-24,yellow,AIRPORT,9956.0,9.076518968731147,0.08227738622787063,1.5728707569528793,13.815860165243055,AIRPORT,False
2024-03-25,yellow,AIRPORT,9487.0,9.119321033572048,0.04512280340269257,0.8500510369118803,3.9101799664948977,AIRPORT,False
2024-03-26,yellow,AIRPORT,8066.0,8.975496524397101,0.05458853480085166,0.3648467779703182,2.011610682256326,AIRPORT,False
2024-03-27,yellow,AIRPORT,7645.0,8.955803167956315,0.059084143605969225,-0.23688334532680733,-1.3898560242951552,AIRPORT,False
2024-03-28,yellow,AIRPORT,8269.0,9.019103850441919,0.054552300828579633,0.021355859653087426,0.1165690169502076,AIRPORT,False
2024-03-29,yellow,AIRPORT,7836.0,8.97252280374709,0.05366116930196805,-0.11253993830576944,-0.6020826424771197,AIRPORT,False
2024-03-30,yellow,AIRPORT,5596.0,8.709830976802213,0.05855247880578763,-1.3666994574605487,-7.690547676449288,AIRPORT,False
2024-03-31,yellow,AIRPORT,8425.0,9.140431422005806,0.04101183200984394,-2.4742290654289008,-9.649412527517509,AIRPORT,False
2024-04-01,yellow,AIRPORT,9226.0,9.154770580805042,0.07255301275861122,-0.34443389374358335,-2.4680058503271485,AIRPORT,False
2024-04-02,yellow,AIRPORT,8979.0,8.987351812262094,0.023578352401060484,4.889738786562927,12.2201054783186,AIRPORT,True
2024-04-03,yellow,AIRPORT,7134.0,8.977992302514295,0.0515179801428718,-2.0452070578709867,-10.000397883507405,AIRPORT,False
2024-04-04,yellow,AIRPORT,9412.0,9.027949319952866,0.047727644514625085,2.5518005577892375,12.95184934192779,AIRPORT,False
2024-04-05,yellow,AIRPORT,7977.0,8.97252280374709,0.05917003536388172,0.19933867018168036,1.1864710006329826,AIRPORT,False
2024-04-06,yellow,AIRPORT,5755.0,8.727744072710145,0.07441525188904327,-0.9395889925685578,-6.753135393679377,AIRPORT,False
2024-04-07,yellow,AIRPORT,8913.0,9.14872970124049,0.030498215348690703,-1.7530054299412532,-5.205949497577578,AIRPORT,False
2024-04-08,yellow,AIRPORT,8957.0,9.158993578881748,0.05704526799152909,-1.0308120634175195,-5.710745255413152,AIRPORT,False
2024-04-09,yellow,AIRPORT,8731.0,8.999056991315626,0.03493074825340645,2.163658160051322,7.850756208899501,AIRPORT,False
2024-04-10,yellow,AIRPORT,8096.0,8.977992302514295,0.05923868751926829,0.35674472034983135,2.135797411707996,AIRPORT,False
2024-04-11,yellow,AIRPORT,8075.0,9.077864569602449,0.07399336167552982,-1.09923944080636,-7.8116502170220485,AIRPORT,False
2024-04-12,yellow,AIRPORT,8177.0,8.979910700991027,0.03654645950058078,0.7981597552694923,2.95995221330676,AIRPORT,False
2024-04-13,yellow,AIRPORT,6121.0,8.736408958761555,0.0845467127881021,-0.20022301698365658,-1.6785721059860648,AIRPORT,False
2024-04-14,yellow,AIRPORT,9388.0,9.14197356627538,0.06272509976742989,0.0831244703454635,0.522760720017712,AIRPORT,False
2024-04-15,yellow,AIRPORT,9964.0,9.158993578881748,0.0824689866994007,0.5788878875683967,4.889821846049269,AIRPORT,False
2024-04-16,yellow,AIRPORT,7937.0,9.020651807959906,0.07294892602263614,-0.5669879068020236,-4.051745826476449,AIRPORT,False
2024-04-17,yellow,AIRPORT,7815.0,9.010422202280473,0.08770994921442184,-0.5315469891667775,-4.555185047600729,AIRPORT,False
2024-04-18,yellow,AIRPORT,8612.0,9.1105074422922,0.08459046329429215,-0.5863023073345972,-4.838580511921798,AIRPORT,False
2024-04-19,yellow,AIRPORT,7536.0,9.01243244583793,0.06143700960767481,-1.3832969756248623,-8.147451609799072,AIRPORT,False
2024-04-20,yellow,AIRPORT,6004.0,8.7611556314259,0.0615588399593434,-0.9905066228151419,-5.915271122572219,AIRPORT,False
2024-04-21,yellow,AIRPORT,8585.0,9.162544330708599,0.04128182294571026,-2.5379828190923086,-9.947068195406173,AIRPORT,False
2024-04-22,yellow,AIRPORT,8489.0,9.209086821900776,0.07230670694219957,-2.2482054851807303,-15.003519408665634,AIRPORT,False
2024-04-23,yellow,AIRPORT,7877.0,9.034070134936686,0.058727427518037036,-1.061986500501923,-6.046267771959957,AIRPORT,False
2024-04-24,yellow,AIRPORT,8315.0,9.010422202280473,0.07353661990779167,0.2093404533123489,1.5513290248497125,AIRPORT,False
2024-04-25,yellow,AIRPORT,8909.0,9.093554731174004,0.07590171171876876,0.016634006243730685,0.12633468978484608,AIRPORT,False
2024-04-26,yellow,AIRPORT,8232.0,9.03910149211131,0.08498567435573778,-0.2743664126241118,-2.304746898872201,AIRPORT,False
2024-04-27,yellow,AIRPORT,6845.0,8.709830976802213,0.1044442693143236,1.1627517882752978,12.91247340148396,AIRPORT,False
2024-04-28,yellow,AIRPORT,9417.0,9.121226860550816,0.09051969166683324,0.3208692431935176,2.9470904140172838,AIRPORT,False
2024-04-29,yellow,AIRPORT,10011.0,9.168257370249918,0.11492188743947748,0.3757543330665033,4.4128323534132985,AIRPORT,False
2024-04-30,yellow,AIRPORT,8125.0,9.05661889926634,0.09144168818980931,-0.5896423517081397,-5.249009861386211,AIRPORT,False
2024-05-01,yellow,AIRPORT,8281.0,9.015672084486862,0.047350087197482106,0.12770680910506846,0.606524812637721,AIRPORT,False
2024-05-02,yellow,AIRPORT,9193.0,9.097336459760777,0.06405596840395206,0.450561357857747,2.92816627233361,AIRPORT,False
2024-05-03,yellow,AIRPORT,8885.0,9.01243244583793,0.06286571680783644,1.2675795138772301,8.294837108139008,AIRPORT,False
2024-05-04,yellow,AIRPORT,6638.0,8.752892319566826,0.09587818677292999,0.49723168864259143,4.882833816776899,AIRPORT,False
2024-05-05,yellow,AIRPORT,9651.0,9.14872970124049,0.07830333294664839,0.33315458850801033,2.643036171757984,AIRPORT,False
2024-05-06,yellow,AIRPORT,10459.0,9.209086821900776,0.10907920178405771,0.4229157171943586,4.721191012459314,AIRPORT,False
2024-05-07,yellow,AIRPORT,8422.0,9.052086425481153,0.10201605890015812,-0.13217347253608497,-1.3393317318019404,AIRPORT,False
2024-05-08,yellow,AIRPORT,8630.0,9.014665509219132,0.018402132892951867,2.6265582984053664,4.952142532018389,AIRPORT,False
2024-05-09,yellow,AIRPORT,9222.0,9.097336459760777,0.05593775172717854,0.5722566963720334,3.252860803161184,AIRPORT,False
2024-05-10,yellow,AIRPORT,8946.0,9.042453323787266,0.06154270671587416,0.9181991371684708,5.81355668067296,AIRPORT,False
2024-05-11,yellow,AIRPORT,6544.0,8.798149799115327,0.047808834566332455,-0.24777681656951372,-1.1776034142156666,AIRPORT,False
2024-05-12,yellow,AIRPORT,9700.0,9.162544330708599,0.05363521417337601,0.3232360315898898,1.7487988939500099,AIRPORT,False
2024-05-13,yellow,AIRPORT,10985.0,9.209086821900776,0.05218805077759869,1.8241563250489858,9.987788820333154,AIRPORT,False
2024-05-14,yellow,AIRPORT,9313.0,9.016119334174718,0.04596668779115046,2.6768780666991927,13.093782070114113,AIRPORT,False
2024-05-15,yellow,AIRPORT,8926.0,9.014665509219132,0.018402132892951867,4.4591644048778685,8.551891569037839,AIRPORT,True
2024-05-16,yellow,AIRPORT,10034.0,9.097336459760777,0.05073112812954172,2.29441271217543,12.344307666332565,AIRPORT,False
2024-05-17,yellow,AIRPORT,9061.0,9.042453323787266,0.07362123184558952,0.941052502083954,7.173780134538066,AIRPORT,False
2024-05-18,yellow,AIRPORT,6651.0,8.798149799115327,0.047808834566332455,0.09146215775302594,0.43822733680498605,AIRPORT,False
2024-05-19,yellow,AIRPORT,9906.0,9.162544330708599,0.04110374452201496,0.9330435191626913,3.909649674584448,AIRPORT,False
2024-05-20,yellow,AIRPORT,10219.0,9.198128591082291,0.12429856706373152,0.2725326713746396,3.445572675412345,AIRPORT,False
2024-05-21,yellow,AIRPORT,8346.0,9.020651807959906,0.1076412281711495,0.08255064850674972,0.8925449580731826,AIRPORT,False
2024-05-22,yellow,AIRPORT,8336.0,9.014665509219132,0.020793924321207614,0.6575600912460112,1.3767161236275083,AIRPORT,False
2024-05-23,yellow,AIRPORT,8496.0,9.113026621332333,0.030803662223342198,-2.1320801849607647,-6.3565665782533305,AIRPORT,False
2024-05-24,yellow,AIRPORT,8683.0,9.044751385973552,0.07869323862100581,0.309696036332509,2.4670383793965245,AIRPORT,False
2024-05-25,yellow,AIRPORT,5684.0,8.815801225424629,0.022763651696621534,-7.4852110056194,-15.666476939978658,AIRPORT,True
2024-05-26,yellow,AIRPORT,6751.0,9.177348990199306,0.03752762134013835,-9.590351221448065,-30.225604429720054,AIRPORT,True
2024-05-27,yellow,AIRPORT,8622.0,9.243611071183238,0.06743232499766569,-2.6921615987946796,-16.601404381856433,AIRPORT,False
2024-05-28,yellow,AIRPORT,10932.0,9.034070134936686,0.09224020173434729,2.877047178144383,30.392560710541126,AIRPORT,False
2024-05-29,yellow,AIRPORT,8148.0,9.014665509219132,0.048357973144722,-0.1889601916335244,-0.9096109674523456,AIRPORT,False
2024-05-30,yellow,AIRPORT,8954.0,9.127772408315202,0.12334035657626492,-0.22633929631158414,-2.753069747457404,AIRPORT,False
2024-05-31,yellow,AIRPORT,8045.0,9.071420432246931,0.048627265506733075,-1.616672704114178,-7.560367193001061,AIRPORT,False
2024-06-01,yellow,AIRPORT,6833.0,8.798149799115327,0.031051708035832543,1.0102277024262873,3.1866497357372348,AIRPORT,False
2024-06-02,yellow,AIRPORT,10144.0,9.157957142570579,0.05077944415265069,1.3131402916892216,6.895392929868627,AIRPORT,False
2024-06-03,yellow,AIRPORT,10520.0,9.208410713178655,0.1442123004243915,0.3648979522425429,5.403196092011853,AIRPORT,False
2024-06-04,yellow,AIRPORT,9108.0,9.034070134936686,0.13817566394674224,0.5995143419674286,8.636612051921698,AIRPORT,False
2024-06-05,yellow,AIRPORT,8165.0,9.001646774678953,0.06925984126467771,0.08612827602096831,0.5983058145012432,AIRPORT,False
2024-06-06,yellow,AIRPORT,9287.0,9.073603191141316,0.13552326571770767,0.463150443595689,6.4779420315133285,AIRPORT,False
2024-06-07,yellow,AIRPORT,8723.0,9.013085280466733,0.10520054657983621,0.5763583549489659,6.250912919864948,AIRPORT,False
2024-06-08,yellow,AIRPORT,6606.0,8.815801225424629,0.05722171268200294,-0.35069938548353047,-1.986760497096851,AIRPORT,False
2024-06-09,yellow,AIRPORT,9863.0,9.160489316862748,0.0775065889567044,0.4652035985145436,3.671425756807367,AIRPORT,False
2024-06-10,yellow,AIRPORT,9748.0,9.246518748951956,0.13182024988719404,-0.4680717436028239,-5.983636041752726,AIRPORT,False
2024-06-11,yellow,AIRPORT,8030.0,9.112171005986426,0.08126789717270007,-1.4917477043609733,-11.417086693420709,AIRPORT,False
2024-06-12,yellow,AIRPORT,7741.0,9.001646774678953,0.04774755574154256,-0.9918961659650805,-4.625660096747863,AIRPORT,False
2024-06-13,yellow,AIRPORT,7811.0,9.095706237393564,0.10597773465820454,-1.2494885101133375,-12.402520543143936,AIRPORT,False
2024-06-14,yellow,AIRPORT,7430.0,9.013085280466733,0.08599045139064566,-1.1606421543425645,-9.498534564416428,AIRPORT,False
2024-06-15,yellow,AIRPORT,7106.0,8.815801225424629,0.050231455561601634,1.0529965848088267,5.4317408276762125,AIRPORT,False
2024-06-16,yellow,AIRPORT,9331.0,9.181832665237806,0.07160405540812032,-0.5688950963965095,-3.991666980777109,AIRPORT,False
2024-06-17,yellow,AIRPORT,8896.0,9.246518748951956,0.06928333629937679,-2.2106575786098555,-14.200905439826904,AIRPORT,False
2024-06-18,yellow,AIRPORT,7293.0,9.082847380449238,0.06476794885961937,-2.9054049229329,-17.153204190742834,AIRPORT,False
2024-06-19,yellow,AIRPORT,8085.0,8.959752670002064,0.06941121240844965,0.5476507424399375,3.874484243376486,AIRPORT,False
2024-06-20,yellow,AIRPORT,8112.0,9.095706237393564,0.11029749259187932,-0.8577394584359261,-9.026916738699708,AIRPORT,False
2024-06-21,yellow,AIRPORT,7926.0,9.008046850116404,0.08599045139064566,-0.3505398085316087,-2.9693304339408644,AIRPORT,False
2024-06-22,yellow,AIRPORT,6830.0,8.84663814319251,0.06752519533042779,-0.2600242848873738,-1.7404943821634933,AIRPORT,False
2024-06-23,yellow,AIRPORT,9210.0,9.161660297698578,0.07254565081794942,-0.4633657299950538,-3.305645656988787,AIRPORT,False
2024-06-24,yellow,AIRPORT,11691.0,9.165149607186393,0.12429856706373152,1.6204932331774118,22.31444816647723,AIRPORT,False
2024-06-25,yellow,AIRPORT,9094.0,9.081351119981012,0.09338053818600449,0.36430518676366175,3.4604278924770915,AIRPORT,False
2024-06-26,yellow,AIRPORT,7751.0,8.980846982866915,0.039530451270550764,-0.6392498889641769,-2.495322676420586,AIRPORT,False
2024-06-27,yellow,AIRPORT,10054.0,9.089977768578578,0.10027648566306117,1.2540135889531387,13.399645100329982,AIRPORT,False
2024-06-28,yellow,AIRPORT,8378.0,8.965513307039302,0.05911044649260738,1.1478714591703225,7.020604404927577,AIRPORT,False
2024-06-29,yellow,AIRPORT,6426.0,8.84663814319251,0.046140244203965605,-1.701998003512041,-7.5526232649755665,AIRPORT,False
2024-06-30,yellow,AIRPORT,7705.0,9.161660297698578,0.04016214911218585,-5.279487144776005,-19.10640605723115,AIRPORT,True
2024-07-01,yellow,AIRPORT,9043.0,9.2229254505184,0.09844282778591332,-1.1496946636280405,-10.700937258616083,AIRPORT,False
2024-07-02,yellow,AIRPORT,6651.0,9.081351119981012,0.05157692720694401,-5.406072769279869,-24.33304311492568,AIRPORT,True
2024-07-03,yellow,AIRPORT,6362.0,8.959752670002064,0.052324203680711216,-3.853944895626065,-18.26227968381444,AIRPORT,True
2024-07-04,yellow,AIRPORT,5807.0,9.089977768578578,0.10142151901967993,-4.172274358505895,-34.50251252261632,AIRPORT,True
2024-07-05,yellow,AIRPORT,6190.0,8.965513307039302,0.05911044649260738,-3.972613223113244,-20.9289160579492,AIRPORT,True
2024-07-06,yellow,AIRPORT,7697.0,8.828933518239584,0.05528980987369146,2.1640950397202796,12.710500549471714,AIRPORT,False
2024-07-07,yellow,AIRPORT,10698.0,9.14886349092568,0.028965956703831675,4.451729231110076,13.763164403395978,AIRPORT,True
2024-07-08,yellow,AIRPORT,10700.0,9.159319690238076,0.06477773360002317,1.8321006867069176,12.600878339097598,AIRPORT,False
2024-07-09,yellow,AIRPORT,9036.0,8.94280503496252,0.1329454304125571,1.2498875825195677,18.07700880714167,AIRPORT,False
2024-07-10,yellow,AIRPORT,7816.0,8.954931651743113,0.07551045612149812,0.11914299610415198,0.9037132496751754,AIRPORT,False
2024-07-11,yellow,AIRPORT,8880.0,9.021569891187724,0.092744358468104,0.7546221242401652,7.2494179535189,AIRPORT,False
2024-07-12,yellow,AIRPORT,7732.0,8.93931788065842,0.04790476009539671,0.2881751133355186,1.390068812747658,AIRPORT,False
2024-07-13,yellow,AIRPORT,7071.0,8.828933518239584,0.06664794603416001,0.522501823939315,3.5437117559198983,AIRPORT,False
2024-07-14,yellow,AIRPORT,9577.0,9.141311762604923,0.03602823821635262,0.7163244220191423,2.614381441078062,AIRPORT,False
2024-07-15,yellow,AIRPORT,10703.0,9.133495478948628,0.0591561583586611,2.4474861122307727,15.578974941037194,AIRPORT,False
2024-07-16,yellow,AIRPORT,8576.0,8.893228449420775,0.07898732814742153,2.0698818117339344,17.761880041317223,AIRPORT,False
2024-07-17,yellow,AIRPORT,7302.0,8.959752670002064,0.06053621959243084,-1.0547257198476678,-6.185345213959959,AIRPORT,False
2024-07-18,yellow,AIRPORT,9859.0,9.021569891187724,0.09817375633347088,1.7781751244634911,19.073424730151277,AIRPORT,False
2024-07-19,yellow,AIRPORT,8294.0,8.93931788065842,0.02361581499196055,3.5556579426326196,8.759600456923078,AIRPORT,True
2024-07-20,yellow,AIRPORT,7236.0,8.81618075102465,0.039629620885967554,1.7825831767053524,7.319812825626926,AIRPORT,False
2024-07-21,yellow,AIRPORT,9473.0,9.134785592612587,0.0745031541224948,0.2874419682653577,2.1646287217904403,AIRPORT,False
2024-07-22,yellow,AIRPORT,9372.0,9.225578300649232,0.1256422822275524,-0.6374963873744468,-7.69727309856979,AIRPORT,False
2024-07-23,yellow,AIRPORT,9009.0,8.97425475958395,0.17061034128794608,0.7720786212201154,14.07940979605189,AIRPORT,False
2024-07-24,yellow,AIRPORT,8279.0,8.941379267266749,0.05244804377979348,1.5271913707278677,8.339345154976229,AIRPORT,False
2024-07-25,yellow,AIRPORT,8852.0,9.045929750842781,0.12672091451088732,0.3351376565745194,4.338365915049813,AIRPORT,False
2024-07-26,yellow,AIRPORT,7616.0,8.94687601258693,0.07558559021192932,-0.11734294977204901,-0.8830218698329895,AIRPORT,False
2024-07-27,yellow,AIRPORT,6495.0,8.846272137759286,0.06586888654060015,-1.0245232946664384,-6.525751865912211,AIRPORT,False
2024-07-28,yellow,AIRPORT,9335.0,9.161660297698578,0.07856214458279058,-0.2562842680743832,-1.9932901420184335,AIRPORT,False
2024-07-29,yellow,AIRPORT,9150.0,9.174349723640976,0.11673209638371354,-0.4526652652387424,-5.146877084838131,AIRPORT,False
2024-07-30,yellow,AIRPORT,7168.0,9.044924317930477,0.09388964336570534,-1.7844605354727379,-15.425921182025936,AIRPORT,False
2024-07-31,yellow,AIRPORT,7534.0,8.981712034985804,0.10837862531171229,-0.503149459378917,-5.307051188283518,AIRPORT,False
2024-08-01,yellow,AIRPORT,8451.0,9.06910907315601,0.11727065666689952,-0.23082514740592988,-2.670593425219625,AIRPORT,False
2024-08-02,yellow,AIRPORT,7636.0,8.945564708399711,0.07558559021192932,-0.06529714910255108,-0.49233638707225635,AIRPORT,False
2024-08-03,yellow,AIRPORT,6828.0,8.875290519059714,0.10527857548570017,-0.4417179367296706,-4.543871849244008,AIRPORT,False
2024-08-04,yellow,AIRPORT,9653.0,9.14886349092568,0.052695367267967336,0.49644849783289946,2.650572629087722,AIRPORT,False
2024-08-05,yellow,AIRPORT,9635.0,9.226770443441742,0.10787136318877867,-0.4970073707092377,-5.220103608191118,AIRPORT,False
2024-08-06,yellow,AIRPORT,7246.0,9.081351119981012,0.05622473249031504,-3.435254201685351,-17.563859631747402,AIRPORT,False
2024-08-07,yellow,AIRPORT,8960.0,8.981712034985804,0.08905915275927855,1.3340961293929823,12.615983720862744,AIRPORT,False
2024-08-08,yellow,AIRPORT,7824.0,9.080657198617725,0.05148691407113126,-2.24728921883372,-10.926292683262828,AIRPORT,False
2024-08-09,yellow,AIRPORT,7490.0,8.978834149662404,0.06321885299162877,-0.9096981427162937,-5.588761984817436,AIRPORT,False
2024-08-10,yellow,AIRPORT,6658.0,8.846272137759286,0.0669831209304465,-0.6374399853457455,-4.179900834987549,AIRPORT,False
2024-08-11,yellow,AIRPORT,8730.0,9.161660297698578,0.028891036268295544,-3.0161482632783114,-8.345090834474734,AIRPORT,False
2024-08-12,yellow,AIRPORT,8791.0,9.19008296570678,0.08389660786763806,-1.2944410818961414,-10.291011513903358,AIRPORT,False
2024-08-13,yellow,AIRPORT,7272.0,9.044924317930477,0.10920920290430383,-1.402241551083847,-14.198841913461491,AIRPORT,False
2024-08-14,yellow,AIRPORT,7451.0,9.010486671693897,0.12849999446360474,-0.734499184487534,-9.00659377297176,AIRPORT,False
2024-08-15,yellow,AIRPORT,7754.0,9.080657198617725,0.05148691407113126,-2.421840241086949,-11.72322002377567,AIRPORT,False
2024-08-16,yellow,AIRPORT,7521.0,9.009252958463886,0.07858898952301628,-1.0662889565839477,-8.038352571904216,AIRPORT,False
2024-08-17,yellow,AIRPORT,6635.0,8.81618075102465,0.050320280552123675,-0.3192908322857908,-1.5938421644508094,AIRPORT,False
2024-08-18,yellow,AIRPORT,7845.0,9.165612476362075,0.059514857864327156,-3.3265779050715034,-17.961440479394618,AIRPORT,False
2024-08-19,yellow,AIRPORT,10840.0,9.174349723640976,0.06081618438578051,1.9180511327825864,12.37244288528454,AIRPORT,False
2024-08-20,yellow,AIRPORT,9023.0,8.9943348369938,0.15469312495637366,0.7317540131962837,11.98528749210861,AIRPORT,False
2024-08-21,yellow,AIRPORT,8099.0,9.037055421542476,0.12829640787694038,-0.2927560164390039,-3.6862934265928793,AIRPORT,False
2024-08-22,yellow,AIRPORT,8517.0,9.080657198617725,0.06012469599454726,-0.512896622037662,-3.0367120121868707,AIRPORT,False
2024-08-23,yellow,AIRPORT,8490.0,8.972587321921113,0.06560955050997706,1.128752701529623,7.686813934192793,AIRPORT,False
2024-08-24,yellow,AIRPORT,7532.0,8.802822877335128,0.03051589702003883,4.066503840946456,13.212116745648705,AIRPORT,True
2024-08-25,yellow,AIRPORT,9706.0,9.15827504141222,0.13039870762523362,0.17043488357886907,2.2473292258339495,AIRPORT,False
2024-08-26,yellow,AIRPORT,9658.0,9.21536967803581,0.08735530656981515,-0.4559289316956529,-3.904510980967746,AIRPORT,False
2024-08-27,yellow,AIRPORT,8376.0,8.977687972944068,0.1300124843162398,0.42640350961572737,5.700324786813127,AIRPORT,False
2024-08-28,yellow,AIRPORT,8624.0,9.026064626097568,0.12849999446360474,0.2820207674131462,3.6904328516060403,AIRPORT,False
2024-08-29,yellow,AIRPORT,9165.0,9.061367570602796,0.09590623934179514,0.6441665328033277,6.372786227972549,AIRPORT,False
2024-08-30,yellow,AIRPORT,9199.0,9.009252958463886,0.10323399971746491,1.1391315199945307,12.479084522145122,AIRPORT,False
2024-08-31,yellow,AIRPORT,7674.0,8.804924351458347,0.017822565662573103,7.892742381303255,15.104349666159056,AIRPORT,True
2024-09-01,yellow,AIRPORT,9040.0,9.215462812740315,0.0629127402891881,-1.685642031592091,-10.061884646741937,AIRPORT,False
2024-09-02,yellow,AIRPORT,11735.0,9.21536967803581,0.060816184385779196,2.5480294729826665,16.761292569718613,AIRPORT,False
2024-09-03,yellow,AIRPORT,11169.0,9.004927687641022,0.054051738996370946,5.845689348145094,37.15886614317869,AIRPORT,True
2024-09-04,yellow,AIRPORT,9383.0,9.026064626097568,0.08232014396801456,1.464892897166652,12.816249008188564,AIRPORT,False
2024-09-05,yellow,AIRPORT,8716.0,9.079506317556152,0.1028485957833992,-0.06408081161867599,-0.6568950979335075,AIRPORT,False
2024-09-06,yellow,AIRPORT,8140.0,9.03030236861829,0.10833007330307594,-0.23776324372682098,-2.5428030115238753,AIRPORT,False
2024-09-07,yellow,AIRPORT,6648.0,8.822195441214774,0.04342868333545209,-0.463382795284084,-1.9922966387247332,AIRPORT,False
2024-09-08,yellow,AIRPORT,10508.0,9.211363045401832,0.10538604466318031,0.4604889153843921,4.972592407239351,AIRPORT,False
2024-09-09,yellow,AIRPORT,9943.0,9.263503196859197,0.08086874427366653,-0.7280826777756297,-5.717928076084744,AIRPORT,False
2024-09-10,yellow,AIRPORT,7787.0,9.030792235480494,0.08329777695586878,-0.8473368976089396,-6.814800439267321,AIRPORT,False
2024-09-11,yellow,AIRPORT,7314.0,9.038020789285346,0.04681770798209142,-3.0004713308424558,-13.105477730419658,AIRPORT,False
2024-09-12,yellow,AIRPORT,9038.0,9.090888449545421,0.0690137331087475,0.26523330359424707,1.8473299090291828,AIRPORT,False
2024-09-13,yellow,AIRPORT,8217.0,9.063267110948756,0.0906644018188466,-0.5438369638845294,-4.811081475307777,AIRPORT,False
2024-09-14,yellow,AIRPORT,6540.0,8.822195441214774,0.04184349867764176,-0.8723696133715925,-3.584479545315866,AIRPORT,False
2024-09-15,yellow,AIRPORT,10409.0,9.211363045401832,0.08536628138286456,0.45759343713755213,3.983604336405966,AIRPORT,False
2024-09-16,yellow,AIRPORT,10159.0,9.282907333077091,0.07203150068793332,-0.7884334137586448,-5.520947429971912,AIRPORT,False
2024-09-17,yellow,AIRPORT,8337.0,9.070328952272437,0.09696391494253462,-0.43181253445302625,-4.1005782525402985,AIRPORT,False
2024-09-18,yellow,AIRPORT,8541.0,9.042856247886661,0.10067851766921393,0.09711235609973606,0.9825080327106717,AIRPORT,False
2024-09-19,yellow,AIRPORT,9348.0,9.109027196498777,0.06812855426009123,0.49744926379311327,3.447132504693351,AIRPORT,False
2024-09-20,yellow,AIRPORT,9351.0,9.063267110948756,0.08116475862597282,0.9852977922994748,8.325614838067107,AIRPORT,False
2024-09-21,yellow,AIRPORT,7257.0,8.822195441214774,0.05253415834379788,1.2853800306736047,6.985845862330642,AIRPORT,False
2024-09-22,yellow,AIRPORT,11098.0,9.246326328176988,0.052549306691984085,1.2977119395423047,7.057283251187951,AIRPORT,False
2024-09-23,yellow,AIRPORT,10260.0,9.28309180088955,0.07936505381243501,-0.5932545862825832,-4.599243916795615,AIRPORT,False
2024-09-24,yellow,AIRPORT,8064.0,9.071546575189885,0.1074016714951458,-0.7111768729054412,-7.353738502351648,AIRPORT,False
2024-09-25,yellow,AIRPORT,8627.0,9.057468834547464,0.11625539461084756,0.04458515277045255,0.5196720883939854,AIRPORT,False
2024-09-26,yellow,AIRPORT,9555.0,9.116170175122516,0.05189248229920865,0.9375092382620456,4.98525036121289,AIRPORT,False
2024-09-27,yellow,AIRPORT,8777.0,9.135044314956302,0.0502267318031899,-1.098107927473812,-5.36609519192891,AIRPORT,False
2024-09-28,yellow,AIRPORT,6676.0,8.863919198462979,0.09696299286412072,-0.5945042740381781,-5.601491587947615,AIRPORT,False
2024-09-29,yellow,AIRPORT,10421.0,9.25515912316045,0.0510034931807587,-0.07020780234270062,-0.35744395948024144,AIRPORT,False
2024-09-30,yellow,AIRPORT,10970.0,9.268494955888373,0.05549853790327514,0.620279356564309,3.5023981914633406,AIRPORT,False
2024-10-01,yellow,AIRPORT,8223.0,9.095782446956427,0.12449480058215627,-0.6513690660680826,-7.789120362980628,AIRPORT,False
2024-10-02,yellow,AIRPORT,7711.0,9.061026647743738,0.07539096982432958,-1.4673307448961546,-10.47242323710571,AIRPORT,False
2024-10-03,yellow,AIRPORT,8137.0,9.126055442814987,0.06812855426009123,-1.7889503665825726,-11.47441698377969,AIRPORT,False
2024-10-04,yellow,AIRPORT,8205.0,9.111564255513782,0.08503826793266935,-1.1649490799604263,-9.431639156200422,AIRPORT,False
2024-10-05,yellow,AIRPORT,6892.0,8.804172810658505,0.07358081150189125,0.46131302844414634,3.4526451247128387,AIRPORT,False
2024-10-06,yellow,AIRPORT,10324.0,9.255735215398929,0.05014937882799008,-0.26936833269176713,-1.3417822154286552,AIRPORT,False
2024-10-07,yellow,AIRPORT,11307.0,9.24909081967048,0.05040985475539618,1.6680560313609116,8.772293673173337,AIRPORT,False
2024-10-08,yellow,AIRPORT,9045.0,9.021574551690755,0.08998384247744688,0.9823190886830054,9.241718961863278,AIRPORT,False
2024-10-09,yellow,AIRPORT,8295.0,9.056017286178522,0.12950960804573067,-0.2517889139349606,-3.208313973870358,AIRPORT,False
2024-10-10,yellow,AIRPORT,9035.0,9.126055442814987,0.11702283112188515,-0.14693064271150244,-1.7047262441254318,AIRPORT,False
2024-10-11,yellow,AIRPORT,9360.0,9.0995506905786,0.08978062844304484,0.4973219687514564,4.566168758256328,AIRPORT,False
2024-10-12,yellow,AIRPORT,6554.0,8.822195441214774,0.07916004884317325,-0.43411559818634965,-3.378085464831959,AIRPORT,False
2024-10-13,yellow,AIRPORT,9365.0,9.251002187753947,0.05716656561443934,-1.8589112662894833,-10.081598136929749,AIRPORT,False
2024-10-14,yellow,AIRPORT,10666.0,9.24909081967048,0.048371247945373196,0.5318360096708642,2.605932990011972,AIRPORT,False
2024-10-15,yellow,AIRPORT,10372.0,9.055028107247036,0.0823539701748446,2.3294206582175985,21.1473078512191,AIRPORT,False
2024-10-16,yellow,AIRPORT,9790.0,9.056017286178522,0.05126951900037823,2.596073689418695,14.23635999949473,AIRPORT,False
2024-10-17,yellow,AIRPORT,10225.0,9.12320790263843,0.0845354757639038,1.2939310660303607,11.558962664316219,AIRPORT,False
2024-10-18,yellow,AIRPORT,9713.0,9.0995506905786,0.06548477907868981,1.24715672821607,8.509743285143578,AIRPORT,False
2024-10-19,yellow,AIRPORT,7417.0,8.797052557020242,0.05675871569952387,2.0169128794659605,12.128728254723331,AIRPORT,False
2024-10-20,yellow,AIRPORT,10978.0,9.229671958546856,0.07101469360603711,1.0417082269392373,7.6781598350165625,AIRPORT,False
2024-10-21,yellow,AIRPORT,10844.0,9.24909081967048,0.05742105852033286,0.7362523791355512,4.3182765182534055,AIRPORT,False
2024-10-22,yellow,AIRPORT,9505.0,9.048143940527176,0.08510302469327567,1.3093461107517839,11.78747235620059,AIRPORT,False
2024-10-23,yellow,AIRPORT,9183.0,9.04140469951772,0.0751537310821244,1.1137774118537687,8.730757750082073,AIRPORT,False
2024-10-24,yellow,AIRPORT,9854.0,9.09186271772003,0.09418123841167073,1.1018120714265314,10.934530431712064,AIRPORT,False
2024-10-25,yellow,AIRPORT,9477.0,9.0995506905786,0.05591163463512081,1.0207606925472565,5.873245867734522,AIRPORT,False
2024-10-26,yellow,AIRPORT,7577.0,8.797052557020242,0.040336669523848435,3.3671611095911103,14.547576376707315,AIRPORT,False
2024-10-27,yellow,AIRPORT,10673.0,9.198396156960252,0.07920320894918523,0.9731463027358223,8.012449749819272,AIRPORT,False
2024-10-28,yellow,AIRPORT,10532.0,9.25536351962413,0.07825393259153424,0.08702439310771347,0.6833241775459298,AIRPORT,False
2024-10-29,yellow,AIRPORT,8792.0,9.062328891400146,0.1144669009299768,0.16833341801661034,1.945544235086527,AIRPORT,False
2024-10-30,yellow,AIRPORT,8599.0,9.007298522278028,0.12496768051671404,0.41692919255150707,5.348390250683366,AIRPORT,False
2024-10-31,yellow,AIRPORT,7907.0,9.09186271772003,0.10509965194224248,-1.107130171211678,-10.984439605891316,AIRPORT,False
2024-11-01,yellow,AIRPORT,8396.0,9.12335676611613,0.06512044871005114,-1.3489784993150273,-8.409816325450636,AIRPORT,False
2024-11-02,yellow,AIRPORT,6145.0,8.82704007925063,0.08124178239846819,-1.2757728128383337,-9.845566396172922,AIRPORT,False
2024-11-03,yellow,AIRPORT,8844.0,9.229671958546856,0.09190162333783544,-1.547060992022596,-13.253266024696009,AIRPORT,False
2024-11-04,yellow,AIRPORT,8227.0,9.268494955888373,0.07210375567117686,-3.5132462430206837,-22.377918876830638,AIRPORT,True
2024-11-05,yellow,AIRPORT,6890.0,9.110575099136181,0.1144669009299768,-2.382773822935301,-23.87159524621232,AIRPORT,False
2024-11-06,yellow,AIRPORT,7510.0,9.075985516326284,0.10183533737594526,-1.4925543085990387,-14.100722808541011,AIRPORT,False
2024-11-07,yellow,AIRPORT,8415.0,9.12320790263843,0.13477421016051655,-0.6339254068843692,-8.18888304936719,AIRPORT,False
2024-11-08,yellow,AIRPORT,9129.0,9.135851331569409,0.08335448941894344,-0.19962803587812808,-1.6502214693264516,AIRPORT,False
2024-11-09,yellow,AIRPORT,6522.0,8.834671616890535,0.1111800276725056,-0.4653287251705283,-5.041977507601358,AIRPORT,False
2024-11-10,yellow,AIRPORT,9698.0,9.229429745685461,0.11780289944591844,-0.42235622598581657,-4.853729404829233,AIRPORT,False
2024-11-11,yellow,AIRPORT,10259.0,9.263027329760206,0.06969018098455532,-0.38910333262735397,-2.6752325267554555,AIRPORT,False
2024-11-12,yellow,AIRPORT,9056.0,9.110864986508073,0.1791763802738928,0.0017737490533407006,0.031786444309100936,AIRPORT,False
2024-11-13,yellow,AIRPORT,8889.0,9.062473491741923,0.14672394752052415,0.20512223811005206,3.055381736273599,AIRPORT,False
2024-11-14,yellow,AIRPORT,9298.0,9.13524848775882,0.16260966052393216,0.01418190336465257,0.23087756189619224,AIRPORT,False
2024-11-15,yellow,AIRPORT,8680.0,9.12335676611613,0.06755469171362855,-0.8079373479062515,-5.31172054608281,AIRPORT,False
2024-11-16,yellow,AIRPORT,6384.0,8.834671616890535,0.12300175132300689,-0.5944750946583783,-7.051208894285043,AIRPORT,False
2024-11-17,yellow,AIRPORT,10068.0,9.210708546390507,0.16023496548731986,0.0399963256784133,0.6429390228363197,AIRPORT,False
2024-11-18,yellow,AIRPORT,9871.0,9.249042084351956,0.2047400202072082,-0.25244522239354467,-5.037265515961464,AIRPORT,False
2024-11-19,yellow,AIRPORT,8145.0,9.096390148263211,0.20712293170324342,-0.44046608686370575,-8.71928315643158,AIRPORT,False
2024-11-20,yellow,AIRPORT,8032.0,9.062473491741923,0.1490891313406654,-0.4781344499722665,-6.880321059089878,AIRPORT,False
2024-11-21,yellow,AIRPORT,8733.0,9.087662854437717,0.20876847269379628,-0.06130533915796917,-1.271706795844585,AIRPORT,False
2024-11-22,yellow,AIRPORT,9205.0,9.090917528412014,0.08978062844304484,0.4074884069047636,3.726201663608708,AIRPORT,False
2024-11-23,yellow,AIRPORT,6741.0,8.772243247739453,0.09635836303255436,0.4537261918741207,4.469012789559801,AIRPORT,False
2024-11-24,yellow,AIRPORT,7692.0,9.198396156960252,0.13934803575552152,-1.7973705111351512,-22.15574220222891,AIRPORT,False
2024-11-25,yellow,AIRPORT,6848.0,9.216633546252801,0.1843645952453647,-2.0878283485988427,-31.949603372182477,AIRPORT,False
2024-11-26,yellow,AIRPORT,7188.0,9.043378508559801,0.2240995215112898,-0.7282936596905172,-15.058742840761264,AIRPORT,False
2024-11-27,yellow,AIRPORT,6801.0,9.025295019171203,0.12496768051671404,-1.6041754089270523,-18.16540254253698,AIRPORT,False
2024-11-28,yellow,AIRPORT,4217.0,9.05631766951932,0.20908203168394887,-3.3931103981482114,-50.807962537121476,AIRPORT,False
2024-11-29,yellow,AIRPORT,7024.0,9.090917528412014,0.0681932342542692,-3.4289236410930606,-20.850316079827525,AIRPORT,False
2024-11-30,yellow,AIRPORT,9707.0,8.772243247739453,0.06862179915195317,5.950868543515158,50.43475851479868,AIRPORT,True
2024-12-01,yellow,AIRPORT,12811.0,9.080491865602163,0.17178801021414689,2.197869279605744,45.87320365315981,AIRPORT,False
2024-12-02,yellow,AIRPORT,13648.0,9.00591434330083,0.2710522875658454,1.9016033070940899,67.43648953680659,AIRPORT,False
2024-12-03,yellow,AIRPORT,11660.0,8.858997305955576,0.2309113817555104,2.18664905172808,65.68565357019077,AIRPORT,False
2024-12-04,yellow,AIRPORT,10004.0,8.897397094370152,0.14657612287544752,2.137750620499219,36.79909417181246,AIRPORT,False
2024-12-05,yellow,AIRPORT,10479.0,9.008971656174957,0.2267211819671827,1.0945465048603418,28.166097993772453,AIRPORT,False
2024-12-06,yellow,AIRPORT,10119.0,9.015840467873662,0.1594036637742824,1.2943846519629696,22.915833645818218,AIRPORT,False
2024-12-07,yellow,AIRPORT,6998.0,8.79944995860135,0.0891586958995573,0.6048732967902388,5.541041931574631,AIRPORT,False
2024-12-08,yellow,AIRPORT,10319.0,9.064639400677287,0.17178801021414689,1.030937690108034,19.37537264464062,AIRPORT,False
2024-12-09,yellow,AIRPORT,10550.0,8.984367581142326,0.2710522875658454,1.0312163762646176,32.248634262831956,AIRPORT,False
2024-12-10,yellow,AIRPORT,9322.0,8.877867469947,0.2309113817555104,1.1357820692588159,29.98709716772725,AIRPORT,False
2024-12-11,yellow,AIRPORT,8652.0,8.84781419157888,0.1635267117755232,1.3314741862659962,24.32533280372027,AIRPORT,False
2024-12-12,yellow,AIRPORT,10693.0,8.905942061773292,0.18764664150159796,1.9792655813677411,44.976654349456794,AIRPORT,False
2024-12-13,yellow,AIRPORT,9073.0,8.9237571799899,0.12439701876041383,1.5217492433988236,20.840471113705703,AIRPORT,False
2024-12-14,yellow,AIRPORT,6283.0,8.834671616890535,0.10807520654248769,-0.8241368889040547,-8.52173331497388,AIRPORT,False
2024-12-15,yellow,AIRPORT,8721.0,9.050391765757887,0.1995440602888471,0.11575099472099229,2.336623457955289,AIRPORT,False
2024-12-16,yellow,AIRPORT,8076.0,8.960334552193121,0.2710522875658454,0.1339867948201146,3.6984961526973725,AIRPORT,False
2024-12-17,yellow,AIRPORT,6844.0,8.877867469947,0.25299362302686684,-0.18474708720208663,-4.5664349907825414,AIRPORT,False
2024-12-18,yellow,AIRPORT,6591.0,8.84781419157888,0.1791091208099532,-0.3034676865162756,-5.290306459856642,AIRPORT,False
2024-12-19,yellow,AIRPORT,6780.0,8.912398444555155,0.18230843046944442,-0.4973223859546572,-8.667734835956164,AIRPORT,False
2024-12-20,yellow,AIRPORT,6786.0,8.9237571799899,0.09086570862035277,-1.1130737456557958,-9.619372095491329,AIRPORT,False
2024-12-21,yellow,AIRPORT,5749.0,8.834671616890535,0.11989693019298898,-1.4836944614087053,-16.296585202575876,AIRPORT,False
2024-12-22,yellow,AIRPORT,5804.0,9.050391765757887,0.12196329910515917,-3.1492191058446175,-31.892929417501247,AIRPORT,False
2024-12-23,yellow,AIRPORT,5478.0,8.984367581142326,0.1827119166526255,-2.057185093372515,-31.330993507886852,AIRPORT,False
2024-12-24,yellow,AIRPORT,3577.0,8.877867469947,0.18071472121060192,-3.8490927912693755,-50.12187872034324,AIRPORT,True
2024-12-25,yellow,AIRPORT,3681.0,8.809142650114179,0.0898674253100733,-6.656504452766432,-45.02012169722476,AIRPORT,True
2024-12-26,yellow,AIRPORT,6848.0,8.836779106173196,0.15375080596817275,-0.03295714984848963,-0.5054371809805613,AIRPORT,False
2024-12-27,yellow,AIRPORT,7808.0,8.87093909279287,0.046088922682096724,1.995382620123207,9.632648868394789,AIRPORT,False
2024-12-28,yellow,AIRPORT,7386.0,8.73213320972595,0.18902374518742351,0.9269120422560377,19.149448113955692,AIRPORT,False
2024-12-29,yellow,AIRPORT,8476.0,9.022055400225634,0.26279365272377403,0.0872871887308001,2.320363019731775,AIRPORT,False
2024-12-30,yellow,AIRPORT,7880.0,8.972618950483522,0.2721022137737744,-0.001968994019439037,-0.053562413374741435,AIRPORT,False
2024-12-31,yellow,AIRPORT,5965.0,8.853347163501319,0.23272016250951155,-0.686158119036101,-14.758589284365609,AIRPORT,False
2025-01-01,yellow,AIRPORT,7121.0,8.774768105866329,0.0567600375348431,1.6919533933860167,10.079796343255754,AIRPORT,False
2025-01-02,yellow,AIRPORT,7944.0,8.830322723391333,0.05326942765774835,2.813048476819488,16.165937930975804,AIRPORT,False
2025-01-03,yellow,AIRPORT,7144.0,8.87623014745814,0.14787159893330237,-0.014891466094155058,-0.21996022235618584,AIRPORT,False
2025-01-04,yellow,AIRPORT,7086.0,8.687722386336123,0.23119974929712403,0.7705626828355294,19.50092179140066,AIRPORT,False
2025-01-05,yellow,AIRPORT,8568.0,8.947357297691024,0.16587959885971823,0.6536808334595767,11.452946843022671,AIRPORT,False
2025-01-06,yellow,AIRPORT,7697.0,8.931315714229047,0.11357987505480226,0.1520534099631371,1.7420199557099503,AIRPORT,False
2025-01-07,yellow,AIRPORT,7155.0,8.707225609008873,0.12154645168659302,1.384993808093592,18.334015901193435,AIRPORT,False
2025-01-08,yellow,AIRPORT,6442.0,8.764257914962222,0.05817603223116352,0.10891796304953544,0.6356532474590892,AIRPORT,False
2025-01-09,yellow,AIRPORT,6829.0,8.82672214937801,0.0801113907100479,0.027603809688967855,0.22138264862536783,AIRPORT,False
2025-01-10,yellow,AIRPORT,7220.0,8.84523350418679,0.12256073462103004,0.32128338510567045,4.016226778641152,AIRPORT,False
2025-01-11,yellow,AIRPORT,6116.0,8.599138344781247,0.19603784678917505,0.6097048311097137,12.696166823763399,AIRPORT,False
2025-01-12,yellow,AIRPORT,8009.0,8.943471592499273,0.15851984887322149,0.282927318838656,4.58705447815253,AIRPORT,False
2025-01-13,yellow,AIRPORT,7263.0,8.947154746994858,0.09956401479881408,-0.5685437806327311,-5.50341610383176,AIRPORT,False
2025-01-14,yellow,AIRPORT,6129.0,8.682818289867903,0.15682822485451767,0.24210306310008753,3.8698610600700567,AIRPORT,False
2025-01-15,yellow,AIRPORT,6308.0,8.748618872744794,0.05571944192606303,0.0171407915284299,0.09555315678189125,AIRPORT,False
2025-01-16,yellow,AIRPORT,6937.0,8.797248795442114,0.049035405577512965,0.9661567470528689,4.851605956063132,AIRPORT,False
2025-01-17,yellow,AIRPORT,7100.0,8.842266974789695,0.08983233367575341,0.2847870827006778,2.5913144046503023,AIRPORT,False
2025-01-18,yellow,AIRPORT,5123.0,8.57309600801354,0.17606775455625975,-0.1794793382466829,-3.110644556949249,AIRPORT,False
2025-01-19,yellow,AIRPORT,5247.0,8.943471592499273,0.11694420040496036,-3.2328223845508983,-31.48104946349536,AIRPORT,False
2025-01-20,yellow,AIRPORT,10038.0,8.918135909030783,0.08135116589346447,3.6385128342441617,34.44664745808479,AIRPORT,True
2025-01-21,yellow,AIRPORT,7821.0,8.682818289867903,0.07503262574803216,3.7550253629648225,32.54465383436258,AIRPORT,True
2025-01-22,yellow,AIRPORT,6145.0,8.760084138987036,0.04479248141701674,-0.8191132937091902,-3.6025191511996235,AIRPORT,False
2025-01-23,yellow,AIRPORT,6456.0,8.80092681079378,0.05521423279180228,-0.5100424187760367,-2.776875928332223,AIRPORT,False
2025-01-24,yellow,AIRPORT,6396.0,8.87093909279287,0.027523013166535947,-3.9062227012899586,-10.193337325531093,AIRPORT,True
2025-01-25,yellow,AIRPORT,4823.0,8.613202039880015,0.18812014393502285,-0.7019483243466661,-12.370336401347293,AIRPORT,False
2025-01-26,yellow,AIRPORT,7239.0,8.984435483131932,0.09778678462124152,-0.9939699849551877,-9.262288169580046,AIRPORT,False
2025-01-27,yellow,AIRPORT,6954.0,8.960334552193121,0.09364748692424384,-1.209453060037132,-10.708352867031035,AIRPORT,False
2025-01-28,yellow,AIRPORT,5837.0,8.78922216639636,0.1613189485627951,-0.7268205144972653,-11.063710524925618,AIRPORT,False
2025-01-29,yellow,AIRPORT,6496.0,8.760084138987036,0.05198799197035263,0.3627326645974562,1.90366730574556,AIRPORT,False
2025-01-30,yellow,AIRPORT,6455.0,8.80092681079378,0.0723437777582479,-0.3914159363872577,-2.7919352722095336,AIRPORT,False
2025-01-31,yellow,AIRPORT,6385.0,8.87093909279287,0.027523013166535947,-3.9687632914786093,-10.347789059336455,AIRPORT,True
2025-02-01,yellow,AIRPORT,4833.0,8.613202039880015,0.17778193095009248,-0.7311168651409196,-12.188645205828653,AIRPORT,False
2025-02-02,yellow,AIRPORT,7379.0,8.984435483131932,0.1249470474326736,-0.6246012024863359,-7.507449150895196,AIRPORT,False
2025-02-03,yellow,AIRPORT,7061.0,8.98273144814885,0.09759487613785835,-1.233563578301459,-11.342493789977881,AIRPORT,False
2025-02-04,yellow,AIRPORT,5809.0,8.822133452184056,0.18071472121060192,-0.8575379645520074,-14.355890202639765,AIRPORT,False
2025-02-05,yellow,AIRPORT,6165.0,8.760084138987036,0.03582864789140002,-0.9333515317115575,-3.2887763331402087,AIRPORT,False
2025-02-06,yellow,AIRPORT,5783.0,8.80092681079378,0.05338425997150939,-2.5896950282600635,-12.911814357736262,AIRPORT,False
2025-02-07,yellow,AIRPORT,6335.0,8.87421779306595,0.024076672003941747,-4.999557259865627,-11.34100572137614,AIRPORT,True
2025-02-08,yellow,AIRPORT,4249.0,8.595559731267965,0.16196365718679742,-1.4887339255068959,-21.425329059522102,AIRPORT,False
2025-02-09,yellow,AIRPORT,7947.0,8.947357297691024,0.1697907544845576,0.19549050447369623,3.3749496453666206,AIRPORT,False
2025-02-10,yellow,AIRPORT,7675.0,9.019539452312024,0.17242557544312065,-0.4281028476600713,-7.115730325123892,AIRPORT,False
2025-02-11,yellow,AIRPORT,5539.0,8.822133452184056,0.18071472121060192,-1.1209058830071017,-18.33659422145323,AIRPORT,False
2025-02-12,yellow,AIRPORT,5271.0,8.764257914962222,0.04680342323112108,-4.151032653052427,-17.657477760422825,AIRPORT,True
2025-02-13,yellow,AIRPORT,6292.0,8.808772388005885,0.1036804205396577,-0.5954656000271658,-5.987094804513449,AIRPORT,False
2025-02-14,yellow,AIRPORT,7058.0,8.87421779306595,0.12912298271331002,-0.09526413170029437,-1.2225443380384338,AIRPORT,False
2025-02-15,yellow,AIRPORT,4863.0,8.595559731267965,0.16440329498937617,-0.6456617604351435,-10.07092850469654,AIRPORT,False
2025-02-16,yellow,AIRPORT,6029.0,9.003423556112033,0.12698872563538388,-2.3552257582407723,-25.850519064383228,AIRPORT,False
2025-02-17,yellow,AIRPORT,9165.0,9.019539452312024,0.17125021018195305,0.6050077710952814,10.91652528602478,AIRPORT,False
2025-02-18,yellow,AIRPORT,8842.0,8.822133452184056,0.18757961435659407,1.4134527523769318,30.360684942030968,AIRPORT,False
2025-02-19,yellow,AIRPORT,6549.0,8.758838671602494,0.08944071897736715,0.3156165775311287,2.8631186860407,AIRPORT,False
2025-02-20,yellow,AIRPORT,6457.0,8.84261924220791,0.13413319180550728,-0.5196264149331945,-6.7325626822904,AIRPORT,False
2025-02-21,yellow,AIRPORT,7291.0,8.871251263668855,0.16113466482913857,0.14363592192975405,2.3414643678207003,AIRPORT,False
2025-02-22,yellow,AIRPORT,5913.0,8.569517394500256,0.16593871393100793,0.695384449999711,12.231240179832703,AIRPORT,False
2025-02-23,yellow,AIRPORT,8390.0,9.003423556112033,0.135506499374072,0.23151836623433564,3.1869538977980394,AIRPORT,False
2025-02-24,yellow,AIRPORT,8241.0,9.055187333931318,0.15226112216882146,-0.25160959424335755,-3.758579953528307,AIRPORT,False
2025-02-25,yellow,AIRPORT,7028.0,8.84029694700046,0.21509793928680065,0.08070975651412202,1.751207166303148,AIRPORT,False
2025-02-26,yellow,AIRPORT,7434.0,8.783004763529783,0.08703194350294143,1.5030640712164849,13.975643643261048,AIRPORT,False
2025-02-27,yellow,AIRPORT,7701.0,8.84269668354625,0.13413319180550728,0.793306895636176,11.227646662506242,AIRPORT,False
2025-02-28,yellow,AIRPORT,8129.0,8.887490756454461,0.11411899452155788,1.0138753655970367,12.266176015269249,AIRPORT,False
2025-03-01,yellow,AIRPORT,6181.0,8.66726628720878,0.17403358130911115,0.35607531594966835,6.392942884949204,AIRPORT,False
2025-03-02,yellow,AIRPORT,8857.0,9.03054656687257,0.135506499374072,0.4310997568887911,6.01567970575243,AIRPORT,False
2025-03-03,yellow,AIRPORT,8285.0,9.105659949137891,0.12014688243982666,-0.6946332487572083,-8.007029482546212,AIRPORT,False
2025-03-04,yellow,AIRPORT,6546.0,8.913362536902854,0.17021057876121096,-0.7446839248431862,-11.904883141572874,AIRPORT,False
2025-03-05,yellow,AIRPORT,6240.0,8.866540235408616,0.0756592696914277,-1.6892150104856547,-11.997483387118423,AIRPORT,False
2025-03-06,yellow,AIRPORT,7424.0,8.938541465270625,0.10137270804698016,-0.25715196236552657,-2.573134881967931,AIRPORT,False
2025-03-07,yellow,AIRPORT,7191.0,8.926388104534176,0.0959215008660822,-0.47750067522012013,-4.476947618025462,AIRPORT,False
2025-03-08,yellow,AIRPORT,5708.0,8.698912719250078,0.07434885940602674,-0.6629387598830535,-4.809376401458765,AIRPORT,False
2025-03-09,yellow,AIRPORT,8859.0,9.061879592635417,0.11255087666739223,0.2426420707261076,2.7685902239358295,AIRPORT,False
2025-03-10,yellow,AIRPORT,8850.0,9.128735022913038,0.11356215668523625,-0.3571813542031516,-3.9750646396813916,AIRPORT,False
2025-03-11,yellow,AIRPORT,7288.0,8.906802122366635,0.1301173756195594,-0.09850862243269654,-1.2735886776789385,AIRPORT,False
2025-03-12,yellow,AIRPORT,7278.0,8.866540235408616,0.0756592696914277,0.3445862333831617,2.641396780216687,AIRPORT,False
2025-03-13,yellow,AIRPORT,7540.0,8.942043759376242,0.04775503021718963,-0.29455113545666517,-1.396783023402992,AIRPORT,False
2025-03-14,yellow,AIRPORT,7613.0,8.927830917707437,0.08208252782976776,0.11916876657431419,0.9829670537116808,AIRPORT,False
2025-03-15,yellow,AIRPORT,6033.0,8.688867177940113,0.05901590936866527,0.2733585006692321,1.6263331885801646,AIRPORT,False
2025-03-16,yellow,AIRPORT,8319.0,9.089076278110808,0.10102722435173463,-0.6214062024346063,-6.084894411701757,AIRPORT,False
2025-03-17,yellow,AIRPORT,10216.0,9.105659949137891,0.08803234967009282,1.4318650933079273,13.433939264490856,AIRPORT,False
2025-03-18,yellow,AIRPORT,7576.0,8.900121158548208,0.07744949748510147,0.42117092269037,3.3157323602952093,AIRPORT,False
2025-03-19,yellow,AIRPORT,6933.0,8.892748759681417,0.03680251160457201,-1.3233026392926206,-4.753399293507177,AIRPORT,False
2025-03-20,yellow,AIRPORT,7840.0,8.942043759376242,0.04775503021718963,0.5224654628996689,2.5264218960902918,AIRPORT,False
2025-03-21,yellow,AIRPORT,8568.0,8.926388104534176,0.03443033314239778,3.7583576975054798,13.81470071043771,AIRPORT,True
2025-03-22,yellow,AIRPORT,6431.0,8.688867177940113,0.045435027129956757,1.76115550599047,8.33067275580277,AIRPORT,False
2025-03-23,yellow,AIRPORT,9863.0,9.061879592635417,0.04955324370145978,2.7176034959465154,14.415465106522163,AIRPORT,False
2025-03-24,yellow,AIRPORT,9425.0,9.11124781177712,0.11619949322621215,0.34314435831030465,4.067880831409054,AIRPORT,False
2025-03-25,yellow,AIRPORT,7802.0,8.900121158548208,0.05565916545483168,1.114178249199926,6.3977486635458325,AIRPORT,False
2025-03-26,yellow,AIRPORT,7490.0,8.892748759681417,0.0517215773043728,0.5524834763195013,2.898750799312211,AIRPORT,False
2025-03-27,yellow,AIRPORT,8408.0,8.958049791441852,0.03939273586913507,2.002631179946713,8.20843351138041,AIRPORT,False
2025-03-28,yellow,AIRPORT,8033.0,8.939055404479472,0.06344857100892047,0.8236266138601168,5.364747654631152,AIRPORT,False
2025-03-29,yellow,AIRPORT,6637.0,8.698912719250078,0.04734757252727721,2.143776512246111,10.683281153384305,AIRPORT,False
2025-03-30,yellow,AIRPORT,9615.0,9.089076278110808,0.08987504958727333,0.9124154065967143,8.545947858094415,AIRPORT,False
2025-03-31,yellow,AIRPORT,9691.0,9.14272194893424,0.06461320896599917,0.560735960651274,3.6895289600267,AIRPORT,False
2025-04-01,yellow,AIRPORT,9360.0,8.919499256511267,0.060246770661700214,3.729682279936975,25.194871948386897,AIRPORT,True
2025-04-02,yellow,AIRPORT,7252.0,8.907105108850999,0.07430896517099349,-0.2432080292690167,-1.7910208049371157,AIRPORT,False
2025-04-03,yellow,AIRPORT,7918.0,8.979527044836207,0.08077312403756243,-0.03259892695132507,-0.26296535578143043,AIRPORT,False
2025-04-04,yellow,AIRPORT,7444.0,8.963597456636512,0.05553055498827048,-0.8722015993645416,-4.727962972718025,AIRPORT,False
2025-04-05,yellow,AIRPORT,5960.0,8.685909521906407,0.0742549008626385,0.09314184077604998,0.6940210562513816,AIRPORT,False
2025-04-06,yellow,AIRPORT,9250.0,9.12648095328594,0.11477082482291989,0.05138829689192925,0.5915303941761652,AIRPORT,False
2025-04-07,yellow,AIRPORT,9268.0,9.168084857424855,0.020631777401914454,-1.6364063655250114,-3.319839677335279,AIRPORT,False
2025-04-08,yellow,AIRPORT,7193.0,8.99469695815121,0.14021808049140994,-0.811830741691166,-10.759333540706129,AIRPORT,False
2025-04-09,yellow,AIRPORT,7280.0,8.93280669808098,0.08362347737101646,-0.4773845592803124,-3.9134229714864355,AIRPORT,False
2025-04-10,yellow,AIRPORT,7593.0,9.014499444442373,0.09225486186382084,-0.8619317575535086,-7.6438045742945215,AIRPORT,False
2025-04-11,yellow,AIRPORT,7635.0,8.989005015897051,0.08760462553488334,-0.5537013365236452,-4.7349137069495395,AIRPORT,False
2025-04-12,yellow,AIRPORT,5807.0,8.717845022059702,0.09904554901913268,-0.5151736468015957,-4.974571015784079,AIRPORT,False
2025-04-13,yellow,AIRPORT,7984.0,9.167426197091363,0.05845976064501102,-3.117210489564583,-16.659151519998172,AIRPORT,False
2025-04-14,yellow,AIRPORT,8011.0,9.176937411101877,0.031074449298405863,-6.061781918575222,-17.168895331071077,AIRPORT,True
2025-04-15,yellow,AIRPORT,7378.0,9.079061348355102,0.12264322239682673,-1.4089932311086453,-15.86970603017831,AIRPORT,False
2025-04-16,yellow,AIRPORT,7664.0,8.961581586955054,0.14090830780274946,-0.12271999837344018,-1.7143614133531493,AIRPORT,False
2025-04-17,yellow,AIRPORT,8039.0,9.064191564794557,0.1367662091633047,-0.5274079680052312,-6.959154326653327,AIRPORT,False
2025-04-18,yellow,AIRPORT,7420.0,9.001052302844707,0.08546551072420773,-1.0427360221465172,-8.526234135826826,AIRPORT,False
2025-04-19,yellow,AIRPORT,5533.0,8.749787845906752,0.09544913370754407,-1.3756269743731087,-12.304745879748925,AIRPORT,False
2025-04-20,yellow,AIRPORT,8355.0,9.183812659488437,0.04685908634986794,-3.269317231563432,-14.203950052248182,AIRPORT,False
2025-04-21,yellow,AIRPORT,9517.0,9.176937411101877,0.050727844209738845,-0.31742841195765387,-1.5973507509428941,AIRPORT,False
2025-04-22,yellow,AIRPORT,9236.0,9.083480909306282,0.11735687899107272,0.40375358969548264,4.852379053386757,AIRPORT,False
2025-04-23,yellow,AIRPORT,8118.0,9.015439442095353,0.1681557655153166,-0.08087944326399583,-1.3508277861422169,AIRPORT,False
2025-04-24,yellow,AIRPORT,8892.0,9.064191564794557,0.1438727796200184,0.1995909884091435,2.9131981250652306,AIRPORT,False
2025-04-25,yellow,AIRPORT,8191.0,8.989005015897051,0.11187112332542748,0.19474421075736917,2.202530691077431,AIRPORT,False
2025-04-26,yellow,AIRPORT,6190.0,8.70786573053008,0.12359260604859074,0.1846763805561936,2.308711029577948,AIRPORT,False
2025-04-27,yellow,AIRPORT,10009.0,9.148075783333159,0.14009232117280143,0.4508754181319328,6.520171383171847,AIRPORT,False
2025-04-28,yellow,AIRPORT,9656.0,9.178746479080468,0.10719959899950608,-0.03182583083278082,-0.3405903012012934,AIRPORT,False
2025-04-29,yellow,AIRPORT,8327.0,9.14195193092419,0.035954085746114584,-3.1899964164925323,-10.836052551370578,AIRPORT,False
2025-04-30,yellow,AIRPORT,8836.0,9.065050679169708,0.14078187707352416,0.15299473069996464,2.1772521567757996,AIRPORT,False
2025-05-01,yellow,AIRPORT,9614.0,9.092175746058206,0.1421302350854064,0.5544204042746325,8.198779724187698,AIRPORT,False
2025-05-02,yellow,AIRPORT,7996.0,9.013894790707182,0.1464541378597611,-0.18571066331314848,-2.6831557458483757,AIRPORT,False
2025-05-03,yellow,AIRPORT,5600.0,8.726798033339705,0.11472767408927408,-0.839171171042369,-9.17868276424807,AIRPORT,False
2025-05-04,yellow,AIRPORT,9545.0,9.171809398862745,0.15377526999233246,-0.052262387205031895,-0.8004455067584404,AIRPORT,False
2025-05-05,yellow,AIRPORT,9687.0,9.206791044003278,0.10719959899950608,-0.26353628969286497,-2.785565705717674,AIRPORT,False
2025-05-06,yellow,AIRPORT,9695.0,9.12470907340993,0.08311214040156571,0.6576234711649054,5.617774924376473,AIRPORT,False
2025-05-07,yellow,AIRPORT,9746.0,9.083922891552326,0.0719143621167142,1.4001282760140514,10.593301022743384,AIRPORT,False
2025-05-08,yellow,AIRPORT,8879.0,9.122327241071112,0.08162617612417335,-0.37834706346900154,-3.0411014953830806,AIRPORT,False
2025-05-09,yellow,AIRPORT,9155.0,9.013894790707182,0.10846528731653372,0.9971915354429026,11.42267498083529,AIRPORT,False
2025-05-10,yellow,AIRPORT,6779.0,8.726798033339705,0.15166163819413928,0.6249889241597479,9.942448132350235,AIRPORT,False
2025-05-11,yellow,AIRPORT,10093.0,9.187506351689432,0.15024227014477703,0.2135952919142046,3.2611511577784746,AIRPORT,False
2025-05-12,yellow,AIRPORT,10710.0,9.208393692327789,0.07919343965958028,0.8907236687435819,7.308692453114118,AIRPORT,False
2025-05-13,yellow,AIRPORT,9318.0,9.12470907340993,0.05623200289100381,0.2666492067849007,1.5107196230365938,AIRPORT,False
2025-05-14,yellow,AIRPORT,9223.0,9.083922891552326,0.07102970782132415,0.6410381385480366,4.6585281482415475,AIRPORT,False
2025-05-15,yellow,AIRPORT,10951.0,9.112695152790772,0.03042207242170107,6.195860027948961,20.74260983595908,AIRPORT,True
2025-05-16,yellow,AIRPORT,10217.0,9.013894790707182,0.07774968984393539,2.802757005483263,24.347948692429533,AIRPORT,False
2025-05-17,yellow,AIRPORT,8301.0,8.735833451848215,0.14163500242463536,2.035498370257904,33.41545783525144,AIRPORT,False
2025-05-18,yellow,AIRPORT,10902.0,9.187506351689432,0.10164668807731582,1.074262113210584,11.5380035591105,AIRPORT,False
2025-05-19,yellow,AIRPORT,10899.0,9.226887111946336,0.0740554264719958,0.9390157110130477,7.201409292019423,AIRPORT,False
2025-05-20,yellow,AIRPORT,9376.0,9.12470907340993,0.055389269022466284,0.38273547892941584,2.1425742847811513,AIRPORT,False
2025-05-21,yellow,AIRPORT,9212.0,9.083922891552326,0.0719143621167142,0.6165579181010842,4.5337050093896325,AIRPORT,False
2025-05-22,yellow,AIRPORT,9738.0,9.112695152790772,0.03042207242170107,2.336983587651909,7.368417001421745,AIRPORT,False
2025-05-23,yellow,AIRPORT,9070.0,9.051907098794723,0.09790829672217631,0.6211980633984696,6.270808177703202,AIRPORT,False
2025-05-24,yellow,AIRPORT,6142.0,8.82584459767238,0.13345052479890673,-0.7713637456782404,-9.781790187364237,AIRPORT,False
2025-05-25,yellow,AIRPORT,7538.0,9.236977325315909,0.05172317834055449,-5.979237189419653,-26.60138732918551,AIRPORT,True
2025-05-26,yellow,AIRPORT,10731.0,9.252956381912322,0.05997074169600771,0.46582125257699064,2.832950519024724,AIRPORT,False
2025-05-27,yellow,AIRPORT,10053.0,9.111600221881297,0.0520711678998553,1.9977687983528676,10.962947636696851,AIRPORT,False
2025-05-28,yellow,AIRPORT,9278.0,9.083922891552326,0.06662220335040772,0.7726912526234742,5.282643842500789,AIRPORT,False
2025-05-29,yellow,AIRPORT,9143.0,9.114278555697457,0.09355915705915457,0.06910368445155522,0.6486227519889365,AIRPORT,False
2025-05-30,yellow,AIRPORT,8242.0,9.115750360779938,0.06215627712799539,-1.5887703293075364,-9.403268421390788,AIRPORT,False
2025-05-31,yellow,AIRPORT,7059.0,8.82584459767238,0.1392212967246151,0.26011882215639753,3.6877797244213584,AIRPORT,False
2025-06-01,yellow,AIRPORT,10450.0,9.191685064699353,0.1213859904906066,0.5163049907184644,6.46777728682757,AIRPORT,False
2025-06-02,yellow,AIRPORT,10283.0,9.273299301018623,0.051698059816014205,-0.6780133706018632,-3.4444770541963265,AIRPORT,False
2025-06-03,yellow,AIRPORT,9123.0,9.122174879896932,0.0768728834088427,-0.04710248127678369,-0.36143559852788165,AIRPORT,False
2025-06-04,yellow,AIRPORT,8789.0,9.086628090164382,0.10879120753282111,-0.04937781022529773,-0.5357468898855355,AIRPORT,False
2025-06-05,yellow,AIRPORT,9172.0,9.098045342224722,0.09695605079550684,0.26677346633710375,2.620271145728492,AIRPORT,False
2025-06-06,yellow,AIRPORT,8838.0,9.115750360779938,0.11391204457994782,-0.25400716136690465,-2.8519881470822073,AIRPORT,False
2025-06-07,yellow,AIRPORT,8657.0,8.82584459767238,0.11616599133103102,2.068410218776395,27.160378109408654,AIRPORT,False
2025-06-08,yellow,AIRPORT,10732.0,9.221525702180212,0.0862822673236872,0.6891278035409114,6.126278890565517,AIRPORT,False
2025-06-09,yellow,AIRPORT,10590.0,9.258590244335492,0.05997074169600771,0.1513270305370331,0.9116498689410557,AIRPORT,False
2025-06-10,yellow,AIRPORT,8997.0,9.097109722497528,0.06774915587383305,0.11124485349494702,0.7565217667246271,AIRPORT,False
2025-06-11,yellow,AIRPORT,8476.0,9.069688688781659,0.09301799114450643,-0.2654837960874058,-2.4392348098313033,AIRPORT,False
2025-06-12,yellow,AIRPORT,8997.0,9.082101418917265,0.10884220927354125,0.20713516061764178,2.280110878224151,AIRPORT,False
2025-06-13,yellow,AIRPORT,7958.0,9.099771714399933,0.11391204457994782,-1.0344711469940855,-11.11606099610153,AIRPORT,False
2025-06-14,yellow,AIRPORT,6254.0,8.846081497654634,0.13789242324975798,-0.7622243279202917,-9.976997018961919,AIRPORT,False
2025-06-15,yellow,AIRPORT,9111.0,9.23890563425726,0.07403769380971426,-1.6433234786607913,-11.45576076794047,AIRPORT,False
2025-06-16,yellow,AIRPORT,10052.0,9.252956381912322,0.06263038178239455,-0.5976250213336717,-3.6737658543252283,AIRPORT,False
2025-06-17,yellow,AIRPORT,7519.0,9.111600221881297,0.06619614879237336,-2.8160519290624775,-17.00682350737861,AIRPORT,False
2025-06-18,yellow,AIRPORT,7995.0,9.051557539193432,0.10401604426496601,-0.6247681728775974,-6.291933692741591,AIRPORT,False
2025-06-19,yellow,AIRPORT,8282.0,9.083591322312454,0.059638803925290536,-1.035425832555216,-5.988357801050093,AIRPORT,False
2025-06-20,yellow,AIRPORT,9125.0,9.000469919920032,0.10131504939925372,1.16767705520687,12.558540299037091,AIRPORT,False
2025-06-21,yellow,AIRPORT,6837.0,8.762109750879347,0.067838245125894,1.0023043330242773,7.035949323672086,AIRPORT,False
2025-06-22,yellow,AIRPORT,10538.0,9.141249115810322,0.10053533849998263,1.2084699447143203,12.918251736602283,AIRPORT,False
2025-06-23,yellow,AIRPORT,11158.0,9.213732996001681,0.045915345609774935,2.312495114513266,11.202092422870757,AIRPORT,False
2025-06-24,yellow,AIRPORT,8740.0,9.081442030591672,0.18757288205186834,-0.03079635968111114,-0.5759909687845122,AIRPORT,False
2025-06-25,yellow,AIRPORT,7783.0,9.016470229470354,0.07890168777494043,-0.719542054320875,-5.519156139795411,AIRPORT,False
2025-06-26,yellow,AIRPORT,8463.0,9.04218797065665,0.10453394823204942,0.012159007049405323,0.12718371131685835,AIRPORT,False
2025-06-27,yellow,AIRPORT,9611.0,8.982937259464087,0.06963779046130379,2.6957531839484727,20.650324461615476,AIRPORT,False
2025-06-28,yellow,AIRPORT,7315.0,8.806673640827348,0.11116060531783917,0.8187133595274723,9.527850415906647,AIRPORT,False
2025-06-29,yellow,AIRPORT,8847.0,9.19156623414776,0.10372512473790119,-1.0000714573878966,-9.853362561640955,AIRPORT,False
2025-06-30,yellow,AIRPORT,7624.0,9.225182371120027,0.040957525526100144,-6.98591826802757,-24.883198143226114,AIRPORT,True
2025-07-01,yellow,AIRPORT,7193.0,9.066951531207902,0.13709672627380753,-1.357347665391322,-16.979940057657718,AIRPORT,False
2025-07-02,yellow,AIRPORT,7024.0,8.987259082410286,0.08380068323279803,-1.5533399260447425,-12.205466411325949,AIRPORT,False
2025-07-03,yellow,AIRPORT,6115.0,9.03264938188781,0.0808828890145312,-3.8840023841148583,-26.959005485348552,AIRPORT,True
2025-07-04,yellow,AIRPORT,6025.0,9.00572010393832,0.10131504939925372,-2.9812683048614153,-26.069693867093147,AIRPORT,False
2025-07-05,yellow,AIRPORT,6065.0,8.819386190010254,0.11616599133103102,-0.9391420619931563,-10.335599502166948,AIRPORT,False
2025-07-06,yellow,AIRPORT,10132.0,9.120028764080274,0.05737569727816009,1.802596777863657,10.896289200927045,AIRPORT,False
2025-07-07,yellow,AIRPORT,10016.0,9.199350801283448,0.07694818509128169,0.16359439850983298,1.2667858121306441,AIRPORT,False
2025-07-08,yellow,AIRPORT,8589.0,8.93003105166412,0.05921286405977161,2.165180558952352,13.67877729875322,AIRPORT,False
2025-07-09,yellow,AIRPORT,8588.0,8.945822746695441,0.09521335409624927,1.1794397263823986,11.884668845066827,AIRPORT,False
2025-07-10,yellow,AIRPORT,8067.0,8.984172395052099,0.10339501001488453,0.10991391057692018,1.1429371706129343,AIRPORT,False
2025-07-11,yellow,AIRPORT,7709.0,8.982937259464087,0.13001576255363761,-0.25222713277781483,-3.2261625975866903,AIRPORT,False
2025-07-12,yellow,AIRPORT,6524.0,8.774822300062251,0.08200524285059686,0.10268445511460443,0.8456217191706861,AIRPORT,False
2025-07-13,yellow,AIRPORT,9162.0,9.108155656630728,0.05737569727816009,0.2555806467129647,1.4772163477042133,AIRPORT,False
2025-07-14,yellow,AIRPORT,9724.0,9.197556898621645,0.11833820737783889,-0.12848397421708532,-1.5089557423365596,AIRPORT,False
2025-07-15,yellow,AIRPORT,9900.0,8.927576652042433,0.05516185164259454,4.943876537125993,31.352371406003975,AIRPORT,True
2025-07-16,yellow,AIRPORT,8006.0,8.895726915475315,0.1018360648811953,0.905569399061031,9.660563663651489,AIRPORT,False
2025-07-17,yellow,AIRPORT,8626.0,8.971020985467828,0.09137026053226525,1.0015861967214563,9.58334241825085,AIRPORT,False
2025-07-18,yellow,AIRPORT,7974.0,8.953955883215212,0.11866081125749756,0.252700486439618,3.0439741602603876,AIRPORT,False
2025-07-19,yellow,AIRPORT,6139.0,8.795955512923811,0.08200524285059686,-0.8967520726728797,-7.0899505868667445,AIRPORT,False
2025-07-20,yellow,AIRPORT,9506.0,9.09345362851549,0.03648376597639937,1.8151862036749196,6.846691214609546,AIRPORT,False
2025-07-21,yellow,AIRPORT,9732.0,9.180394579199595,0.11918287065769279,0.02332654590778596,0.27839928343005305,AIRPORT,False
2025-07-22,yellow,AIRPORT,7556.0,8.955823257340352,0.1107230538053998,-0.23234572959092945,-2.5397933988316246,AIRPORT,False
2025-07-23,yellow,AIRPORT,7570.0,8.902744804673516,0.1018360648811953,0.28677013189825545,2.963414669238773,AIRPORT,False
2025-07-24,yellow,AIRPORT,7681.0,9.01949797230354,0.056033403364156714,-1.302668442794422,-7.039261283022224,AIRPORT,False
2025-07-25,yellow,AIRPORT,7503.0,8.970854768956231,0.0994814569120098,-0.4804568699951622,-4.667227756418213,AIRPORT,False
2025-07-26,yellow,AIRPORT,7564.0,8.773100942253816,0.07732054202640655,2.044146139981194,17.12300103929989,AIRPORT,False
2025-07-27,yellow,AIRPORT,8300.0,9.110946666997142,0.048933052644139774,-1.776628853398615,-8.326411892464536,AIRPORT,False
2025-07-28,yellow,AIRPORT,10248.0,9.168531379626339,0.0430332344624422,1.540819898353255,6.855414031461238,AIRPORT,False
2025-07-29,yellow,AIRPORT,7555.0,8.955889434297632,0.11082116776226224,-0.23393147820284357,-2.5591403380719635,AIRPORT,False
2025-07-30,yellow,AIRPORT,6783.0,8.938966235629696,0.11960049056157934,-0.9765133415024164,-11.022928646055853,AIRPORT,False
2025-07-31,yellow,AIRPORT,7503.0,9.023792368959281,0.0860138923913097,-1.1711381337711706,-9.582662404097618,AIRPORT,False
2025-08-01,yellow,AIRPORT,8329.0,8.953955883215212,0.08704797412705476,0.844853627641985,7.631459842087707,AIRPORT,False
2025-08-02,yellow,AIRPORT,6692.0,8.773100942253816,0.08631052437898584,0.412083232129674,3.6207195868581676,AIRPORT,False
2025-08-03,yellow,AIRPORT,8798.0,9.110946666997142,0.0744217461152722,-0.38519608293086105,-2.8259966060125596,AIRPORT,False
2025-08-04,yellow,AIRPORT,8320.0,9.182763519669713,0.039521043321443385,-3.956018685610684,-14.473676980453309,AIRPORT,True
2025-08-05,yellow,AIRPORT,7327.0,9.010616845484883,0.11947649791866194,-0.9315255574421644,-10.532558706666595,AIRPORT,False
2025-08-06,yellow,AIRPORT,7041.0,8.96696533219021,0.11410999720975637,-0.9417215870538035,-10.188741696131643,AIRPORT,False
2025-08-07,yellow,AIRPORT,7188.0,9.023792368959281,0.0860138923913097,-1.6697781842313415,-13.378672179215412,AIRPORT,False
2025-08-08,yellow,AIRPORT,7097.0,9.00572010393832,0.07674563364407949,-1.801961347464948,-12.915621141039036,AIRPORT,False
2025-08-09,yellow,AIRPORT,6121.0,8.795955512923811,0.07909033257683803,-0.9669292008406234,-7.362369692492399,AIRPORT,False
2025-08-10,yellow,AIRPORT,8947.0,9.102549738177675,0.0744217461152722,-0.046709178587324374,-0.3470143715982976,AIRPORT,False
2025-08-11,yellow,AIRPORT,8726.0,9.180394579199595,0.03328972309480318,-3.1941456891432995,-10.087411411096303,AIRPORT,False
2025-08-12,yellow,AIRPORT,7197.0,8.976247490692655,0.08123697378308092,-1.167300242350988,-9.047058462165936,AIRPORT,False
2025-08-13,yellow,AIRPORT,6784.0,8.96696533219021,0.11410999720975637,-1.2675765336545313,-13.466897268364885,AIRPORT,False
2025-08-14,yellow,AIRPORT,8536.0,8.990233075318269,0.09561997078800395,0.6464624194496805,6.376522956020714,AIRPORT,False
2025-08-15,yellow,AIRPORT,7768.0,9.037954092382652,0.0644240591848309,-1.2446605107796556,-7.705541334795763,AIRPORT,False
2025-08-16,yellow,AIRPORT,6393.0,8.785735274776414,0.09605220342441056,-0.2371247425636812,-2.251893094879498,AIRPORT,False
2025-08-17,yellow,AIRPORT,8722.0,9.129376008360776,0.08599002921261795,-0.6485886848597556,-5.424540788938515,AIRPORT,False
2025-08-18,yellow,AIRPORT,9686.0,9.170900320096457,0.07455524528249269,0.10108615213002176,0.7564973783219298,AIRPORT,False
2025-08-19,yellow,AIRPORT,7956.0,8.950455285016425,0.0768177288845695,0.4064993252320735,3.1719012170734473,AIRPORT,False
2025-08-20,yellow,AIRPORT,7677.0,8.972284609716812,0.10840997663476305,-0.24260207137135673,-2.595763937989526,AIRPORT,False
2025-08-21,yellow,AIRPORT,8536.0,8.990233075318269,0.09561997078800395,0.6464624194496805,6.376522956020714,AIRPORT,False
2025-08-22,yellow,AIRPORT,8505.0,9.046868853968633,0.11495071397312388,0.013402708065735095,0.15418382735854497,AIRPORT,False
2025-08-23,yellow,AIRPORT,7204.0,8.78581349143672,0.0715845610354728,1.3491486636520535,10.139572328629253,AIRPORT,False
2025-08-24,yellow,AIRPORT,9748.0,9.09067663072813,0.07269007709715329,1.2950981451174564,9.871441645839795,AIRPORT,False
2025-08-25,yellow,AIRPORT,9496.0,9.16784641192345,0.07908296953979219,-0.11659243055241972,-0.9178097397672613,AIRPORT,False
2025-08-26,yellow,AIRPORT,8430.0,8.950389108059145,0.0768177288845695,1.1607078760521192,9.32587806102363,AIRPORT,False
2025-08-27,yellow,AIRPORT,8470.0,8.979302498915015,0.0974799440603617,0.6666323966173594,6.714119095177118,AIRPORT,False
2025-08-28,yellow,AIRPORT,9067.0,9.043004458809722,0.10446712739544828,0.6642498034205236,7.1856582627631616,AIRPORT,False
2025-08-29,yellow,AIRPORT,9272.0,9.057324266415943,0.06416027981593156,1.2068232686294695,8.050672250167935,AIRPORT,False
2025-08-30,yellow,AIRPORT,7779.0,8.762880704106419,0.0661145464208098,2.9691252640669723,21.68948023144872,AIRPORT,False
2025-08-31,yellow,AIRPORT,8598.0,9.187375488471808,0.0821141197566828,-1.5599094503495192,-12.02263244081938,AIRPORT,False
2025-09-01,yellow,AIRPORT,11276.0,9.157940968586615,0.028395011712400706,6.074689646000658,18.82609879594499,AIRPORT,True
2025-09-02,yellow,AIRPORT,10401.0,8.972842256191392,0.0717687144012549,3.8570424518695505,31.89223190261934,AIRPORT,True
2025-09-03,yellow,AIRPORT,8464.0,8.979302498915015,0.0980052541095081,0.6558286672186742,6.638524677872448,AIRPORT,False
2025-09-04,yellow,AIRPORT,7588.0,9.05204779298159,0.07552583309512195,-1.5587310606480151,-11.105904404873467,AIRPORT,False
2025-09-05,yellow,AIRPORT,8658.0,9.059628948993772,0.10910648706792872,0.06058373966378149,0.6631973795907076,AIRPORT,False
2025-09-06,yellow,AIRPORT,6392.0,8.759269446454933,0.06568173289655271,0.05379031330890788,0.3539289537122903,AIRPORT,False
2025-09-07,yellow,AIRPORT,10230.0,9.187375488471808,0.10543880330641639,0.43346822081280656,4.676491059597332,AIRPORT,False
2025-09-08,yellow,AIRPORT,9483.0,9.16459271912692,0.028395011712400706,-0.25838053238024455,-0.7309870224809112,AIRPORT,False
2025-09-09,yellow,AIRPORT,7870.0,8.978276405472599,0.09380419727432548,-0.0795600226642872,-0.7435284548279131,AIRPORT,False
2025-09-10,yellow,AIRPORT,8489.0,9.014141832987388,0.04416611712785986,0.7332465667476861,3.291474343074241,AIRPORT,False
2025-09-11,yellow,AIRPORT,8383.0,9.072814802173788,0.07357703176454115,-0.528068020741435,-3.8108554823880536,AIRPORT,False
2025-09-12,yellow,AIRPORT,8698.0,9.090144369829911,0.08047039507953124,-0.23978975936747737,-1.9111000987295124,AIRPORT,False
2025-09-13,yellow,AIRPORT,6346.0,8.818213488050178,0.08895070174492888,-0.7041374005867097,-6.071235540083942,AIRPORT,False
2025-09-14,yellow,AIRPORT,9798.0,9.193411574965612,0.09648970147070252,-0.036045429865359656,-0.34719714866007223,AIRPORT,False
2025-09-15,yellow,AIRPORT,9972.0,9.16459271912692,0.015701343407494343,2.7350351114561717,4.38791494377524,AIRPORT,False
2025-09-16,yellow,AIRPORT,8127.0,8.978276405472599,0.09380419727432548,0.26300236020844053,2.4977565753003583,AIRPORT,False
2025-09-17,yellow,AIRPORT,8206.0,9.039663007671109,0.022879256188233648,-1.1819499045989623,-2.6679769865364134,AIRPORT,False
2025-09-18,yellow,AIRPORT,9259.0,9.072814802173788,0.07357703176454115,0.8227639362781849,6.240640473406778,AIRPORT,False
2025-09-19,yellow,AIRPORT,9082.0,9.102801389088587,0.07833904624388673,0.14358513549286225,1.1311822816699957,AIRPORT,False
2025-09-20,yellow,AIRPORT,7140.0,8.807161379568587,0.09073172490829723,0.7307992417432747,6.855436665022974,AIRPORT,False
2025-09-21,yellow,AIRPORT,10430.0,9.195969648692323,0.07834428127134904,0.7208171213786837,5.8096881122072785,AIRPORT,False
2025-09-22,yellow,AIRPORT,9322.0,9.189047973303893,0.046822158379304854,-1.0447082762597888,-4.773840414097341,AIRPORT,False
2025-09-23,yellow,AIRPORT,7274.0,9.021249590874554,0.1176249753133708,-1.0983038677240298,-12.119123555729272,AIRPORT,False
2025-09-24,yellow,AIRPORT,8398.0,9.04393147087209,0.04416611712785986,-0.1852689382737202,-0.8149223202545297,AIRPORT,False
2025-09-25,yellow,AIRPORT,8898.0,9.122441830208686,0.11134975910441121,-0.25918348701264876,-2.8447546014715552,AIRPORT,False
2025-09-26,yellow,AIRPORT,9453.0,9.124402048338741,0.06771894366762861,0.43836156441457036,3.013038549236602,AIRPORT,False
2025-09-27,yellow,AIRPORT,6066.0,8.838686970972136,0.08245156330720978,-1.5552438010886773,-12.035097186011734,AIRPORT,False
2025-09-28,yellow,AIRPORT,9917.0,9.240165292470977,0.04556394394064542,-0.8374946061420973,-3.7440654717765365,AIRPORT,False
2025-09-29,yellow,AIRPORT,9610.0,9.200619587733303,0.0769845221680882,-0.39046921280270647,-2.9612774665850106,AIRPORT,False
2025-09-30,yellow,AIRPORT,7902.0,9.008149454446015,0.156581360014782,-0.21253030035973647,-3.2730652942778327,AIRPORT,False
2025-10-01,yellow,AIRPORT,7357.0,9.045051820418024,0.0286823696808608,-4.938375108534937,-13.20700761614505,AIRPORT,True
2025-10-02,yellow,AIRPORT,7584.0,9.113034372068652,0.11751141643513788,-1.5252843814773256,-16.40933444179753,AIRPORT,False
2025-10-03,yellow,AIRPORT,8003.0,9.154510397564914,0.06512704604386296,-2.5632768156786314,-15.374847035284311,AIRPORT,False
2025-10-04,yellow,AIRPORT,6321.0,8.82907476484861,0.06623267030528299,-1.169242641423965,-7.451935700742062,AIRPORT,False
2025-10-05,yellow,AIRPORT,10557.0,9.2175427970659,0.04789293177969836,0.9813896785437238,4.8123716391926585,AIRPORT,False
2025-10-06,yellow,AIRPORT,9487.0,9.182131116393748,0.049966561263987755,-0.4893952351789096,-2.4156834923091175,AIRPORT,False
2025-10-07,yellow,AIRPORT,7428.0,8.98890915086227,0.039583710466369604,-1.9173853965548597,-7.308853815190652,AIRPORT,False
2025-10-08,yellow,AIRPORT,8231.0,9.041137673991052,0.04481275184725693,-0.5684739269134378,-2.51531341813247,AIRPORT,False
2025-10-09,yellow,AIRPORT,9251.0,9.113466570907017,0.11751141643513788,0.16185969364772326,1.9202401267116365,AIRPORT,False
2025-10-10,yellow,AIRPORT,9927.0,9.141717321596019,0.0356938062633472,1.717280430712879,6.321387121094424,AIRPORT,False
2025-10-11,yellow,AIRPORT,7144.0,8.790716821198174,0.05979559826313109,1.393268129730043,8.68801031419899,AIRPORT,False
2025-10-12,yellow,AIRPORT,8955.0,9.224628230591202,0.05530903332839694,-2.253897936639339,-11.720380618120041,AIRPORT,False
2025-10-13,yellow,AIRPORT,10729.0,9.182131116393748,0.049966561263987755,1.9728097301353278,10.359663941289643,AIRPORT,False
2025-10-14,yellow,AIRPORT,10847.0,8.98890915086227,0.07772700627152401,3.8948453915799095,35.355528091899146,AIRPORT,True
2025-10-15,yellow,AIRPORT,9573.0,9.025705827108393,0.028191737727404183,5.001326601478103,15.14201434337561,AIRPORT,True
2025-10-16,yellow,AIRPORT,9923.0,9.113034372068652,0.07715098728448523,1.1610506229205904,9.371067290881218,AIRPORT,False
2025-10-17,yellow,AIRPORT,9530.0,9.141717321596019,0.06512704604386296,0.31450336375510757,2.0693884621768577,AIRPORT,False
2025-10-18,yellow,AIRPORT,6985.0,8.788901364155912,0.09032086020721253,0.6932939676558723,6.462104285589287,AIRPORT,False
2025-10-19,yellow,AIRPORT,10692.0,9.172247720127068,0.10918119294603777,0.9617348400254097,11.071433916380947,AIRPORT,False
2025-10-20,yellow,AIRPORT,10882.0,9.178508466738595,0.04388995425050072,2.65110461594861,12.339669630011763,AIRPORT,False
2025-10-21,yellow,AIRPORT,9363.0,8.989339628719254,0.07836523274228836,1.980232774015552,16.78697960641302,AIRPORT,False
2025-10-22,yellow,AIRPORT,9149.0,9.025705827108393,0.03539856880681553,2.7033306372747417,10.042232239375682,AIRPORT,False
2025-10-23,yellow,AIRPORT,9823.0,9.065617037758226,0.10297769226731933,1.2319640605978632,13.526353784696665,AIRPORT,False
2025-10-24,yellow,AIRPORT,9461.0,9.141717321596019,0.09005597544956485,0.14675365007652058,1.3303761008032655,AIRPORT,False
2025-10-25,yellow,AIRPORT,6808.0,8.751790880265457,0.072241926289514,1.0252050823083239,7.687442030509373,AIRPORT,False
2025-10-26,yellow,AIRPORT,10376.0,9.124900088362324,0.12218772451904172,1.0013333018153412,13.01503055434341,AIRPORT,False
2025-10-27,yellow,AIRPORT,9835.0,9.178508466738595,0.0816844900018002,0.18601161718987505,1.53102837816268,AIRPORT,False
2025-10-28,yellow,AIRPORT,8212.0,8.989339628719254,0.1373042414951311,0.1748827942829599,2.4302762499053276,AIRPORT,False
2025-10-29,yellow,AIRPORT,8495.0,9.012432846948617,0.11474469698205078,0.30328362070500925,3.541279935404207,AIRPORT,False
2025-10-30,yellow,AIRPORT,7474.0,9.085069598460892,0.11861156063535014,-1.398548231950533,-15.285549293450963,AIRPORT,False
2025-10-31,yellow,AIRPORT,9916.0,9.08099764816627,0.1150038475994373,1.051332172902031,12.852023160587622,AIRPORT,False
2025-11-01,yellow,AIRPORT,6852.0,8.788901364155912,0.08289493390155032,0.5234879050586709,4.434980467409999,AIRPORT,False
2025-11-02,yellow,AIRPORT,9021.0,9.194870215532145,0.13142045333695093,-0.666256595927348,-8.383586518021492,AIRPORT,False
2025-11-03,yellow,AIRPORT,9211.0,9.21602364960447,0.09120059357027986,-0.9634800079291232,-8.412001956282422,AIRPORT,False
2025-11-04,yellow,AIRPORT,7785.0,9.071512123523776,0.17161770210606284,-0.6500380665086253,-10.556052270475714,AIRPORT,False
2025-11-05,yellow,AIRPORT,8178.0,9.049581834667286,0.11474469698205078,-0.3519023955330522,-3.9574567414258355,AIRPORT,False
2025-11-06,yellow,AIRPORT,9299.0,9.085069598460892,0.16015444581027116,0.3283864381736205,5.400010318463888,AIRPORT,False
2025-11-07,yellow,AIRPORT,9222.0,9.1573059109392,0.06694433288936393,-0.4176410006020255,-2.7571470952830746,AIRPORT,False
2025-11-08,yellow,AIRPORT,6323.0,8.82907476484861,0.06006237307215243,-1.2840935654897534,-7.4226529719650935,AIRPORT,False
2025-11-09,yellow,AIRPORT,8410.0,9.133418181938609,0.10918119294603777,-0.8814835813268821,-9.17552869903211,AIRPORT,False
2025-11-10,yellow,AIRPORT,10284.0,9.207244180330441,0.11308674841364075,0.2750135492585083,3.158905790807509,AIRPORT,False
2025-11-11,yellow,AIRPORT,9225.0,9.068467643094362,0.13681947756705792,0.4473400052588899,6.311664562063046,AIRPORT,False
2025-11-12,yellow,AIRPORT,8535.0,9.068775181741241,0.11675401909433417,-0.14427380439118573,-1.670347037096176,AIRPORT,False
2025-11-13,yellow,AIRPORT,8376.0,9.110084573472248,0.12306724385843515,-0.6253395989789271,-7.407201831785438,AIRPORT,False
2025-11-14,yellow,AIRPORT,8225.0,9.1573059109392,0.03247662585904908,-4.383840116997833,-13.270172940653257,AIRPORT,True
2025-11-15,yellow,AIRPORT,5977.0,8.80942938077537,0.07381214066573355,-1.5411466315042976,-10.75237103958716,AIRPORT,False
2025-11-16,yellow,AIRPORT,9344.0,9.115828565232924,0.21708575593866358,0.1228138609085786,2.701972771813055,AIRPORT,False
2025-11-17,yellow,AIRPORT,9764.0,9.22956509911175,0.07499183257989546,-0.5748314998566451,-4.2191740400292055,AIRPORT,False
2025-11-18,yellow,AIRPORT,8134.0,9.068467643094362,0.13681947756705792,-0.47259029033713656,-6.261346390480071,AIRPORT,False
2025-11-19,yellow,AIRPORT,7837.0,9.049581834667286,0.08343592639338474,-0.9944211229013198,-7.962165380600972,AIRPORT,False
2025-11-20,yellow,AIRPORT,8414.0,9.057816376508335,0.20056007267713313,-0.10053901601007549,-1.996217620964258,AIRPORT,False
2025-11-21,yellow,AIRPORT,8372.0,9.142140288735547,0.06729661989950769,-1.6270089840048227,-10.371084924325125,AIRPORT,False
2025-11-22,yellow,AIRPORT,6246.0,8.781489151578143,0.07055043023479578,-0.5923792894817314,-4.093134238374418,AIRPORT,False
2025-11-23,yellow,AIRPORT,7729.0,9.115828565232924,0.15572783620660904,-1.047300226464783,-15.048849790952124,AIRPORT,False
2025-11-24,yellow,AIRPORT,7023.0,9.207244180330441,0.05520789214180066,-6.345078766486571,-29.5522174864993,AIRPORT,True
2025-11-25,yellow,AIRPORT,7190.0,9.008579932302997,0.1405917083389261,-0.9113871870666151,-12.026405724355483,AIRPORT,False
2025-11-26,yellow,AIRPORT,6269.0,9.02821796751531,0.09170321504447529,-3.10617066264464,-24.786980339978758,AIRPORT,False
2025-11-27,yellow,AIRPORT,3953.0,9.03538900835042,0.16195665645761048,-4.650373510587143,-52.91232728667927,AIRPORT,True
2025-11-28,yellow,AIRPORT,6604.0,9.08099764816627,0.1266442418147076,-2.2548742764322727,-24.8411898999072,AIRPORT,False
2025-11-29,yellow,AIRPORT,9718.0,8.760961134958684,0.05426141039825132,7.754571378054784,52.31399794137561,AIRPORT,True
2025-11-30,yellow,AIRPORT,12072.0,9.072243612311816,0.14066533551059082,2.3204038646130747,38.59701838129808,AIRPORT,False
2025-12-01,yellow,AIRPORT,12749.0,9.157305566250542,0.10713198342002749,2.7620374461606603,34.43391444478121,AIRPORT,False
2025-12-02,yellow,AIRPORT,11132.0,8.981881085367634,0.11132027252006611,3.015605600656754,39.89165403806887,AIRPORT,False
2025-12-03,yellow,AIRPORT,9780.0,8.913838965285313,0.2151429524305969,1.2747607794962372,31.55512742499762,AIRPORT,False
2025-12-04,yellow,AIRPORT,9835.0,9.033125752550372,0.15498565763739333,1.0360763745538064,17.418815663801478,AIRPORT,False
2025-12-05,yellow,AIRPORT,9506.0,9.014933575633572,0.21306286143273048,0.6793529410384027,15.574468085106496,AIRPORT,False
2025-12-06,yellow,AIRPORT,6588.0,8.751949058058614,0.047653145916484715,0.8615597658729629,4.191048552901999,AIRPORT,False
2025-12-07,yellow,AIRPORT,9176.0,9.037176752966994,0.19108915222190867,0.4561740152626984,9.108204518430462,AIRPORT,False
2025-12-08,yellow,AIRPORT,10105.0,9.186457431512851,0.11865866482522024,0.2893020781536175,3.492421138877422,AIRPORT,False
2025-12-09,yellow,AIRPORT,9169.0,9.00380808646717,0.18289596116603038,0.6548828132623432,12.724366855175727,AIRPORT,False
2025-12-10,yellow,AIRPORT,8869.0,8.861066543517762,0.17449373559264758,1.3138052496845634,25.765740215541566,AIRPORT,False
2025-12-11,yellow,AIRPORT,8800.0,8.946883397162125,0.25025413314138273,0.5419435099901112,14.525074386240222,AIRPORT,False
2025-12-12,yellow,AIRPORT,9635.0,8.943079110021563,0.17584916857122884,1.3083853207625984,25.869877718812127,AIRPORT,False
2025-12-13,yellow,AIRPORT,6123.0,8.781489151578143,0.09459560023330157,-0.6520567547334319,-5.9817900963122455,AIRPORT,False
2025-12-14,yellow,AIRPORT,7393.0,9.133418181938609,0.20513381256422067,-1.0974753189995334,-20.1587019823953,AIRPORT,False
2025-12-15,yellow,AIRPORT,10411.0,9.14644034503463,0.26971449835802,0.38625240420645046,10.979784092000266,AIRPORT,False
2025-12-16,yellow,AIRPORT,7585.0,9.017211763748332,0.18023750060229313,-0.4620784891456701,-7.9910077590215955,AIRPORT,False
2025-12-17,yellow,AIRPORT,7052.0,8.864159077759751,0.2571904753533711,-0.012024295369961949,-0.30877572835422695,AIRPORT,False
2025-12-18,yellow,AIRPORT,7049.0,9.037652264150466,0.23136042188893588,-0.7650886047465982,-16.222961730449224,AIRPORT,False
2025-12-19,yellow,AIRPORT,7124.0,9.03264808356589,0.20831938067114683,-0.7748844041119743,-14.906832298136564,AIRPORT,False
2025-12-20,yellow,AIRPORT,6438.0,8.79300509129753,0.10852282079650263,-0.21223074805589304,-2.2768670309653793,AIRPORT,False
2025-12-21,yellow,AIRPORT,5925.0,9.124346658809207,0.25443179063788257,-1.7191668215251255,-35.429380993897134,AIRPORT,False
2025-12-22,yellow,AIRPORT,6029.0,9.22078562983772,0.16955365166167216,-3.0459337577632293,-40.336467095497206,AIRPORT,False
2025-12-23,yellow,AIRPORT,5311.0,9.030615441029495,0.14334896051339818,-3.160678800769881,-36.433273488928876,AIRPORT,False
2025-12-24,yellow,AIRPORT,3837.0,8.861066543517762,0.17449373559264758,-3.4879215073463885,-45.58990357345439,AIRPORT,False
2025-12-25,yellow,AIRPORT,4174.0,8.971574021120087,0.2468986300922343,-2.5716786409294516,-47.003479921240576,AIRPORT,False
2025-12-26,yellow,AIRPORT,4819.0,9.015451550791754,0.22382288578216616,-2.390862901625851,-41.440674479443295,AIRPORT,False
2025-12-27,yellow,AIRPORT,7569.0,8.781489151578143,0.05426141039825263,2.7704234856354892,16.221432428713435,AIRPORT,False
2025-12-28,yellow,AIRPORT,10193.0,9.016317772183154,0.3242525465769949,0.6573231860020223,23.755630941770445,AIRPORT,False
2025-12-29,yellow,AIRPORT,9013.0,9.235701924156237,0.1722947890944869,-0.7503341585619882,-12.127094013677864,AIRPORT,False
2025-12-30,yellow,AIRPORT,8355.0,9.028755699916267,0.2844006574388527,0.006539158980766909,0.18614715042581942,AIRPORT,False
2025-12-31,yellow,AIRPORT,6385.0,8.975691936447106,0.2424260191235806,-0.8826823488421993,-19.263964028149694,AIRPORT,False
2024-01-01,yellow,CRZ,44961.0,10.656311367526758,0.02343642310295783,2.4423248605340016,5.890923929444281,CRZ,False
2024-01-02,yellow,CRZ,38622.0,10.874289963137754,0.07459899028452684,-4.191914939657632,-26.8539911990768,CRZ,True
2024-01-03,yellow,CRZ,43529.0,10.984267977005498,0.04301791609393119,-7.045560150421153,-26.14639148082506,CRZ,True
2024-01-04,yellow,CRZ,54662.0,11.040139531695775,0.018821507293334934,-6.971571458654938,-12.297123081051186,CRZ,True
2024-01-05,yellow,CRZ,53343.0,10.95286767177684,0.027017388455867222,-2.5305788812439722,-6.6084795784678185,CRZ,False
2024-01-06,yellow,CRZ,54515.0,11.093216589884879,0.05606815627986675,-3.3349664078670798,-17.05441683658362,CRZ,False
2024-01-07,yellow,CRZ,36352.0,10.880455841744173,0.049199826562728,-7.712452790449631,-31.57632802070435,CRZ,True
2024-01-08,yellow,CRZ,39736.0,10.675515227199446,0.04687284620591566,-1.8241343834048656,-8.194903310768664,CRZ,False
2024-01-09,yellow,CRZ,50493.0,10.918989934481232,0.06591002043669454,-1.3563937940638846,-8.552023906547223,CRZ,False
2024-01-10,yellow,CRZ,51310.0,10.988845725525822,0.02691001402712078,-5.321616757445236,-13.342340820807387,CRZ,True
2024-01-11,yellow,CRZ,57946.0,11.049365033671352,0.02735545845797937,-3.0011638237930485,-7.881851710543075,CRZ,False
2024-01-12,yellow,CRZ,56091.0,10.971004692720294,0.09335219603487353,-0.38857191825845905,-3.5624022144662204,CRZ,False
2024-01-13,yellow,CRZ,62736.0,11.129466437124679,0.005103619497535584,-16.219021154013642,-7.944240645634659,CRZ,True
2024-01-14,yellow,CRZ,56155.0,10.869501346628315,0.04687575667655489,1.4158631555918413,6.862166739614617,CRZ,False
2024-01-15,yellow,CRZ,41936.0,10.694532976756275,0.05929586533414186,-0.8539052581113555,-4.93725618571702,CRZ,False
2024-01-16,yellow,CRZ,49929.0,10.874289963137754,0.12292988058527271,-0.4549966827968922,-5.4397215726452615,CRZ,False
2024-01-17,yellow,CRZ,61619.0,10.979770447626482,0.11282574164985688,0.4339000584386067,5.017319259419506,CRZ,False
2024-01-18,yellow,CRZ,61754.0,11.052834464444551,0.08987524727178528,-0.24389846358991615,-2.1681927898316244,CRZ,False
2024-01-19,yellow,CRZ,51651.0,10.966644488610116,0.027017388455867222,-4.233556968408412,-10.808072837967087,CRZ,True
2024-01-20,yellow,CRZ,63384.0,11.108237027707007,0.03635066491354538,-1.4104359626947378,-4.997814088917996,CRZ,False
2024-01-21,yellow,CRZ,46224.0,10.896264474105077,0.049199826562728,-3.1506219072018387,-14.359343064383602,CRZ,False
2024-01-22,yellow,CRZ,43283.0,10.668722809490328,0.07628342133865543,0.08904185981595347,0.6815538497324525,CRZ,False
2024-01-23,yellow,CRZ,55215.0,10.829589991794276,0.1799497407338509,0.4968050652497494,9.351791337413218,CRZ,False
2024-01-24,yellow,CRZ,59745.0,10.988845725525822,0.05912581816073897,0.15213419514260193,0.903563587231826,CRZ,False
2024-01-25,yellow,CRZ,63342.0,11.049365033671352,0.07726193543895452,0.08980957449455851,0.6962991224723991,CRZ,False
2024-01-26,yellow,CRZ,58163.0,10.95374958026319,0.02819746477263167,0.6119384347578433,1.7404841869577359,CRZ,False
2024-01-27,yellow,CRZ,68150.0,11.087007618289336,0.06759771032955518,0.6281103106650435,4.337308817000074,CRZ,False
2024-01-28,yellow,CRZ,53713.0,10.901118611350125,0.051523896448901096,-0.18842275447321183,-0.9661301325664451,CRZ,False
2024-01-29,yellow,CRZ,42990.0,10.66558665037249,0.07137264541005262,0.04394063159380625,0.3141082009823659,CRZ,False
2024-01-30,yellow,CRZ,57009.0,10.860565321215724,0.1195753418457897,0.7560012497419959,9.461106443260059,CRZ,False
2024-01-31,yellow,CRZ,58145.0,10.994212284763421,0.055224514177845845,-0.4258455757626502,-2.3242742710107733,CRZ,False
2024-02-01,yellow,CRZ,62904.0,11.072405382081364,0.09239284930576457,-0.24937371867126054,-2.2776946418629374,CRZ,False
2024-02-02,yellow,CRZ,58173.0,10.958016932381565,0.07176167608345647,0.18338027882541338,1.3246645786202382,CRZ,False
2024-02-03,yellow,CRZ,68364.0,11.108237027707007,0.08363093685995841,0.29133503074571937,2.46638643230499,CRZ,False
2024-02-04,yellow,CRZ,52549.0,10.904408096899147,0.0360503619856126,-0.9682773860845714,-3.4304537100536714,CRZ,False
2024-02-05,yellow,CRZ,46570.0,10.662190441517932,0.04685802576864268,1.8464583822989433,9.037469544439691,CRZ,False
2024-02-06,yellow,CRZ,57725.0,10.905265292559204,0.1205230136847684,0.48273221756356616,5.990612370909432,CRZ,False
2024-02-07,yellow,CRZ,59210.0,11.013283163902795,0.048397529482923814,-0.5049315251844636,-2.414126168477293,CRZ,False
2024-02-08,yellow,CRZ,65415.0,11.078890695200977,0.06925090673929139,0.13885989652383748,0.9662557702251551,CRZ,False
2024-02-09,yellow,CRZ,61943.0,10.966644488610116,0.033216723501468114,2.026852459110604,6.9643481093842,CRZ,False
2024-02-10,yellow,CRZ,68385.0,11.131034043196538,0.08754287868250617,0.02141508421161788,0.18764965393083255,CRZ,False
2024-02-11,yellow,CRZ,54237.0,10.914637022459743,0.041150660996279405,-0.3285101814243267,-1.342744774488347,CRZ,False
2024-02-12,yellow,CRZ,48819.0,10.672119018344887,0.06157813377228554,2.0097368075733284,13.173951398860906,CRZ,False
2024-02-13,yellow,CRZ,38292.0,10.95720503165608,0.09396761047062954,-4.301575336069399,-33.24952386268228,CRZ,True
2024-02-14,yellow,CRZ,68103.0,11.013283163902795,0.03494252246936342,3.3052387740240294,12.242708419999794,CRZ,False
2024-02-15,yellow,CRZ,69951.0,11.09499218206459,0.0625030321434704,0.9688824969884007,6.242931638957616,CRZ,False
2024-02-16,yellow,CRZ,57658.0,11.002573247436697,0.07210432449151825,-0.558759314657992,-3.9488153276727167,CRZ,False
2024-02-17,yellow,CRZ,65317.0,11.151629713362965,0.056124040381373363,-1.151415590084208,-6.257834729111278,CRZ,False
2024-02-18,yellow,CRZ,56991.0,10.904408096899147,0.038603283374419484,1.1978396310364865,4.732630737222987,CRZ,False
2024-02-19,yellow,CRZ,40834.0,10.771268106348995,0.07302535496978775,-2.1088258963830007,-14.272605839946163,CRZ,False
2024-02-20,yellow,CRZ,53720.0,10.990873427382471,0.08629441592416665,-1.1510915936042603,-9.455865194132961,CRZ,False
2024-02-21,yellow,CRZ,59313.0,11.077305971523234,0.12448312365843431,-0.696658179290223,-8.306820351503784,CRZ,False
2024-02-22,yellow,CRZ,66269.0,11.139941249499678,0.10012867703439295,-0.3841432390269413,-3.773341788129836,CRZ,False
2024-02-23,yellow,CRZ,57168.0,11.042493433880757,0.10586176643940232,-0.8382993842103124,-8.492006202687685,CRZ,False
2024-02-24,yellow,CRZ,73510.0,11.151629713362965,0.06433399575352283,0.8323284816680563,5.5006593851987695,CRZ,False
2024-02-25,yellow,CRZ,55358.0,10.927309700242443,0.046027652271258074,-0.12456072574231895,-0.5716834127088455,CRZ,False
2024-02-26,yellow,CRZ,42432.0,10.794849618525145,0.03806340501742709,-3.656833772908183,-12.993864338862826,CRZ,True
2024-02-27,yellow,CRZ,64616.0,10.990873427382471,0.08629441592416665,0.9889853106446587,8.909155149216485,CRZ,False
2024-02-28,yellow,CRZ,61957.0,11.124596306026511,0.09851867570187012,-0.9175968957995722,-8.643470784697904,CRZ,False
2024-02-29,yellow,CRZ,72409.0,11.139941249499678,0.10527245509873819,0.47633191886319887,5.142315327880409,CRZ,False
2024-03-01,yellow,CRZ,63008.0,11.053209727922457,0.12821418259937606,-0.017102214740597272,-0.21903441712420868,CRZ,False
2024-03-02,yellow,CRZ,70994.0,11.185469506838494,0.07815420864679708,-0.1934491013343086,-1.5005145250457819,CRZ,False
2024-03-03,yellow,CRZ,54595.0,10.948785228824939,0.04693125673608805,-0.8754857473308867,-4.025499191121906,CRZ,False
2024-03-04,yellow,CRZ,48719.0,10.799426403030331,0.03127786431003791,-0.17910514136238484,-0.5586364219507645,CRZ,False
2024-03-05,yellow,CRZ,62626.0,11.035760920627098,0.09125594259750049,0.10054014495165779,0.9217103977412711,CRZ,False
2024-03-06,yellow,CRZ,72728.0,11.124596306026511,0.11372644759414699,0.6145046227468743,7.238530864478476,CRZ,False
2024-03-07,yellow,CRZ,67801.0,11.21501698004668,0.07928226266200522,-1.1438215045782987,-8.66944212542352,CRZ,False
2024-03-08,yellow,CRZ,64373.0,11.084582510502878,0.12870936942115496,-0.09426618306959027,-1.2059633629647126,CRZ,False
2024-03-09,yellow,CRZ,81896.0,11.187763687889205,0.07506011546839389,1.6712169962384682,13.364912144413555,CRZ,False
2024-03-10,yellow,CRZ,56779.0,10.95245268402659,0.049253472025846595,-0.1122939310139979,-0.551559891026332,CRZ,False
2024-03-11,yellow,CRZ,49685.0,10.799426403030331,0.023014265326387156,0.6097067378051063,1.4130862574227354,CRZ,False
2024-03-12,yellow,CRZ,60980.0,11.064718978917043,0.041784898582159745,-1.1108740226694205,-4.535693126093232,CRZ,False
2024-03-13,yellow,CRZ,67536.0,11.14753820045762,0.06450502301830915,-0.42046543301970585,-2.6757630195361592,CRZ,False
2024-03-14,yellow,CRZ,77492.0,11.21501698004668,0.08531402563656956,0.5030005774544156,4.384708054699504,CRZ,False
2024-03-15,yellow,CRZ,72910.0,11.095298804544578,0.07027043447210757,1.4470136554550452,10.703168780756656,CRZ,False
2024-03-16,yellow,CRZ,80983.0,11.21967011013057,0.07703512403995282,1.0686608995519398,8.58080159094532,CRZ,False
2024-03-17,yellow,CRZ,58976.0,10.95245268402659,0.048099301367600905,0.6742962064061793,3.2964864451087816,CRZ,False
2024-03-18,yellow,CRZ,50392.0,10.804632819979862,0.02208077226440143,1.0395873408337073,2.3220382387330485,CRZ,False
2024-03-19,yellow,CRZ,63147.0,11.06057657172284,0.052489364746302405,-0.14014174197843476,-0.732896221987156,CRZ,False
2024-03-20,yellow,CRZ,70707.0,11.157664756836645,0.054904878042280156,0.15727382257735015,0.8672490068973193,CRZ,False
2024-03-21,yellow,CRZ,78147.0,11.24393289480519,0.05971278230004313,0.3753643981794216,2.2667134797323074,CRZ,False
2024-03-22,yellow,CRZ,67383.0,11.114424358623396,0.07811979986757918,0.04766628882588819,0.3730622456712407,CRZ,False
2024-03-23,yellow,CRZ,75672.0,11.273499145479978,0.05055789999019274,-0.7780318327027268,-3.8572053680827945,CRZ,False
2024-03-24,yellow,CRZ,59069.0,10.969571294454784,0.06611339781791681,0.2554737344237937,1.7033683160031732,CRZ,False
2024-03-25,yellow,CRZ,49167.0,10.809873024946624,0.025028759924299936,-0.275486250039586,-0.6871362696394767,CRZ,False
2024-03-26,yellow,CRZ,65287.0,11.049078213517753,0.04293321722067068,0.8727508253349404,3.818085198188381,CRZ,False
2024-03-27,yellow,CRZ,72230.0,11.147009309756447,0.07001558521220148,0.5798914793812335,4.143694905027839,CRZ,False
2024-03-28,yellow,CRZ,76111.0,11.252923846882078,0.05971278230004313,-0.21730300162225039,-1.2891944511258968,CRZ,False
2024-03-29,yellow,CRZ,69273.0,11.105051909633964,0.06422420699584826,0.6346297002811967,4.160062158998978,CRZ,False
2024-03-30,yellow,CRZ,70669.0,11.273499145479978,0.050283153800232676,-2.1426035168586868,-10.213617271342768,CRZ,False
2024-03-31,yellow,CRZ,57197.0,10.98567369578016,0.057192403309413636,-0.549320635647592,-3.0928582309357133,CRZ,False
2024-04-01,yellow,CRZ,49330.0,10.814423509887096,0.018243219216913388,-0.4459638160664711,-0.810280948246811,CRZ,False
2024-04-02,yellow,CRZ,71701.0,11.037819650601751,0.02588575134580418,5.502653602256193,15.308426616757709,CRZ,True
2024-04-03,yellow,CRZ,78017.0,11.149348349518297,0.04981141852466326,2.3154064778721963,12.224784802495892,CRZ,False
2024-04-04,yellow,CRZ,78483.0,11.24393289480519,0.026991579559647757,0.9893613281923473,2.7064183401772413,CRZ,False
2024-04-05,yellow,CRZ,74781.0,11.127520488556337,0.059480719787677244,1.5937707677926114,9.943744180443993,CRZ,False
2024-04-06,yellow,CRZ,79969.0,11.273499145479978,0.050283153800232676,0.3161136857418406,1.6022193667378337,CRZ,False
2024-04-07,yellow,CRZ,61333.0,10.98567369578016,0.05201616486045967,0.7382246931984794,3.9146410847075597,CRZ,False
2024-04-08,yellow,CRZ,50192.0,10.814423509887096,0.018243219216913388,0.5036074189607228,0.9229754438597304,CRZ,False
2024-04-09,yellow,CRZ,66122.0,11.041962057795953,0.04730276711344032,1.2112344628384915,5.896788641374884,CRZ,False
2024-04-10,yellow,CRZ,68031.0,11.173774781858528,0.04565649950256494,-1.0087505553846692,-4.501153702624483,CRZ,False
2024-04-11,yellow,CRZ,82363.0,11.248653611951923,0.01607191218503728,4.370231318277755,7.276344066138041,CRZ,True
2024-04-12,yellow,CRZ,68658.0,11.159002335149584,0.07722202266724411,-0.2863094858196674,-2.1866776232962626,CRZ,False
2024-04-13,yellow,CRZ,78408.0,11.27002444297019,0.046327092723427214,-0.007408214092406393,-0.03431421344403107,CRZ,False
2024-04-14,yellow,CRZ,65217.0,10.998611872686832,0.05175503422744633,1.6783599650754817,9.074786694979231,CRZ,False
2024-04-15,yellow,CRZ,51578.0,10.819499797269593,0.022041780529757103,1.422330952473462,3.1847316199926645,CRZ,False
2024-04-16,yellow,CRZ,61602.0,11.0843299967275,0.06281470625991323,-0.8896066467183734,-5.4347752142650645,CRZ,False
2024-04-17,yellow,CRZ,72692.0,11.173774781858528,0.0648147937596754,0.3118398311590094,2.0417476598729722,CRZ,False
2024-04-18,yellow,CRZ,76720.0,11.257868230871695,0.029310342239549775,-0.3394884042311861,-0.9901178674444067,CRZ,False
2024-04-19,yellow,CRZ,65641.0,11.159002335149584,0.06095615400663568,-1.0999144637842904,-6.484833608185414,CRZ,False
2024-04-20,yellow,CRZ,79009.0,11.266206539439228,0.049211387955425984,0.2257711077317098,1.1172460506080117,CRZ,False
2024-04-21,yellow,CRZ,60522.0,11.037378474000015,0.07339901818028625,-0.36262419276166247,-2.6265168881397183,CRZ,False
2024-04-22,yellow,CRZ,45055.0,10.837230717197578,0.045490653178963975,-2.6728891328530517,-11.448995019909013,CRZ,False
2024-04-23,yellow,CRZ,54317.0,11.092902506896376,0.05797026710561483,-3.2828893839507773,-17.329716254769558,CRZ,False
2024-04-24,yellow,CRZ,60556.0,11.190798683623022,0.05037194157716901,-3.5629924571460188,-16.429102947827946,CRZ,True
2024-04-25,yellow,CRZ,69752.0,11.248653611951923,0.025491860066427383,-3.7640344248806437,-9.149259360377204,CRZ,True
2024-04-26,yellow,CRZ,62374.0,11.159002335149584,0.077607598042999,-1.5217393305095444,-11.139151010450131,CRZ,False
2024-04-27,yellow,CRZ,70775.0,11.273499145479978,0.03183497309790797,-3.3371485872830657,-10.078942144070025,CRZ,False
2024-04-28,yellow,CRZ,55529.0,11.037378474000015,0.06736523991102537,-1.6732336789596383,-10.659724666757675,CRZ,False
2024-04-29,yellow,CRZ,49781.0,10.837230717197578,0.07522946081420512,-0.2903390886024747,-2.1605242722469886,CRZ,False
2024-04-30,yellow,CRZ,61741.0,11.090684289342498,0.11253701761802742,-0.5329872403952584,-5.821737914804048,CRZ,False
2024-05-01,yellow,CRZ,68350.0,11.187618161516856,0.09860807113066784,-0.5600081081759005,-5.372430435943453,CRZ,False
2024-05-02,yellow,CRZ,75830.0,11.248653611951923,0.0921580594475206,-0.1345985400658808,-1.2327723548771652,CRZ,False
2024-05-03,yellow,CRZ,71125.0,11.114424358623396,0.11821730815919147,0.488674744035315,5.947109096112846,CRZ,False
2024-05-04,yellow,CRZ,80866.0,11.266206539439228,0.03827307102504883,0.8972941655298042,3.493870560676271,CRZ,False
2024-05-05,yellow,CRZ,68840.0,11.017417763704263,0.07340680756202186,1.6636397995925865,12.989249001822877,CRZ,False
2024-05-06,yellow,CRZ,52452.0,10.837230717197578,0.11892990119498885,0.25580637962406466,3.0890536725276974,CRZ,False
2024-05-07,yellow,CRZ,64998.0,11.064980147195664,0.08186424541234762,0.20926879484037716,1.727921998830384,CRZ,False
2024-05-08,yellow,CRZ,71772.0,11.163191729176624,0.07836848800358362,0.23042396396760906,1.8222008803787437,CRZ,False
2024-05-09,yellow,CRZ,76833.0,11.24208349062615,0.10189892132511091,0.07169873464180027,0.7332777827367964,CRZ,False
2024-05-10,yellow,CRZ,74872.0,11.114424358623396,0.10360192319830377,1.0531745535731898,11.528603897984713,CRZ,False
2024-05-11,yellow,CRZ,77865.0,11.265094406450519,0.04654183086474988,-0.05076228152575948,-0.2359780850284876,CRZ,False
2024-05-12,yellow,CRZ,62987.0,11.00035256260825,0.1152686479096726,0.4366414734523967,5.1619200700898205,CRZ,False
2024-05-13,yellow,CRZ,57018.0,10.859252124308004,0.08235541123260796,1.115532795676102,9.622248164986203,CRZ,False
2024-05-14,yellow,CRZ,72132.0,11.056407637026787,0.07440379593484182,1.7451450449394474,13.865235205665227,CRZ,False
2024-05-15,yellow,CRZ,77710.0,11.170226503487477,0.04613564220546831,1.9618828391443333,9.473543775035198,CRZ,False
2024-05-16,yellow,CRZ,81043.0,11.228132847020818,0.05822633155449526,1.281246954445647,7.745557233363898,CRZ,False
2024-05-17,yellow,CRZ,73158.0,11.126305436032583,0.10360192319830377,0.7149609434755168,7.688361552517464,CRZ,False
2024-05-18,yellow,CRZ,81280.0,11.249136122012072,0.05900269694982388,0.9579077520524376,5.814686838421967,CRZ,False
2024-05-19,yellow,CRZ,64871.0,10.997136797644602,0.05155897180883967,1.6101788103486987,8.656263111541351,CRZ,False
2024-05-20,yellow,CRZ,54599.0,10.877367737135643,0.08283001726305779,0.367054244535053,3.0870003608325813,CRZ,False
2024-05-21,yellow,CRZ,66763.0,11.093196042514528,0.09467594535938961,0.16591618156070284,1.5832294780910194,CRZ,False
2024-05-22,yellow,CRZ,72739.0,11.145800071147246,0.11582408622840297,0.42161264807015825,5.004487327124774,CRZ,False
2024-05-23,yellow,CRZ,67241.0,11.228132847020818,0.07294923631540613,-1.5366081013413084,-10.6040125127572,CRZ,False
2024-05-24,yellow,CRZ,57791.0,11.166424631896387,0.06195794810749267,-3.2576336832889523,-18.277130160892785,CRZ,False
2024-05-25,yellow,CRZ,53681.0,11.249136122012072,0.06572425496564535,-5.451894765718532,-30.115179574639107,CRZ,True
2024-05-26,yellow,CRZ,49119.0,11.020786209402445,0.05226014746143331,-4.186459773315799,-19.650555320254405,CRZ,True
2024-05-27,yellow,CRZ,40006.0,10.914800088177293,0.04747326477021975,-6.6988307602047845,-27.240839208412694,CRZ,True
2024-05-28,yellow,CRZ,52937.0,11.120196824257818,0.05656698421249216,-4.301785244450567,-21.599432333073278,CRZ,True
2024-05-29,yellow,CRZ,64679.0,11.187941338842434,0.07490062765266495,-1.4786189311287379,-10.483702830150731,CRZ,False
2024-05-30,yellow,CRZ,66602.0,11.228132847020818,0.04948712368882524,-2.4580729661738134,-11.453554250749686,CRZ,False
2024-05-31,yellow,CRZ,62589.0,11.166424631896387,0.06195794810749267,-1.9703655919431644,-11.492227157171875,CRZ,False
2024-06-01,yellow,CRZ,75945.0,11.236197754211656,0.09919223894167568,0.015796788913949304,0.15681471192647845,CRZ,False
2024-06-02,yellow,CRZ,58755.0,11.020786209402445,0.06687493441048784,-0.592967678906389,-3.8878718589863914,CRZ,False
2024-06-03,yellow,CRZ,55666.0,10.897426288083466,0.06187523002748464,0.4799745958844392,3.0143938431215656,CRZ,False
2024-06-04,yellow,CRZ,68288.0,11.10659230985482,0.09747207558391771,0.25542725603674005,2.520954393758079,CRZ,False
2024-06-05,yellow,CRZ,75617.0,11.170226503487477,0.1338124949125346,0.47237667280155304,6.5250413027516885,CRZ,False
2024-06-06,yellow,CRZ,79652.0,11.19475423937963,0.09885313694890492,0.9172008931370649,9.490563940831787,CRZ,False
2024-06-07,yellow,CRZ,71977.0,11.089807607038997,0.1344841575111037,0.7011554165680828,9.888309466426492,CRZ,False
2024-06-08,yellow,CRZ,77692.0,11.179952326787841,0.10422074316850098,0.7729290898832228,8.388872351490928,CRZ,False
2024-06-09,yellow,CRZ,59275.0,10.99273110956182,0.10450346500884568,-0.026680441916229442,-0.27843152125013315,CRZ,False
2024-06-10,yellow,CRZ,55372.0,10.897426288083466,0.11334821411361024,0.21529268824385872,2.470323283176956,CRZ,False
2024-06-11,yellow,CRZ,66455.0,11.120196824257818,0.09982707445557139,-0.1594408980648689,-1.5790519994405727,CRZ,False
2024-06-12,yellow,CRZ,70207.0,11.179971168186075,0.11936505503039335,-0.1739861640275633,-2.055370103185794,CRZ,False
2024-06-13,yellow,CRZ,74609.0,11.160991883772997,0.07372630427409456,0.8005899543563215,6.080127097090915,CRZ,False
2024-06-14,yellow,CRZ,70309.0,11.053581699518464,0.12959788568327898,0.8261970654934392,11.301593888880479,CRZ,False
2024-06-15,yellow,CRZ,69426.0,11.178784253576525,0.15463097431694314,-0.19897396112288618,-3.029903398486078,CRZ,False
2024-06-16,yellow,CRZ,60134.0,10.95343607685342,0.094538984223719,0.5383451908235003,5.221199218913974,CRZ,False
2024-06-17,yellow,CRZ,53481.0,10.907816632834914,0.08015417201446488,-0.2586877600232723,-2.0521413220178975,CRZ,False
2024-06-18,yellow,CRZ,70152.0,11.10659230985482,0.10939460831431606,0.4737645337644041,5.319382506895987,CRZ,False
2024-06-19,yellow,CRZ,57883.0,11.179971168186075,0.07962039618371183,-2.685143099706535,-19.248379615746313,CRZ,False
2024-06-20,yellow,CRZ,72187.0,11.146216292187908,0.07116727548558804,0.5732826049760539,4.164267377545716,CRZ,False
2024-06-21,yellow,CRZ,67292.0,11.024237966455651,0.0860928670443524,1.075102671812723,9.697750085979596,CRZ,False
2024-06-22,yellow,CRZ,74005.0,11.117185432983549,0.15928014278492944,0.5945656679603426,9.933176020873379,CRZ,False
2024-06-23,yellow,CRZ,62146.0,10.91912196316564,0.09846726400925333,1.1995841711673207,12.537889137021075,CRZ,False
2024-06-24,yellow,CRZ,59673.0,10.863331320663217,0.09065470013796285,1.470454536908574,14.25968553425825,CRZ,False
2024-06-25,yellow,CRZ,73069.0,11.077934240075432,0.09936418556257769,1.2200093869112398,12.887915146837269,CRZ,False
2024-06-26,yellow,CRZ,77670.0,11.139743048512173,0.11582408622840297,1.0402094834051416,12.80396609805685,CRZ,False
2024-06-27,yellow,CRZ,73313.0,11.146216292187908,0.05969345467549856,0.9427655613156651,5.7890608315903425,CRZ,False
2024-06-28,yellow,CRZ,63756.0,11.024237966455651,0.11830374492409049,0.3261148648172308,3.933450551056672,CRZ,False
2024-06-29,yellow,CRZ,69264.0,11.118353506194865,0.15045682980985547,0.18162727156641945,2.7703872214414504,CRZ,False
2024-06-30,yellow,CRZ,54705.0,10.95343607685342,0.06807163454275734,-0.6423480975040271,-4.278349963902517,CRZ,False
2024-07-01,yellow,CRZ,45136.0,10.89747207437142,0.0648963041188552,-2.7742202514323853,-16.476039327213275,CRZ,False
2024-07-02,yellow,CRZ,48153.0,11.117884820258428,0.10597407623795485,-3.1681908594627832,-28.519542811045216,CRZ,False
2024-07-03,yellow,CRZ,43679.0,11.16225633283112,0.10588441108096777,-4.510896472588933,-37.975059546270515,CRZ,True
2024-07-04,yellow,CRZ,34314.0,11.172239661682246,0.05020194194560068,-14.51997513022008,-51.757554892174284,CRZ,True
2024-07-05,yellow,CRZ,42272.0,11.039657148863457,0.11048833700396835,-3.5096640247873205,-32.143631424583205,CRZ,True
2024-07-06,yellow,CRZ,43807.0,11.146848642893076,0.09132641141114728,-5.0292104425151045,-36.82741382215021,CRZ,True
2024-07-07,yellow,CRZ,42387.0,10.91912196316564,0.0780968024477274,-3.387142167680645,-23.242951970345448,CRZ,False
2024-07-08,yellow,CRZ,47818.0,10.872549738341963,0.06270825141638033,-1.5531021756993721,-9.279997795543348,CRZ,False
2024-07-09,yellow,CRZ,63044.0,11.131292928361532,0.11707727724753254,-0.6807875613436304,-7.6611067027516295,CRZ,False
2024-07-10,yellow,CRZ,70637.0,11.096544797622066,0.14308890570621313,0.48057232360811025,7.118398836082829,CRZ,False
2024-07-11,yellow,CRZ,68526.0,11.149626693641405,0.06690609931149268,-0.2190858458882861,-1.4551271248512299,CRZ,False
2024-07-12,yellow,CRZ,57974.0,11.010313415800644,0.11830374492409049,-0.3597815324200267,-4.167039287123464,CRZ,False
2024-07-13,yellow,CRZ,61261.0,11.117185432983549,0.09891830632286669,-0.9531777521217889,-8.997820468688333,CRZ,False
2024-07-14,yellow,CRZ,55589.0,10.897151079826587,0.11943035983463146,0.23938250836552286,2.900214264807799,CRZ,False
2024-07-15,yellow,CRZ,54604.0,10.807369164169671,0.09663671926783839,1.0399075601342522,10.571618357151525,CRZ,False
2024-07-16,yellow,CRZ,75966.0,11.046406285091859,0.16598639269488513,1.1545215396584456,21.122817520808802,CRZ,False
2024-07-17,yellow,CRZ,75653.0,11.063852317328593,0.1476153319705129,1.1520487414379927,18.537603980171724,CRZ,False
2024-07-18,yellow,CRZ,70085.0,11.12574138035324,0.08998865463795766,0.352518768855297,3.2231217308446025,CRZ,False
2024-07-19,yellow,CRZ,60122.0,10.962478492737164,0.12185266761345218,0.3418277021910234,4.25322582485359,CRZ,False
2024-07-20,yellow,CRZ,65427.0,11.016871764787975,0.14507161266240934,0.4950557188916516,7.446034566124182,CRZ,False
2024-07-21,yellow,CRZ,54858.0,10.863906551939518,0.09076277391658108,0.535426071239611,4.979694048508176,CRZ,False
2024-07-22,yellow,CRZ,51000.0,10.772578524240007,0.14527246864858484,0.4612187573444152,6.929803108473309,CRZ,False
2024-07-23,yellow,CRZ,62394.0,11.021633620335876,0.2471881624773065,0.0792545053778993,1.9783934109131707,CRZ,False
2024-07-24,yellow,CRZ,67527.0,11.063852317328593,0.20464367014170354,0.2757499389757873,5.80530559223118,CRZ,False
2024-07-25,yellow,CRZ,67273.0,11.100295367761966,0.11813843097629712,0.1372870668064599,1.6351118639148288,CRZ,False
2024-07-26,yellow,CRZ,57366.0,10.933095746377038,0.11829354557866556,0.20382621738587625,2.4404354316958976,CRZ,False
2024-07-27,yellow,CRZ,60527.0,11.005441358743923,0.12989156789575967,0.0415998266903532,0.5418091769397115,CRZ,False
2024-07-28,yellow,CRZ,53348.0,10.823262325226576,0.10255540255587692,0.5980127910111138,6.324913596523296,CRZ,False
2024-07-29,yellow,CRZ,47572.0,10.746296424937327,0.12751534337562442,0.18588513572038576,2.398636071034921,CRZ,False
2024-07-30,yellow,CRZ,59378.0,10.953465806093485,0.16077165687637843,0.237686548893498,3.8952776617412477,CRZ,False
2024-07-31,yellow,CRZ,64396.0,11.020290156863581,0.17846511958714983,0.2942683792782197,5.392010074248765,CRZ,False
2024-08-01,yellow,CRZ,68995.0,11.021868349849498,0.15668569661986154,0.7653600164097896,12.740774602089132,CRZ,False
2024-08-02,yellow,CRZ,60870.0,10.877680747142076,0.08875318312968541,1.5640562901621156,14.891150223398085,CRZ,False
2024-08-03,yellow,CRZ,69977.0,10.96898282932213,0.08112026062287298,2.304468265436839,20.555382394396915,CRZ,False
2024-08-04,yellow,CRZ,51186.0,10.820008687716445,0.08393496645968954,0.2765551640680417,2.348415869776743,CRZ,False
2024-08-05,yellow,CRZ,51949.0,10.74359566374116,0.12237974449910549,0.9349756676737295,12.122527551252006,CRZ,False
2024-08-06,yellow,CRZ,70144.0,10.9286931413375,0.12404370410915648,1.8510605691690463,25.811228308549737,CRZ,False
2024-08-07,yellow,CRZ,63253.0,11.079991405960772,0.1331574121393989,-0.18845041565919426,-2.4781343124736677,CRZ,False
2024-08-08,yellow,CRZ,63935.0,11.12574138035324,0.09417670600420963,-0.638365490350493,-5.834767955175102,CRZ,False
2024-08-09,yellow,CRZ,51892.0,10.962478492737164,0.08751353538655648,-1.2061971623017704,-10.017823849783635,CRZ,False
2024-08-10,yellow,CRZ,59159.0,11.016871764787975,0.12989156789575967,-0.22239897390671917,-2.8474489293818017,CRZ,False
2024-08-11,yellow,CRZ,47637.0,10.863906551939518,0.080949954867297,-1.1431940005033503,-8.838862419541693,CRZ,False
2024-08-12,yellow,CRZ,42554.0,10.804790271776799,0.14134420732142072,-1.0347869071884546,-13.606792929930334,CRZ,False
2024-08-13,yellow,CRZ,52350.0,11.016451731132303,0.2188598688794909,-0.6887718411118298,-13.993259494377398,CRZ,False
2024-08-14,yellow,CRZ,57403.0,11.079991405960772,0.06621745256105957,-1.8445221839043722,-11.497515437037398,CRZ,False
2024-08-15,yellow,CRZ,58578.0,11.129151781806737,0.11522700874378297,-1.3107803890740153,-14.018437594478428,CRZ,False
2024-08-16,yellow,CRZ,54092.0,10.980669091213409,0.19178828897151823,-0.4287410459789361,-7.893761753816319,CRZ,False
2024-08-17,yellow,CRZ,56953.0,11.04976756087113,0.17973035247624985,-0.555197907425682,-9.496884964761277,CRZ,False
2024-08-18,yellow,CRZ,49183.0,10.863906551939518,0.08406136530301365,-0.7209404392215102,-5.880340289697516,CRZ,False
2024-08-19,yellow,CRZ,42704.0,10.804790271776799,0.15108179116506085,-0.9448021434730315,-13.302262661083441,CRZ,False
2024-08-20,yellow,CRZ,50959.0,11.016451731132303,0.2169031454159628,-0.8191447107508352,-16.278557986131336,CRZ,False
2024-08-21,yellow,CRZ,53079.0,11.079991405960772,0.06621745256105957,-3.0272194025407315,-18.164148596458517,CRZ,False
2024-08-22,yellow,CRZ,54707.0,11.129151781806737,0.17215574858822694,-1.2744554430155366,-19.700342542953564,CRZ,False
2024-08-23,yellow,CRZ,51313.0,10.986851396900736,0.20704672870835097,-0.6817397571051825,-13.164267695651876,CRZ,False
2024-08-24,yellow,CRZ,54911.0,11.083383360534215,0.21613941289839067,-0.7861332948470238,-15.626295316130001,CRZ,False
2024-08-25,yellow,CRZ,48977.0,10.863906551939518,0.11352619603511374,-0.5707975345067625,-6.2745547520183464,CRZ,False
2024-08-26,yellow,CRZ,45125.0,10.814008689455544,0.19380699314717437,-0.4995536654698527,-9.227789031071199,CRZ,False
2024-08-27,yellow,CRZ,51600.0,11.013961326073698,0.2169031454159628,-0.7500323441232662,-15.014061670783507,CRZ,False
2024-08-28,yellow,CRZ,59023.0,11.079991405960772,0.07489385397373038,-1.2592345502968998,-8.999840664081237,CRZ,False
2024-08-29,yellow,CRZ,55416.0,11.173877372374282,0.15111766633287688,-1.662636399627747,-22.217501309360422,CRZ,False
2024-08-30,yellow,CRZ,50893.0,11.07641023239172,0.17809321439226825,-1.3415983572634342,-21.252965321573203,CRZ,False
2024-08-31,yellow,CRZ,52955.0,11.198735807202132,0.19900032524521172,-1.6157663638396436,-27.49669448992307,CRZ,False
2024-09-01,yellow,CRZ,50854.0,10.952486388452582,0.22429023615001534,-0.5161719445453873,-10.932201675572738,CRZ,False
2024-09-02,yellow,CRZ,42619.0,10.86152808143955,0.1233547425916877,-1.6332784211785643,-18.247405460248732,CRZ,False
2024-09-03,yellow,CRZ,52212.0,11.059039197497082,0.15664409516629801,-1.2510625745601955,-17.796439106206385,CRZ,False
2024-09-04,yellow,CRZ,65328.0,11.032664768809386,0.12689150045524256,0.4295894094908152,5.602435107675219,CRZ,False
2024-09-05,yellow,CRZ,74687.0,11.021868349849498,0.15668569661986154,1.2712901111749693,22.041745528027224,CRZ,False
2024-09-06,yellow,CRZ,72313.0,10.958215587009352,0.17290903682263759,1.3333230904127829,25.928438516340613,CRZ,False
2024-09-07,yellow,CRZ,76233.0,11.094549317154339,0.28994293440835656,0.5069977026285556,15.835442826940271,CRZ,False
2024-09-08,yellow,CRZ,65582.0,10.89669901939512,0.16525571872050582,1.1761016753071114,21.453043354234325,CRZ,False
2024-09-09,yellow,CRZ,56349.0,10.773222475203992,0.1663044551738995,0.9987543490873739,18.0687974568704,CRZ,False
2024-09-10,yellow,CRZ,66868.0,10.950975401034878,0.15707938233648772,1.0154127321812931,17.292473700607157,CRZ,False
2024-09-11,yellow,CRZ,68120.0,11.048803857441566,0.12908646548658959,0.6214615686676539,8.352788460054583,CRZ,False
2024-09-12,yellow,CRZ,78392.0,11.092039953008317,0.22123185724148176,0.8020418465938133,19.415307146137483,CRZ,False
2024-09-13,yellow,CRZ,71342.0,11.073772034380292,0.18200460676400984,0.5575048934574243,10.67950083123721,CRZ,False
2024-09-14,yellow,CRZ,81194.0,11.221332169866304,0.16549895795930952,0.5031116990367982,8.682919548926083,CRZ,False
2024-09-15,yellow,CRZ,63688.0,11.017185229583854,0.14669806789454232,0.30379548840819515,4.557420312518423,CRZ,False
2024-09-16,yellow,CRZ,55326.0,10.847145835293976,0.14467786072711644,0.510460993147502,7.664788535676159,CRZ,False
2024-09-17,yellow,CRZ,71046.0,11.059039197497082,0.10093240214920343,1.1100858958682218,11.856166920640089,CRZ,False
2024-09-18,yellow,CRZ,76156.0,11.10810107416799,0.13907152775676235,0.9523018481627181,14.160831741862602,CRZ,False
2024-09-19,yellow,CRZ,79992.0,11.213513377043899,0.1113395685172908,0.6841101741826653,7.914442878266015,CRZ,False
2024-09-20,yellow,CRZ,73446.0,11.132939608815299,0.09195769865779099,0.776075451320816,7.397434932163027,CRZ,False
2024-09-21,yellow,CRZ,82811.0,11.243140981947526,0.10605444038329262,0.7654106659766656,8.45608948215446,CRZ,False
2024-09-22,yellow,CRZ,66702.0,11.069718961131183,0.07639655618530235,0.5009552425067326,3.9013032480453846,CRZ,False
2024-09-23,yellow,CRZ,56962.0,10.880258844284556,0.06801055737634418,1.0274994977284824,7.238036042292784,CRZ,False
2024-09-24,yellow,CRZ,62084.0,11.090093016421335,0.05489201021210615,-0.9810067155890698,-5.242522852178599,CRZ,False
2024-09-25,yellow,CRZ,68322.0,11.149040027821847,0.10741239439934788,-0.15876124797838184,-1.6908347637648147,CRZ,False
2024-09-26,yellow,CRZ,73568.0,11.246691122859843,0.05086843753355917,-0.8006083393079857,-3.9907548294170203,CRZ,False
2024-09-27,yellow,CRZ,68619.0,11.181999845814516,0.044060980754840516,-1.03663381378611,-4.464769666976764,CRZ,False
2024-09-28,yellow,CRZ,84255.0,11.274664438448163,0.07393586618826424,0.9053624260792925,6.922999137782626,CRZ,False
2024-09-29,yellow,CRZ,67797.0,11.08437151426517,0.04143511817401609,0.9629925689886618,4.070847886207485,CRZ,False
2024-09-30,yellow,CRZ,52315.0,10.91706056857836,0.032498962892824286,-1.600732704448829,-5.069216318177117,CRZ,False
2024-10-01,yellow,CRZ,64980.0,11.104344267438893,0.04872141281764355,-0.4620033967416303,-2.2258010545132545,CRZ,False
2024-10-02,yellow,CRZ,60502.0,11.182550955886317,0.07419393450964046,-2.3198561405336897,-15.812123070253847,CRZ,False
2024-10-03,yellow,CRZ,58354.0,11.246691122859843,0.04918932594671909,-5.5379481301989895,-23.845646304314492,CRZ,True
2024-10-04,yellow,CRZ,60961.0,11.194964226822712,0.032536343286403605,-5.439290790591468,-16.21989627426824,CRZ,True
2024-10-05,yellow,CRZ,73212.0,11.324533496986046,0.02743296429244511,-4.498925990297805,-11.61066567415875,CRZ,True
2024-10-06,yellow,CRZ,57336.0,11.112319118591365,0.024623523494452983,-6.320587748242879,-14.412859413398671,CRZ,True
2024-10-07,yellow,CRZ,50476.0,10.91706056857836,0.032498962892824286,-2.7018497204089784,-8.406265179705773,CRZ,False
2024-10-08,yellow,CRZ,66053.0,11.09622455480496,0.06075969876871256,0.032721924081216484,0.1990151979204935,CRZ,False
2024-10-09,yellow,CRZ,72987.0,11.150520511452866,0.09420463862917365,0.5043924727996353,4.866309560555915,CRZ,False
2024-10-10,yellow,CRZ,81450.0,11.225780158164627,0.05583877660039279,1.4678769997440888,8.541722892798775,CRZ,False
2024-10-11,yellow,CRZ,68156.0,11.18820487429122,0.03711199421578177,-1.5803623921440675,-5.696360289939384,CRZ,False
2024-10-12,yellow,CRZ,76476.0,11.324533496986046,0.02743296429244511,-2.90895475359649,-7.6700167745309855,CRZ,False
2024-10-13,yellow,CRZ,64711.0,11.112319118591365,0.03799091751883065,-0.9116030714511485,-3.4039790969102257,CRZ,False
2024-10-14,yellow,CRZ,53932.0,10.898829214507543,0.05064452084589088,-0.06614618319268946,-0.334433695902725,CRZ,False
2024-10-15,yellow,CRZ,69131.0,11.090093016421335,0.05797093123354418,0.9257315135569568,5.513162049900888,CRZ,False
2024-10-16,yellow,CRZ,75514.0,11.182550955886317,0.058819682978155007,0.8419357282606292,5.076912142951606,CRZ,False
2024-10-17,yellow,CRZ,76710.0,11.225780158164627,0.08941153303506472,0.2461337820936924,2.2251143413946073,CRZ,False
2024-10-18,yellow,CRZ,73216.0,11.18668687302284,0.06419358059147588,0.22560483685652075,1.4587760067395372,CRZ,False
2024-10-19,yellow,CRZ,82847.0,11.326509141338882,0.06970972754543692,-0.025223583849622384,-0.1756784202808781,CRZ,False
2024-10-20,yellow,CRZ,67388.0,11.112319118591365,0.04486083897545691,0.13158739447468756,0.5920578667833132,CRZ,False
2024-10-21,yellow,CRZ,54892.0,10.890007402189763,0.06926888848242957,0.3337067434772588,2.3384728745622363,CRZ,False
2024-10-22,yellow,CRZ,64989.0,11.112973095378443,0.035928312514467216,-0.8628234787971264,-3.0524224876559924,CRZ,False
2024-10-23,yellow,CRZ,70902.0,11.197042306492897,0.036562771363945396,-0.7654886263196276,-2.7600339450833067,CRZ,False
2024-10-24,yellow,CRZ,76542.0,11.226876392258125,0.10117613986216466,0.18500900047896665,1.8894785802899605,CRZ,False
2024-10-25,yellow,CRZ,74543.0,11.185118640020763,0.07736063166521923,0.43966521883024373,3.4597827820945115,CRZ,False
2024-10-26,yellow,CRZ,87765.0,11.30887626833911,0.03945366200091022,1.8640043742869585,7.631352407777059,CRZ,False
2024-10-27,yellow,CRZ,67282.0,11.097954360500022,0.04934643464211773,0.37882494159123437,1.8869480553635354,CRZ,False
2024-10-28,yellow,CRZ,56014.0,10.890007402189763,0.035645026191085054,1.216145446221416,4.430285280108781,CRZ,False
2024-10-29,yellow,CRZ,68231.0,11.090093016421335,0.056970716958460205,0.7119669850714208,4.139511359979986,CRZ,False
2024-10-30,yellow,CRZ,72842.0,11.183545271473651,0.05657347548347859,0.22099967034130993,1.258120518253203,CRZ,False
2024-10-31,yellow,CRZ,66237.0,11.246691122859843,0.08420644003897931,-1.730231376768178,-13.558009292574125,CRZ,False
2024-11-01,yellow,CRZ,77277.0,11.185118640020763,0.06921238097177572,1.0118566541571208,7.254358344202827,CRZ,False
2024-11-02,yellow,CRZ,83175.0,11.290691328618802,0.10047268201319202,0.37831947457004894,3.874242242985604,CRZ,False
2024-11-03,yellow,CRZ,71302.0,11.075355330517445,0.0623875108812249,1.5920546368890318,10.442443501932042,CRZ,False
2024-11-04,yellow,CRZ,53345.0,10.907093097207994,0.039322463295375684,-0.5736559638441073,-2.230504600610439,CRZ,False
2024-11-05,yellow,CRZ,51684.0,11.128519238570572,0.026593417404530216,-10.364057373141865,-24.089540421937095,CRZ,True
2024-11-06,yellow,CRZ,63307.0,11.197042306492897,0.02016552506834795,-7.006567866574002,-13.176348607393273,CRZ,True
2024-11-07,yellow,CRZ,72704.0,11.265140135136242,0.07342405164287057,-0.9668283199728157,-6.852735174988956,CRZ,False
2024-11-08,yellow,CRZ,70903.0,11.22102605810975,0.08336690969734135,-0.6232452846851434,-5.063129218557716,CRZ,False
2024-11-09,yellow,CRZ,79888.0,11.32672645653384,0.08017418267123336,-0.4782777013230389,-3.761964187520306,CRZ,False
2024-11-10,yellow,CRZ,64410.0,11.11451810790971,0.04486083897545691,-0.924947667418214,-4.0644839825462515,CRZ,False
2024-11-11,yellow,CRZ,49751.0,10.92323991793101,0.02893814239359285,-3.747789805187461,-10.277990133541914,CRZ,True
2024-11-12,yellow,CRZ,68032.0,11.129979650725566,0.04980102890951786,-0.045103265396931526,-0.22436682291276933,CRZ,False
2024-11-13,yellow,CRZ,73964.0,11.194604432978577,0.04671630171213963,0.3581048528067167,1.6870053278318364,CRZ,False
2024-11-14,yellow,CRZ,79419.0,11.246691122859843,0.12786167401358656,0.2800040804682004,3.6450391773940938,CRZ,False
2024-11-15,yellow,CRZ,74826.0,11.237141533663905,0.09433603152621214,-0.15074660535355494,-1.412019803875375,CRZ,False
2024-11-16,yellow,CRZ,89476.0,11.32672645653384,0.06731552870196676,1.1141449349111419,7.788334823220455,CRZ,False
2024-11-17,yellow,CRZ,68748.0,11.11451810790971,0.07535720506965231,0.31430062015937055,2.396752913645539,CRZ,False
2024-11-18,yellow,CRZ,56393.0,10.92323991793101,0.045131090644767655,0.3735872130802046,1.7003337098584925,CRZ,False
2024-11-19,yellow,CRZ,68139.0,11.129193873856615,0.08063509849717791,0.0013783276139364403,0.011114775936560406,CRZ,False
2024-11-20,yellow,CRZ,73862.0,11.194604432978577,0.061749307132564324,0.24857498861606325,1.5467739376494816,CRZ,False
2024-11-21,yellow,CRZ,84481.0,11.264043901042744,0.09446509127368073,0.8493935046972659,8.354495854862476,CRZ,False
2024-11-22,yellow,CRZ,80998.0,11.227351333253416,0.0638137901116708,1.1726056171769867,7.769921125067936,CRZ,False
2024-11-23,yellow,CRZ,80258.0,11.353945218892292,0.08402248477471233,-0.7253236387674374,-5.9123596935702345,CRZ,False
2024-11-24,yellow,CRZ,62104.0,11.11451810790971,0.07535720506965231,-1.034438973050324,-7.499157168949799,CRZ,False
2024-11-25,yellow,CRZ,54234.0,10.933615735340583,0.09144982568054548,-0.355959544721598,-3.202831030309039,CRZ,False
2024-11-26,yellow,CRZ,59098.0,11.129979650725566,0.05926191743617059,-2.413477238659931,-13.326958350489548,CRZ,False
2024-11-27,yellow,CRZ,54805.0,11.203000878600832,0.043878821995578646,-6.642479348702157,-25.283121503531692,CRZ,True
2024-11-28,yellow,CRZ,38850.0,11.283593452713108,0.09773674340008069,-7.327132785526426,-51.13604104405428,CRZ,True
2024-11-29,yellow,CRZ,49301.0,11.243466808807572,0.0849581785982123,-5.1527371729231,-35.45239452248716,CRZ,True
2024-11-30,yellow,CRZ,60220.0,11.310851912691946,0.09634530434402458,-3.1666526223926366,-26.294451939918527,CRZ,False
2024-12-01,yellow,CRZ,52621.0,11.09270618731965,0.09913547101507032,-2.23770186849972,-19.895297736563133,CRZ,False
2024-12-02,yellow,CRZ,56043.0,10.892799414326014,0.12678702076950282,0.3239694223695945,4.193037020919155,CRZ,False
2024-12-03,yellow,CRZ,69505.0,11.057342911787822,0.22341753608004356,0.4109393614943365,9.615769406644903,CRZ,False
2024-12-04,yellow,CRZ,72632.0,11.13285247641626,0.20001776057688858,0.3015152177556193,6.216406598793833,CRZ,False
2024-12-05,yellow,CRZ,82585.0,11.238322297979956,0.16485575740745204,0.5050539228026436,8.682548402552715,CRZ,False
2024-12-06,yellow,CRZ,80770.0,11.195994360945456,0.2273946600675497,0.4545688428223422,10.889777611864137,CRZ,False
2024-12-07,yellow,CRZ,87482.0,11.268800617320142,0.23365465755516956,0.47243962835065484,11.671095723493274,CRZ,False
2024-12-08,yellow,CRZ,66996.0,11.025840228183625,0.19817348262072698,0.43672829366568416,9.04036697632411,CRZ,False
2024-12-09,yellow,CRZ,61261.0,10.857924569956854,0.11721858778756876,1.4074059180882403,17.936261311477253,CRZ,False
2024-12-10,yellow,CRZ,75006.0,11.057342911787822,0.16695314658526988,1.0061534087050032,18.29135170296814,CRZ,False
2024-12-11,yellow,CRZ,79473.0,11.102448733297315,0.19184020840413904,0.9420542675706819,19.808432698370225,CRZ,False
2024-12-12,yellow,CRZ,85370.0,11.16674701181577,0.24638681304752896,0.7630400988721541,20.68371578062378,CRZ,False
2024-12-13,yellow,CRZ,89015.0,11.093451608119956,0.3073707151376712,0.9861335214815288,35.406146111885086,CRZ,False
2024-12-14,yellow,CRZ,94002.0,11.216271937643445,0.25824680960741025,0.9092054238154664,26.46550534546752,CRZ,False
2024-12-15,yellow,CRZ,71777.0,10.993162883226113,0.17903702394021878,1.050936181184576,20.702238295432895,CRZ,False
2024-12-16,yellow,CRZ,60349.0,10.881605588901628,0.10401971890137808,1.2141358274407545,13.461577282885573,CRZ,False
2024-12-17,yellow,CRZ,72457.0,11.051673841396834,0.20098843025406277,0.6919538595650984,14.920996581279255,CRZ,False
2024-12-18,yellow,CRZ,77061.0,11.078405300849191,0.2212165640918882,0.7863212904600602,18.99928445805916,CRZ,False
2024-12-19,yellow,CRZ,79594.0,11.149100835091444,0.29713549828595953,0.4563344258690217,14.521587575860352,CRZ,False
2024-12-20,yellow,CRZ,75492.0,11.007253689221002,0.3356750514745651,0.668885814273989,25.173211000307205,CRZ,False
2024-12-21,yellow,CRZ,76820.0,11.172905871317749,0.27682257289333534,0.2756799410702429,7.930188632985824,CRZ,False
2024-12-22,yellow,CRZ,60786.0,11.003888333128003,0.19683520080251643,0.0570347433180564,1.1289698169686613,CRZ,False
2024-12-23,yellow,CRZ,49010.0,10.881605588901628,0.1983623785324522,-0.4125074099403763,-7.85676808838206,CRZ,False
2024-12-24,yellow,CRZ,40371.0,11.05665755104117,0.16796926242825735,-2.683768209222558,-36.28757367133196,CRZ,False
2024-12-25,yellow,CRZ,28237.0,11.14207465319333,0.17836864336046923,-5.0103324367262685,-59.08552197039965,CRZ,True
2024-12-26,yellow,CRZ,41175.0,11.233729105438139,0.15483915913492444,-3.9275759038601596,-45.563894617369584,CRZ,True
2024-12-27,yellow,CRZ,47015.0,11.08952587516233,0.2610051379672968,-1.2693386001185343,-28.201305780064047,CRZ,False
2024-12-28,yellow,CRZ,51958.0,11.216271937643445,0.20068406914460316,-1.7843018644829907,-30.098351878260065,CRZ,False
2024-12-29,yellow,CRZ,45961.0,10.99730553663806,0.17903702394021878,-1.4620274684022512,-23.030199846166866,CRZ,False
2024-12-30,yellow,CRZ,43848.0,10.830963759340193,0.20745033640309157,-0.6868119622490916,-13.279455771104697,CRZ,False
2024-12-31,yellow,CRZ,44566.0,11.067003776877195,0.15262994800376575,-2.373566041058628,-30.39106576429198,CRZ,False
2025-01-01,yellow,CRZ,49212.0,11.14207465319333,0.11961925452263945,-2.827152529606047,-28.693441484835745,CRZ,False
2025-01-02,yellow,CRZ,44758.0,11.233729105438139,0.10290661824167135,-5.098832667212878,-40.826928847218625,CRZ,True
2025-01-03,yellow,CRZ,49191.0,11.13357577833907,0.1956967515174623,-1.686843633639136,-28.11552140212269,CRZ,False
2025-01-04,yellow,CRZ,56263.0,11.286647470356638,0.15723904279679768,-2.2186287812229266,-29.450462678903776,CRZ,False
2025-01-05,yellow,CRZ,43149.0,11.063751486690048,0.12201418876160237,-3.207307030354174,-32.38477222870364,CRZ,False
2025-01-06,yellow,CRZ,39166.0,10.798390237311946,0.1287367481398881,-1.7308650253697317,-19.974586646039995,CRZ,False
2025-01-07,yellow,CRZ,51435.0,11.050576901313114,0.15270044610568614,-1.3261437861669931,-18.331576144744176,CRZ,False
2025-01-08,yellow,CRZ,60581.0,11.14207465319333,0.11310883394294727,-1.1523243331819115,-12.22013692987154,CRZ,False
2025-01-09,yellow,CRZ,63007.0,11.20907862649933,0.09921836490993091,-1.5932283940622536,-14.621640264560654,CRZ,False
2025-01-10,yellow,CRZ,57756.0,11.13357577833907,0.1343658956482888,-1.2621748876804408,-15.599196074505562,CRZ,False
2025-01-11,yellow,CRZ,71921.0,11.286647470356638,0.17268432788465485,-0.5983397464920047,-9.816517539580849,CRZ,False
2025-01-12,yellow,CRZ,58175.0,11.044030663555962,0.14264647634158362,-0.5104905305273303,-7.02315249480574,CRZ,False
2025-01-13,yellow,CRZ,52164.0,10.768694766730533,0.14318958313824054,0.6526530212469142,9.795912327379952,CRZ,False
2025-01-14,yellow,CRZ,67265.0,11.007266006998721,0.20312635429667156,0.5372484249952917,11.530656568176001,CRZ,False
2025-01-15,yellow,CRZ,69222.0,11.1194230823045,0.11359158655011888,0.22581714570494343,2.5982743956039167,CRZ,False
2025-01-16,yellow,CRZ,76665.0,11.174374926747847,0.1441587995330965,0.5051764676073254,7.554298149230521,CRZ,False
2025-01-17,yellow,CRZ,62977.0,11.13357577833907,0.19727367404740598,-0.4209934213939611,-7.969571493596006,CRZ,False
2025-01-18,yellow,CRZ,70438.0,11.286647470356638,0.15285743889287676,-0.8122555369722024,-11.676087129670009,CRZ,False
2025-01-19,yellow,CRZ,68624.0,10.99730553663806,0.11517778751725577,1.207629293085385,14.922990486643961,CRZ,False
2025-01-20,yellow,CRZ,42191.0,10.791021369160859,0.09026008312590371,-1.562807800957633,-13.156206836815942,CRZ,False
2025-01-21,yellow,CRZ,59690.0,11.017242868698801,0.15122329859939196,-0.13439124608664965,-2.011796551371503,CRZ,False
2025-01-22,yellow,CRZ,68808.0,11.105250437053686,0.08278532578155842,0.4085852034560033,3.440342459594059,CRZ,False
2025-01-23,yellow,CRZ,74627.0,11.174374926747847,0.12938094095866287,0.3546327914912976,4.69516217286412,CRZ,False
2025-01-24,yellow,CRZ,68086.0,11.094574762527635,0.18429298205100117,0.18422909037704752,3.4535080740835777,CRZ,False
2025-01-25,yellow,CRZ,82791.0,11.253022246143068,0.19231477933410404,0.3694588263904092,7.363747512908536,CRZ,False
2025-01-26,yellow,CRZ,58659.0,11.032834614110914,0.12245284035792725,-0.43558253904624655,-5.194078833607552,CRZ,False
2025-01-27,yellow,CRZ,46184.0,10.75716319439648,0.1287367481398881,-0.13030077190922,-1.663458916048166,CRZ,False
2025-01-28,yellow,CRZ,60938.0,11.006896642862774,0.13798825437580867,0.07765581223159135,1.077320752431321,CRZ,False
2025-01-29,yellow,CRZ,66156.0,11.137364723232078,0.03445354864896151,-1.0911460888232114,-3.689597850887827,CRZ,False
2025-01-30,yellow,CRZ,72977.0,11.233729105438139,0.04138243563243625,-0.865814273560631,-3.519522464888436,CRZ,False
2025-01-31,yellow,CRZ,68777.0,11.142495837381821,0.1428697892405021,-0.027095803094726874,-0.38636883518946563,CRZ,False
2025-02-01,yellow,CRZ,88915.0,11.323397778856261,0.15285743889287676,0.47127806041539383,7.469656575491879,CRZ,False
2025-02-02,yellow,CRZ,69154.0,11.032834614110914,0.0852212898707191,1.3055020258636487,11.76816298165182,CRZ,False
2025-02-03,yellow,CRZ,48874.0,10.762715299171095,0.15729323986946536,0.21797209834099224,3.4880061660894857,CRZ,False
2025-02-04,yellow,CRZ,65091.0,11.017242868698801,0.08167606603691749,0.8117274044848537,6.854584531323171,CRZ,False
2025-02-05,yellow,CRZ,70613.0,11.137364723232078,0.03445354864896151,0.8012184624841285,2.798936256050144,CRZ,False
2025-02-06,yellow,CRZ,69623.0,11.251111397572355,0.023835470921219026,-4.206384107153415,-9.539884584829183,CRZ,True
2025-02-07,yellow,CRZ,74057.0,11.145770531644903,0.08338832770106229,0.8013089619127566,6.9102823783841805,CRZ,False
2025-02-08,yellow,CRZ,87199.0,11.339945024661848,0.07788951802957156,0.4622331501125565,3.665907804203905,CRZ,False
2025-02-09,yellow,CRZ,64405.0,11.056769249561098,0.11631094240937648,0.1390866494069963,1.6308860251281088,CRZ,False
2025-02-10,yellow,CRZ,53191.0,10.791021369160859,0.08329955066887101,1.0879184605140526,9.485629687443286,CRZ,False
2025-02-11,yellow,CRZ,67649.0,11.050576901313114,0.07445971857736625,0.9603978040322841,7.412991258563251,CRZ,False
2025-02-12,yellow,CRZ,70067.0,11.14207465319333,0.04020776861355689,0.3763589338071093,1.5247629741121926,CRZ,False
2025-02-13,yellow,CRZ,77538.0,11.251111397572355,0.036590434496862896,0.2025671540338156,0.7439557195396462,CRZ,False
2025-02-14,yellow,CRZ,80942.0,11.154690590687654,0.06231623917438859,2.3556867205608736,15.811946306499603,CRZ,False
2025-02-15,yellow,CRZ,88391.0,11.365881776225862,0.059845854281288156,0.3950759421196654,2.3925384498920454,CRZ,False
2025-02-16,yellow,CRZ,64669.0,11.061997635883145,0.10650622365569012,0.1412086054811216,1.5153259135543218,CRZ,False
2025-02-17,yellow,CRZ,48293.0,10.80978760421629,0.11294446866310229,-0.2190961886648914,-2.44420376734098,CRZ,False
2025-02-18,yellow,CRZ,60893.0,11.09045306761075,0.048631081165553695,-1.5130151599428725,-7.093777617138198,CRZ,False
2025-02-19,yellow,CRZ,66885.0,11.161088374313607,0.03517268509347303,-1.4317464944769007,-4.911140516615708,CRZ,False
2025-02-20,yellow,CRZ,78023.0,11.256772826513734,0.07071142094135545,0.11293942874302468,0.8018081502418895,CRZ,False
2025-02-21,yellow,CRZ,70015.0,11.195392029388735,0.06827536625262794,-0.5701506668572361,-3.8179316711308697,CRZ,False
2025-02-22,yellow,CRZ,82679.0,11.382736787714702,0.03631642022234505,-1.6525821776516754,-5.825041098485562,CRZ,False
2025-02-23,yellow,CRZ,59440.0,11.074991890015408,0.046282167914051084,-1.7775574121019264,-7.897602412100923,CRZ,False
2025-02-24,yellow,CRZ,45674.0,10.852109429899166,0.08524351895275155,-1.440871332115088,-11.558152708672386,CRZ,False
2025-02-25,yellow,CRZ,59599.0,11.09045306761075,0.034659699676431135,-2.742637533186678,-9.06807107884019,CRZ,False
2025-02-26,yellow,CRZ,68573.0,11.173506557859975,0.05377659122014503,-0.7038826145036768,-3.714495953531416,CRZ,False
2025-02-27,yellow,CRZ,77267.0,11.265552940698662,0.05536240534203939,-0.19021401543844085,-1.0475451669828995,CRZ,False
2025-02-28,yellow,CRZ,76363.0,11.183504112365773,0.04423629792315947,1.35068835079927,6.157053915252209,CRZ,False
2025-03-01,yellow,CRZ,95780.0,11.382736787714702,0.03631642022234505,2.3976037739623766,9.097564842185491,CRZ,False
2025-03-02,yellow,CRZ,68919.0,11.074991890015408,0.046282167914051084,1.4194514627507009,6.790126839845589,CRZ,False
2025-03-03,yellow,CRZ,54830.0,10.852109429899166,0.08545980692977799,0.7007193281882044,6.171267832541294,CRZ,False
2025-03-04,yellow,CRZ,66541.0,11.0897404063832,0.03166713126010076,0.4999875580944138,1.5959180453911426,CRZ,False
2025-03-05,yellow,CRZ,75529.0,11.173506557859975,0.04218052424189363,1.3931882223794458,6.052642222532678,CRZ,False
2025-03-06,yellow,CRZ,78403.0,11.261641175876852,0.03662796932148417,0.21776514459929808,0.8008190422861938,CRZ,False
2025-03-07,yellow,CRZ,69767.0,11.20070242892772,0.0604021678961292,-0.7911310637800738,-4.666225034543237,CRZ,False
2025-03-08,yellow,CRZ,85461.0,11.382736787714702,0.048234556845428406,-0.5581346438126258,-2.6562227085192847,CRZ,False
2025-03-09,yellow,CRZ,62100.0,11.079112739361914,0.035422670032221486,-1.2029435218063171,-4.171636169045412,CRZ,False
2025-03-10,yellow,CRZ,50140.0,10.908423612581748,0.028422225362295776,-3.020496804002896,-8.226742264315623,CRZ,False
2025-03-11,yellow,CRZ,65997.0,11.100756410494355,0.033396481796345,-0.10156294561268817,-0.3386099256000086,CRZ,False
2025-03-12,yellow,CRZ,75132.0,11.18729923555357,0.04519801629613827,0.8784148782018988,4.050129347568321,CRZ,False
2025-03-13,yellow,CRZ,84610.0,11.265168901354155,0.008224021606972637,9.805280727378342,8.397933649782917,CRZ,True
2025-03-14,yellow,CRZ,76087.0,11.183504112365773,0.04299425937650972,1.3054903107331752,5.773368794439637,CRZ,False
2025-03-15,yellow,CRZ,89752.0,11.361903792351448,0.03712777732167054,1.1555175388404202,4.383538296277489,CRZ,False
2025-03-16,yellow,CRZ,63010.0,11.079112739361914,0.07723301733559618,-0.3633681214844605,-2.767388003406601,CRZ,False
2025-03-17,yellow,CRZ,54846.0,10.863714414238842,0.08726562263037825,0.5565779648276256,4.976898181500866,CRZ,False
2025-03-18,yellow,CRZ,67807.0,11.089463793956249,0.01942510030722244,1.7995747217644016,3.5575094725688983,CRZ,False
2025-03-19,yellow,CRZ,71829.0,11.199402867460202,0.03437749498986384,-0.5049610000115686,-1.7209489785343757,CRZ,False
2025-03-20,yellow,CRZ,85245.0,11.265168901354155,0.01081944817867303,8.144208428195817,9.211462640063184,CRZ,True
2025-03-21,yellow,CRZ,71553.0,11.172639647847319,0.06422552635862266,0.08647753151067064,0.5569517393022583,CRZ,False
2025-03-22,yellow,CRZ,84098.0,11.361903792351448,0.0608493668537078,-0.3642721203544858,-2.1921873201672604,CRZ,False
2025-03-23,yellow,CRZ,66094.0,11.043774995428837,0.07054490193163937,0.7804710648837818,5.66021649593782,CRZ,False
2025-03-24,yellow,CRZ,54440.0,10.884909000222638,0.06859625026432901,0.29076598889744665,2.01456962361104,CRZ,False
2025-03-25,yellow,CRZ,64820.0,11.096651904202469,0.03071381476852244,-0.5626923140997506,-1.7133942978214023,CRZ,False
2025-03-26,yellow,CRZ,72588.0,11.1972906257602,0.028926212794607678,-0.16371752150587313,-0.47245319865950597,CRZ,False
2025-03-27,yellow,CRZ,78147.0,11.267598169810187,0.0454598085270467,-0.027523706189325533,-0.12504399609323258,CRZ,False
2025-03-28,yellow,CRZ,72317.0,11.201511843283066,0.06461185539041699,-0.19651705250659654,-1.2617060367962063,CRZ,False
2025-03-29,yellow,CRZ,93267.0,11.361903792351448,0.04845495751066182,1.6782149515061608,8.471560146614166,CRZ,False
2025-03-30,yellow,CRZ,70193.0,11.066118485229651,0.07351450428662226,1.2634973957045117,9.733595658416228,CRZ,False
2025-03-31,yellow,CRZ,55270.0,10.881339844406295,0.04566231308726693,0.846336898158381,3.940215865810659,CRZ,False
2025-04-01,yellow,CRZ,65903.0,11.090176455183798,0.026757595246833115,0.2153701682816205,0.5779424595455662,CRZ,False
2025-04-02,yellow,CRZ,74472.0,11.191775925842386,0.016568581433787123,1.5935322561833818,2.675420465192846,CRZ,False
2025-04-03,yellow,CRZ,74522.0,11.270681348541196,0.037330387197666896,-1.3884582948129678,-5.051133413605502,CRZ,False
2025-04-04,yellow,CRZ,69989.0,11.203979672980669,0.0455447222285488,-1.051412870941403,-4.675784226977808,CRZ,False
2025-04-05,yellow,CRZ,86508.0,11.38031050036756,0.05394455078139666,-0.2283516313797715,-1.2242766170922237,CRZ,False
2025-04-06,yellow,CRZ,64938.0,11.074940986548825,0.11811898473010056,0.052889558682300795,0.626681580939481,CRZ,False
2025-04-07,yellow,CRZ,56521.0,10.881339844406295,0.05158735825424461,1.1829969037563406,6.29283410442345,CRZ,False
2025-04-08,yellow,CRZ,69315.0,11.089463793956249,0.022298329710340268,2.5541293341723974,5.860586209257312,CRZ,False
2025-04-09,yellow,CRZ,73589.0,11.191775925842386,0.016568581433787123,0.8736361191179773,1.4580180015720146,CRZ,False
2025-04-10,yellow,CRZ,78087.0,11.29384104865137,0.08258851989432274,-0.3422047032648446,-2.7866540508587834,CRZ,False
2025-04-11,yellow,CRZ,78889.0,11.203979672980669,0.0455447222285488,1.576854652662793,7.445913759561318,CRZ,False
2025-04-12,yellow,CRZ,84073.0,11.392122687905676,0.03299977924065342,-1.5964330997560203,-5.131829766713691,CRZ,False
2025-04-13,yellow,CRZ,58186.0,11.128918560051925,0.10489852749696833,-1.5016274189537864,-14.573899472083129,CRZ,False
2025-04-14,yellow,CRZ,49132.0,10.916135040854591,0.06267120509735001,-1.8169302476109672,-10.762533645752049,CRZ,False
2025-04-15,yellow,CRZ,65055.0,11.110179978205892,0.05703453632040527,-0.4767573302526847,-2.68252690002474,CRZ,False
2025-04-16,yellow,CRZ,72282.0,11.199402867460202,0.0267868173702922,-0.41335455467636056,-1.1011378978743491,CRZ,False
2025-04-17,yellow,CRZ,73422.0,11.29384104865137,0.06501636416749525,-1.382146673199743,-8.594282194502966,CRZ,False
2025-04-18,yellow,CRZ,66551.0,11.221987403897963,0.07235337618260662,-1.6068849862396453,-10.975943398920396,CRZ,False
2025-04-19,yellow,CRZ,75769.0,11.395415369866242,0.05576759301064051,-2.8685271181230187,-14.783137312045325,CRZ,False
2025-04-20,yellow,CRZ,59854.0,11.159687231618133,0.08278501208572933,-1.933003149755301,-14.787639732626046,CRZ,False
2025-04-21,yellow,CRZ,51939.0,10.931176537160672,0.11296389285998529,-0.6493340770789778,-7.072568614253926,CRZ,False
2025-04-22,yellow,CRZ,63473.0,11.121177927473699,0.06931770406331231,-0.9060892987418588,-6.087625990325051,CRZ,False
2025-04-23,yellow,CRZ,71622.0,11.212214665910908,0.03343408557001647,-0.9887244416656056,-3.251668295171528,CRZ,False
2025-04-24,yellow,CRZ,78570.0,11.265962908052359,0.07197074754604056,0.08034261578025376,0.5799067987712014,CRZ,False
2025-04-25,yellow,CRZ,74969.0,11.203979672980669,0.10870954694159178,0.19179824905240722,2.106918691332904,CRZ,False
2025-04-26,yellow,CRZ,90446.0,11.373715979889568,0.07945299426370567,0.488241972347027,3.9554531845904073,CRZ,False
2025-04-27,yellow,CRZ,73903.0,11.120096058732754,0.13016546755270061,0.694597764511938,9.4625879989648,CRZ,False
2025-04-28,yellow,CRZ,51862.0,10.931176537160672,0.11851609147756013,-0.6314325127530107,-7.210334305096944,CRZ,False
2025-04-29,yellow,CRZ,64182.0,11.121177927473699,0.08835904069234224,-0.5851110484497861,-5.038615022309456,CRZ,False
2025-04-30,yellow,CRZ,72475.0,11.226646503555019,0.043523024418599746,-0.8190963344433289,-3.5021588856245844,CRZ,False
2025-05-01,yellow,CRZ,82120.0,11.249745621725012,0.056214420779590726,1.1774781006351538,6.843103443026433,CRZ,False
2025-05-02,yellow,CRZ,74544.0,11.20167952301635,0.11211974927869005,0.15577372543721332,1.76187214036021,CRZ,False
2025-05-03,yellow,CRZ,90345.0,11.353716461116917,0.07548927263007091,0.7640091236756621,5.937010722677316,CRZ,False
2025-05-04,yellow,CRZ,72588.0,11.086229122493268,0.14929385221254307,0.712191251186121,11.218413972992924,CRZ,False
2025-05-05,yellow,CRZ,63189.0,10.86940574874929,0.10385738786382233,1.776279660009037,20.25926473030424,CRZ,False
2025-05-06,yellow,CRZ,71508.0,11.114702478455026,0.07738280663204697,0.8123527023110031,6.488001631750406,CRZ,False
2025-05-07,yellow,CRZ,76284.0,11.2206826746696,0.05476529180216459,0.39323851560226886,2.1769391560958473,CRZ,False
2025-05-08,yellow,CRZ,85332.0,11.268662047438859,0.08237881960564014,1.0396211385723182,8.941707785719121,CRZ,False
2025-05-09,yellow,CRZ,79127.0,11.221987403897963,0.0734839490631591,0.7732577306307803,5.846741997469973,CRZ,False
2025-05-10,yellow,CRZ,87504.0,11.35185188925479,0.0891008812688388,0.3096254036873523,2.7971966101409507,CRZ,False
2025-05-11,yellow,CRZ,74849.0,11.124481167859752,0.1142352667711152,0.8644166082544955,10.378685362388996,CRZ,False
2025-05-12,yellow,CRZ,60399.0,10.86940574874929,0.15658882520022416,0.8897319369183767,14.949426806020893,CRZ,False
2025-05-13,yellow,CRZ,76564.0,11.122873109288756,0.08012454765478853,1.53522441845439,13.08947822453732,CRZ,False
2025-05-14,yellow,CRZ,81846.0,11.23866650451906,0.055515376703397325,1.3316708197278853,7.672950129784772,CRZ,False
2025-05-15,yellow,CRZ,85446.0,11.29384104865137,0.09476866374111037,0.652101922265532,6.374832660626328,CRZ,False
2025-05-16,yellow,CRZ,79739.0,11.212085956861387,0.06581049729011133,1.1309460694357252,7.726791021011925,CRZ,False
2025-05-17,yellow,CRZ,94288.0,11.337468831664449,0.1007130967703701,1.1581450591196736,12.371524138755374,CRZ,False
2025-05-18,yellow,CRZ,70289.0,11.124481167859752,0.1142352667711152,0.314171152645154,3.654122505804658,CRZ,False
2025-05-19,yellow,CRZ,60688.0,10.917752605513094,0.11296389285998529,0.8476040971274121,10.048243223276486,CRZ,False
2025-05-20,yellow,CRZ,72230.0,11.158488881452504,0.0789255579117133,0.3689789513425435,2.955005767577412,CRZ,False
2025-05-21,yellow,CRZ,80974.0,11.248749770609429,0.055515376703397325,0.9570974209026791,5.457055149609258,CRZ,False
2025-05-22,yellow,CRZ,75653.0,11.335120840402194,0.05743368180615114,-1.7621796562096963,-9.625538647028575,CRZ,False
2025-05-23,yellow,CRZ,61756.0,11.221987403897963,0.06581049729011133,-2.9028953738790593,-17.390127278984956,CRZ,False
2025-05-24,yellow,CRZ,58187.0,11.371851408027439,0.05944959473651048,-6.735692122554703,-32.99709216093094,CRZ,True
2025-05-25,yellow,CRZ,55903.0,11.159031465775065,0.06484539349325275,-3.5107835506099514,-20.3603531243187,CRZ,True
2025-05-26,yellow,CRZ,44958.0,11.01111454571157,0.0736604374356335,-4.0405753275532845,-25.74243634746506,CRZ,True
2025-05-27,yellow,CRZ,57678.0,11.176542702150977,0.02676659456755582,-7.991737772887684,-19.258024614717684,CRZ,True
2025-05-28,yellow,CRZ,75744.0,11.283884782726577,0.0411721549928404,-1.1845450018670967,-4.760010099576418,CRZ,False
2025-05-29,yellow,CRZ,73483.0,11.335120840402194,0.05645754793836157,-2.308132025372077,-12.217803079846036,CRZ,False
2025-05-30,yellow,CRZ,71577.0,11.212085956861387,0.09039689354011139,-0.3712172316313285,-3.3000097704891207,CRZ,False
2025-05-31,yellow,CRZ,81689.0,11.350124216198505,0.1007130967703701,-0.39170261468456713,-3.8681580765259405,CRZ,False
2025-06-01,yellow,CRZ,65596.0,11.140362901178017,0.0624544492720257,-0.7860593486438944,-4.7907327356435765,CRZ,False
2025-06-02,yellow,CRZ,53156.0,11.01111454571157,0.0736604374356335,-1.7665966262266795,-12.201720416518913,CRZ,False
2025-06-03,yellow,CRZ,70457.0,11.176542702150977,0.05063017432095175,-0.272265080970421,-1.3690252831090821,CRZ,False
2025-06-04,yellow,CRZ,78111.0,11.278582219483571,0.04911245446914164,-0.2585097535918213,-1.2615793678063536,CRZ,False
2025-06-05,yellow,CRZ,88124.0,11.25948532478089,0.1122750765190392,1.1312828429026005,13.543389900512292,CRZ,False
2025-06-06,yellow,CRZ,78222.0,11.170565405075811,0.1082428808573329,0.8937383322468095,10.1574821438148,CRZ,False
2025-06-07,yellow,CRZ,86186.0,11.293102740373364,0.09579056862749606,0.7428736577573261,7.375332409745372,CRZ,False
2025-06-08,yellow,CRZ,70101.0,11.099787498756944,0.0721641728183263,0.8024042573729805,5.96141574986,CRZ,False
2025-06-09,yellow,CRZ,61497.0,10.948434391186627,0.09823336837120897,0.7971759721651048,8.145708100436178,CRZ,False
2025-06-10,yellow,CRZ,71362.0,11.158488881452504,0.05569609465765683,0.3058008361117464,1.7177782304562683,CRZ,False
2025-06-11,yellow,CRZ,77287.0,11.283884782726577,0.04125087420506039,-0.693409261824021,-2.8198524050216722,CRZ,False
2025-06-12,yellow,CRZ,85924.0,11.219360870336928,0.11970403879436758,1.1850693985407548,15.241252553674855,CRZ,False
2025-06-13,yellow,CRZ,73499.0,11.1476967638059,0.15464774371902656,0.37071550144603255,5.900555896083781,CRZ,False
2025-06-14,yellow,CRZ,78868.0,11.291820476794015,0.11231485247643662,-0.14503539423938,-1.615767039288718,CRZ,False
2025-06-15,yellow,CRZ,63769.0,11.099787498756944,0.08783510550106498,-0.418568870791699,-3.609741359569607,CRZ,False
2025-06-16,yellow,CRZ,57212.0,10.977925550363572,0.1432433757734571,-0.1634044482852758,-2.313479505931104,CRZ,False
2025-06-17,yellow,CRZ,69858.0,11.151555636902014,0.04449302689811172,0.05988022278544629,0.2667804637402682,CRZ,False
2025-06-18,yellow,CRZ,81644.0,11.256618418742008,0.04949577234445206,1.081005306868865,5.496246972187202,CRZ,False
2025-06-19,yellow,CRZ,73339.0,11.252478671530614,0.11594606409697841,-0.4280513142802625,-4.841937872654068,CRZ,False
2025-06-20,yellow,CRZ,68377.0,11.125821754598157,0.11059967386118626,0.0630203951968808,0.6994382384554632,CRZ,False
2025-06-21,yellow,CRZ,83783.0,11.24982433872008,0.0725897733298084,1.1869587030825188,8.998187014540825,CRZ,False
2025-06-22,yellow,CRZ,67713.0,11.072705565132267,0.07036351906659577,0.7152555704322489,5.161586360451187,CRZ,False
2025-06-23,yellow,CRZ,65994.0,10.9182373181687,0.1080499655612096,1.657397933320239,19.61185702463655,CRZ,False
2025-06-24,yellow,CRZ,78506.0,11.135459872870314,0.037272656637362366,3.634580234469977,14.507537106837987,CRZ,True
2025-06-25,yellow,CRZ,81701.0,11.24519777840408,0.06346582535294772,1.0340012424992595,6.7824864212417735,CRZ,False
2025-06-26,yellow,CRZ,79623.0,11.20382858616998,0.10931597468551012,0.7430724455717808,8.461999285988565,CRZ,False
2025-06-27,yellow,CRZ,70446.0,11.14394224896059,0.08597990906365818,0.21702150073062115,1.883466503000486,CRZ,False
2025-06-28,yellow,CRZ,78666.0,11.262941513272676,0.0725897733298084,0.13810220083253974,1.0075224168815344,CRZ,False
2025-06-29,yellow,CRZ,66723.0,11.072705565132267,0.06220310290071634,0.572309631805776,3.6240681512912376,CRZ,False
2025-06-30,yellow,CRZ,56520.0,10.976104539145163,0.13128275725928354,-0.2571145141325331,-3.319136855852378,CRZ,False
2025-07-01,yellow,CRZ,68225.0,11.158488881452504,0.03656973521173649,-0.7635421945030373,-2.7536305068120104,CRZ,False
2025-07-02,yellow,CRZ,56606.0,11.256618418742008,0.0602184251851916,-5.193562470957085,-26.85659012165469,CRZ,True
2025-07-03,yellow,CRZ,49826.0,11.236946387363666,0.07689153874518549,-5.470747225286273,-34.33828614155847,CRZ,True
2025-07-04,yellow,CRZ,41994.0,11.14394224896059,0.08597990906365818,-5.79972954697817,-39.26561774512387,CRZ,True
2025-07-05,yellow,CRZ,46516.0,11.261659249693325,0.062183040554464726,-8.267650257952495,-40.196597656898234,CRZ,True
2025-07-06,yellow,CRZ,47782.0,11.072705565132267,0.0636979326096059,-4.683060727238062,-25.792227201939376,CRZ,True
2025-07-07,yellow,CRZ,49115.0,10.976104539145163,0.09831037024211615,-1.7717843255723278,-15.985835220721679,CRZ,False
2025-07-08,yellow,CRZ,67002.0,11.14728664471458,0.052360095718998356,-0.6647981743108816,-3.421003509086984,CRZ,False
2025-07-09,yellow,CRZ,71176.0,11.242085556566547,0.10139058017803332,-0.6822585936531611,-6.683625953471662,CRZ,False
2025-07-10,yellow,CRZ,67750.0,11.195395387086133,0.1225461332447871,-0.5860294930786094,-6.9297543464099665,CRZ,False
2025-07-11,yellow,CRZ,63312.0,11.11091678054579,0.10807802359369784,-0.5096930447920905,-5.359683012501404,CRZ,False
2025-07-12,yellow,CRZ,74069.0,11.238517267685948,0.09969129491655503,-0.25844681357439625,-2.5435814858409955,CRZ,False
2025-07-13,yellow,CRZ,60681.0,11.051072542848374,0.09577105144770627,-0.39350752714401316,-3.6985326120963835,CRZ,False
2025-07-14,yellow,CRZ,64487.0,10.9182373181687,0.10606920046187354,1.4705646241731238,16.880471314782298,CRZ,False
2025-07-15,yellow,CRZ,68896.0,11.121522047125193,0.08999949400725998,0.20923843235582318,1.9009781222420363,CRZ,False
2025-07-16,yellow,CRZ,77494.0,11.168033081064815,0.07785868444699383,1.1549477436389388,9.408972034874807,CRZ,False
2025-07-17,yellow,CRZ,78515.0,11.152902140487083,0.09734395070927676,1.21366378671863,12.540483902212674,CRZ,False
2025-07-18,yellow,CRZ,65450.0,11.0356945122568,0.11506735900954566,0.46361765439337393,5.479586897275768,CRZ,False
2025-07-19,yellow,CRZ,75108.0,11.17204030469284,0.13286904785771866,0.41124741164981055,5.616249577402277,CRZ,False
2025-07-20,yellow,CRZ,65016.0,11.009473213027212,0.10937742312081145,0.6666408599267433,7.563959786001995,CRZ,False
2025-07-21,yellow,CRZ,53859.0,10.898477289180395,0.15751334348919463,-0.027632513824174195,-0.4343031285858334,CRZ,False
2025-07-22,yellow,CRZ,64105.0,11.121522047125193,0.1161142929453251,-0.45855168031262744,-5.1851747194854525,CRZ,False
2025-07-23,yellow,CRZ,69776.0,11.168033081064815,0.08219208438384759,-0.18234956680587583,-1.4875934561975002,CRZ,False
2025-07-24,yellow,CRZ,72254.0,11.09755617733076,0.1742210447397916,0.518805237152737,9.459758170896038,CRZ,False
2025-07-25,yellow,CRZ,69919.0,10.997902486362015,0.1105033391079346,1.4224929588063724,17.021819374826784,CRZ,False
2025-07-26,yellow,CRZ,76907.0,11.118195361737044,0.13002254042896524,1.016414665381426,14.128727839324483,CRZ,False
2025-07-27,yellow,CRZ,62263.0,10.983158695251536,0.10381078885591206,0.5390955336193134,5.755953964030591,CRZ,False
2025-07-28,yellow,CRZ,59736.0,10.82826225383565,0.11702055598224159,1.4478471535000939,18.46269073326816,CRZ,False
2025-07-29,yellow,CRZ,72380.0,11.050663452417488,0.1079803741965711,1.287473262939109,14.914920254929221,CRZ,False
2025-07-30,yellow,CRZ,75274.0,11.138452766156096,0.043855774883666515,2.062152652015528,9.465287347243567,CRZ,False
2025-07-31,yellow,CRZ,71842.0,11.067794762087013,0.16890251707600495,0.6774900820081454,12.123390541756219,CRZ,False
2025-08-01,yellow,CRZ,60813.0,10.978907080425271,0.12315520999911674,0.2976064144049239,3.733173876140916,CRZ,False
2025-08-02,yellow,CRZ,68277.0,11.072758639671383,0.1351809919205431,0.43326801134190385,6.031878082659103,CRZ,False
2025-08-03,yellow,CRZ,57570.0,10.973955174815842,0.07753863932542594,-0.17021574354167285,-1.3111581540876882,CRZ,False
2025-08-04,yellow,CRZ,51772.0,10.793563654734529,0.11702055598224159,0.521627045055766,6.294258622901738,CRZ,False
2025-08-05,yellow,CRZ,61886.0,11.026590229681258,0.15591213265750611,0.041427386418377184,0.6479936698627453,CRZ,False
2025-08-06,yellow,CRZ,67769.0,11.158100295143786,0.06634007089997535,-0.5161307856569805,-3.3660592455548533,CRZ,False
2025-08-07,yellow,CRZ,64314.0,11.152902140487083,0.1534402489258902,-0.5303010464145469,-7.814701882609709,CRZ,False
2025-08-08,yellow,CRZ,58703.0,11.0356945122568,0.1302200902839733,-0.42580526783728784,-5.393916124816133,CRZ,False
2025-08-09,yellow,CRZ,62346.0,11.17204030469284,0.10770325045659247,-1.2217413035753393,-12.329569471258427,CRZ,False
2025-08-10,yellow,CRZ,52482.0,11.009473213027212,0.08587197819877959,-1.644863474000051,-13.172576942768554,CRZ,False
2025-08-11,yellow,CRZ,48301.0,10.874364770550633,0.18750590082172083,-0.47549024750594726,-8.529825371778744,CRZ,False
2025-08-12,yellow,CRZ,58977.0,11.050663452417488,0.1914467257465128,-0.3434931351547071,-6.364503289928825,CRZ,False
2025-08-13,yellow,CRZ,70485.0,11.138452766156096,0.08910090469960542,0.27724111368129667,2.501006704445863,CRZ,False
2025-08-14,yellow,CRZ,63835.0,11.185083754998102,0.15560578360783842,-0.777778588543115,-11.39898272144022,CRZ,False
2025-08-15,yellow,CRZ,58546.0,11.05230031611322,0.1756408257114666,-0.42548346488122496,-7.200809296211752,CRZ,False
2025-08-16,yellow,CRZ,66507.0,11.179005297962362,0.20305850123377595,-0.3641453731364364,-7.127519734237097,CRZ,False
2025-08-17,yellow,CRZ,60208.0,10.999939752767556,0.10877197652403295,0.05167470745022705,0.5636586175214564,CRZ,False
2025-08-18,yellow,CRZ,42267.0,10.874364770550633,0.17561234911284188,-1.2675808560946424,-19.95673234485771,CRZ,False
2025-08-19,yellow,CRZ,52066.0,11.050663452417488,0.1914467257465128,-0.9945118054891992,-17.336830091280177,CRZ,False
2025-08-20,yellow,CRZ,67374.0,11.158100295143786,0.08910090469960542,-0.4498925064603775,-3.9293021235374703,CRZ,False
2025-08-21,yellow,CRZ,56795.0,11.185083754998102,0.1671892371159087,-1.4228199520263531,-21.17028626402757,CRZ,False
2025-08-22,yellow,CRZ,53621.0,11.08532578452802,0.17683000849352154,-1.106315182706046,-17.76833368666044,CRZ,False
2025-08-23,yellow,CRZ,62153.0,11.190840208935608,0.20305850123377595,-0.7558700665837332,-14.228709311510212,CRZ,False
2025-08-24,yellow,CRZ,56520.0,11.022341570349237,0.1277948542187296,-0.6259386110638093,-7.687602268741644,CRZ,False
2025-08-25,yellow,CRZ,45994.0,10.876402980491974,0.17561234911284188,-0.7979891449470964,-13.076063974311214,CRZ,False
2025-08-26,yellow,CRZ,53607.0,11.008976039111944,0.16875979163278984,-0.7083506231465826,-11.26724652556862,CRZ,False
2025-08-27,yellow,CRZ,56779.0,11.157978461911378,0.0661594409496079,-3.1901213318204484,-19.02718005604036,CRZ,False
2025-08-28,yellow,CRZ,57532.0,11.224969883769495,0.12547853977514842,-2.1109051039353464,-23.269683123413166,CRZ,False
2025-08-29,yellow,CRZ,55169.0,11.115833661678698,0.21129670663079722,-0.9355431256905705,-17.93652734389375,CRZ,False
2025-08-30,yellow,CRZ,61722.0,11.22285259986171,0.25352271221774364,-0.7591307611813829,-17.507011942550633,CRZ,False
2025-08-31,yellow,CRZ,56143.0,11.056805347856855,0.17150838104296004,-0.706368171619552,-11.409721824358243,CRZ,False
2025-09-01,yellow,CRZ,47136.0,10.876402980491974,0.1621770623652292,-0.7128669094354246,-10.917801267407235,CRZ,False
2025-09-02,yellow,CRZ,55828.0,11.008976039111944,0.19241239238440452,-0.41029178788906057,-7.59094594044506,CRZ,False
2025-09-03,yellow,CRZ,66749.0,11.138330932923687,0.04763699954833707,-0.6221285624160083,-2.92014881548075,CRZ,False
2025-09-04,yellow,CRZ,79460.0,11.077552455726543,0.18369765751578399,1.1184496112825615,22.80856485168894,CRZ,False
2025-09-05,yellow,CRZ,74318.0,11.066810536917956,0.24149221288510378,0.6182308065646764,16.101883486455094,CRZ,False
2025-09-06,yellow,CRZ,81992.0,11.201462084241252,0.2484645544261212,0.45445064198773766,11.953662975873103,CRZ,False
2025-09-07,yellow,CRZ,66706.0,11.029422237899613,0.17646956871108094,0.44556092903253625,8.180175741331963,CRZ,False
2025-09-08,yellow,CRZ,60113.0,10.841704381390855,0.15443360282823196,1.0507882930021224,17.618602547947624,CRZ,False
2025-09-09,yellow,CRZ,72279.0,10.961489779572416,0.12845038840279727,1.7656554625671073,25.45778355185373,CRZ,False
2025-09-10,yellow,CRZ,79695.0,11.135408094709163,0.04763699954833707,3.160443232601661,16.247811540486246,CRZ,False
2025-09-11,yellow,CRZ,80585.0,11.17564376042014,0.1913171380656868,0.6346741738055276,12.91036033390931,CRZ,False
2025-09-12,yellow,CRZ,82773.0,11.184741712234636,0.13525563837623017,1.0285374397281246,14.925681771609,CRZ,False
2025-09-13,yellow,CRZ,95166.0,11.30611932236592,0.14126760576428998,1.1131971191476668,17.02983212843958,CRZ,False
2025-09-14,yellow,CRZ,77493.0,11.080667072923251,0.14268829592326893,1.2423991373023453,19.396036079863286,CRZ,False
2025-09-15,yellow,CRZ,62705.0,10.904595191942644,0.11561662765864568,1.2247483703951316,15.211718053551415,CRZ,False
2025-09-16,yellow,CRZ,74331.0,11.041914748708834,0.1623186672210919,1.0742364105330984,19.0494327868312,CRZ,False
2025-09-17,yellow,CRZ,78402.0,11.135408094709163,0.09687817785724798,1.3852100078283756,14.361765736836606,CRZ,False
2025-09-18,yellow,CRZ,82631.0,11.27536212733768,0.07966702722625604,0.5871696993732336,4.788941933129198,CRZ,False
2025-09-19,yellow,CRZ,78676.0,11.233041745603316,0.09301268018877927,0.4306045873011995,4.0864571726109356,CRZ,False
2025-09-20,yellow,CRZ,87768.0,11.32219434669324,0.11743477469660339,0.5131180432692438,6.211043142254158,CRZ,False
2025-09-21,yellow,CRZ,71233.0,11.144078364863706,0.09981246054613888,0.2968878649534385,3.0076538091307503,CRZ,False
2025-09-22,yellow,CRZ,54079.0,10.93624565052847,0.06893514664114596,-0.5518872876980198,-3.7329832560097587,CRZ,False
2025-09-23,yellow,CRZ,56279.0,11.146272197736899,0.08304627129714415,-2.5069813697335985,-18.795169767503662,CRZ,False
2025-09-24,yellow,CRZ,69759.0,11.217140565501172,0.089909098874926,-0.7155987846451818,-6.231278200810008,CRZ,False
2025-09-25,yellow,CRZ,78254.0,11.290038418162704,0.049788783816078805,-0.4483578658678372,-2.207587411927958,CRZ,False
2025-09-26,yellow,CRZ,77855.0,11.233041745603316,0.0804181644230112,0.36759923438081166,3.0002939037777843,CRZ,False
2025-09-27,yellow,CRZ,91093.0,11.32219434669324,0.0879589750831999,1.1078107137053428,10.23473877674499,CRZ,False
2025-09-28,yellow,CRZ,72253.0,11.140880828025747,0.06839520931324712,0.687888816346298,4.817263415322048,CRZ,False
2025-09-29,yellow,CRZ,57594.0,10.926701862563874,0.034391196786956284,1.0023440661649834,3.507285136005178,CRZ,False
2025-09-30,yellow,CRZ,69494.0,11.123713200374441,0.08621725419665295,0.293241726984181,2.5604809390372685,CRZ,False
2025-10-01,yellow,CRZ,66098.0,11.217140565501172,0.07479898909290271,-1.5808609011863528,-11.152324811381275,CRZ,False
2025-10-02,yellow,CRZ,65093.0,11.290038418162704,0.04034522763480241,-5.117485629231944,-18.654618133317502,CRZ,True
2025-10-03,yellow,CRZ,69799.0,11.256289215006579,0.03947967317925718,-2.6067655762757815,-9.779566852601684,CRZ,False
2025-10-04,yellow,CRZ,80649.0,11.36821443709767,0.066438648359998,-1.0589130666238713,-6.793502669253371,CRZ,False
2025-10-05,yellow,CRZ,63151.0,11.181652487550076,0.04910119668167446,-2.6143665177101143,-12.047080871667948,CRZ,False
2025-10-06,yellow,CRZ,56647.0,10.944535333673311,0.05921525412988666,0.0009959364265859259,0.005897636763507741,CRZ,False
2025-10-07,yellow,CRZ,69341.0,11.123713200374441,0.05795815455913658,0.39819143011630864,2.3346808183985823,CRZ,False
2025-10-08,yellow,CRZ,78087.0,11.191412161700129,0.05691621050307221,1.303085823040139,7.698633170038094,CRZ,False
2025-10-09,yellow,CRZ,83541.0,11.270111905146166,0.051249554316737764,1.2289063580482664,6.500650076449421,CRZ,False
2025-10-10,yellow,CRZ,79130.0,11.237782513923872,0.07615278631915051,0.5392427075126083,4.191965588246993,CRZ,False
2025-10-11,yellow,CRZ,87831.0,11.34199417928655,0.06589976127365749,0.6248218869889913,4.203508458471683,CRZ,False
2025-10-12,yellow,CRZ,71690.0,11.178454950712116,0.07244283326471485,0.02279861320121993,0.16529607708715144,CRZ,False
2025-10-13,yellow,CRZ,54775.0,10.95288399144675,0.04991447618318104,-0.8393321975239035,-4.102936689647341,CRZ,False
2025-10-14,yellow,CRZ,69269.0,11.099466070238899,0.0717987577127887,0.6446724969087907,4.73746338988672,CRZ,False
2025-10-15,yellow,CRZ,75326.0,11.176422781142001,0.039301893909215686,1.3525520855563413,5.459610901723022,CRZ,False
2025-10-16,yellow,CRZ,82876.0,11.258936172089761,0.033043803069445994,2.0023307108918,6.840258492955775,CRZ,False
2025-10-17,yellow,CRZ,76878.0,11.21122381721695,0.07158904232477656,0.5413008787696804,3.951183290868654,CRZ,False
2025-10-18,yellow,CRZ,83284.0,11.342821984113744,0.06323890065109267,-0.20256916402354863,-1.2728549216849072,CRZ,False
2025-10-19,yellow,CRZ,71912.0,11.17690901000896,0.03388118381421978,0.18563159654521233,0.6309238165338238,CRZ,False
2025-10-20,yellow,CRZ,55709.0,10.95288399144675,0.06067634927416055,-0.4118078788626231,-2.4677407584401623,CRZ,False
2025-10-21,yellow,CRZ,64343.0,11.123713200374441,0.038352788223209075,-1.3487878136752978,-5.041456455802306,CRZ,False
2025-10-22,yellow,CRZ,73475.0,11.176422781142001,0.057745547938971194,0.4896950700857934,2.8681319996296084,CRZ,False
2025-10-23,yellow,CRZ,78630.0,11.258936172089761,0.06799433015953754,0.1996109508536312,1.3664936206032152,CRZ,False
2025-10-24,yellow,CRZ,70995.0,11.232782178114276,0.04873733630002023,-1.2806905720407886,-6.050938271822693,CRZ,False
2025-10-25,yellow,CRZ,77948.0,11.342088773046363,0.03940606958340475,-1.9867892735820807,-7.5305213410423395,CRZ,False
2025-10-26,yellow,CRZ,65574.0,11.181652487550076,0.03388118381421978,-2.6775313738380486,-8.672472028610045,CRZ,False
2025-10-27,yellow,CRZ,55576.0,10.95288399144675,0.06067634927416055,-0.4512014879196378,-2.7005898578518095,CRZ,False
2025-10-28,yellow,CRZ,66282.0,11.12150562451301,0.05708919567123205,-0.3473858438449219,-1.9636618319371801,CRZ,False
2025-10-29,yellow,CRZ,71305.0,11.191412161700129,0.08443103509120414,-0.19768123784378003,-1.6551917964633178,CRZ,False
2025-10-30,yellow,CRZ,75202.0,11.261332851929158,0.09050627329911075,-0.3690323928135365,-3.2848133365986243,CRZ,False
2025-10-31,yellow,CRZ,75026.0,11.183611183166125,0.06419613160109863,0.6539150396916792,4.287238624971246,CRZ,False
2025-11-01,yellow,CRZ,85304.0,11.313936708547761,0.04173825082562925,0.9593098981921919,4.085232122166227,CRZ,False
2025-11-02,yellow,CRZ,76111.0,11.116579295851542,0.09401358143091895,1.3122442770906666,13.13015501662862,CRZ,False
2025-11-03,yellow,CRZ,60151.0,10.93624565052847,0.060052590360174456,1.1384637270435995,7.075894971574148,CRZ,False
2025-11-04,yellow,CRZ,65990.0,11.123713200374441,0.0852812116099161,-0.3102055599066787,-2.610784568925817,CRZ,False
2025-11-05,yellow,CRZ,71548.0,11.217140565501172,0.06735239679746513,-0.5792924267470663,-3.8265384066794916,CRZ,False
2025-11-06,yellow,CRZ,76786.0,11.296082392546666,0.06148022656733781,-0.7694308289983767,-4.620334647458735,CRZ,False
2025-11-07,yellow,CRZ,70688.0,11.232782178114276,0.06077897445405483,-1.098259266366718,-6.45719733162341,CRZ,False
2025-11-08,yellow,CRZ,80598.0,11.342088773046363,0.03940606958340475,-1.1383946490869128,-4.386834287542085,CRZ,False
2025-11-09,yellow,CRZ,69025.0,11.181652487550076,0.10048570201838677,-0.39237871617304043,-3.866126540622994,CRZ,False
2025-11-10,yellow,CRZ,59447.0,10.95994799588992,0.06940360604608012,0.4739298756364281,3.3439378985538504,CRZ,False
2025-11-11,yellow,CRZ,59187.0,11.123713200374441,0.0852812116099161,-1.5859999601088517,-12.650772939551569,CRZ,False
2025-11-12,yellow,CRZ,69681.0,11.217140565501172,0.060368187090904704,-1.0843062532071028,-6.336124318161662,CRZ,False
2025-11-13,yellow,CRZ,76892.0,11.296082392546666,0.0855861012847838,-0.536597332797062,-4.488666836563815,CRZ,False
2025-11-14,yellow,CRZ,72901.0,11.232782178114276,0.09575262313488454,-0.3751807690936894,-3.528691470584533,CRZ,False
2025-11-15,yellow,CRZ,83422.0,11.34126096821917,0.090064692329905,-0.1065192745516584,-0.9547753672950243,CRZ,False
2025-11-16,yellow,CRZ,72023.0,11.162711232525794,0.111278117925015,0.1979684713950109,2.227400132427282,CRZ,False
2025-11-17,yellow,CRZ,60587.0,10.992419718648433,0.09743329343096724,0.1992738648167111,1.9605623541804507,CRZ,False
2025-11-18,yellow,CRZ,72510.0,11.099466070238899,0.11125040694146364,0.8270863420315777,9.637983374968439,CRZ,False
2025-11-19,yellow,CRZ,78590.0,11.191412161700129,0.07614474737756742,1.0583472259812574,8.392377487075887,CRZ,False
2025-11-20,yellow,CRZ,82426.0,11.261332851929158,0.08551194214222894,0.6820491584860021,6.005770802871324,CRZ,False
2025-11-21,yellow,CRZ,76113.0,11.21122381721695,0.15728435475581487,0.18279338683193602,2.9167826142443953,CRZ,False
2025-11-22,yellow,CRZ,85179.0,11.342821984113744,0.09237905449519945,0.10487463313468774,0.973530217398344,CRZ,False
2025-11-23,yellow,CRZ,65502.0,11.163482414114739,0.11046372619245982,-0.6667026466054721,-7.0999924229007245,CRZ,False
2025-11-24,yellow,CRZ,52373.0,10.998726892320297,0.06399561002623398,-2.0717111990671873,-12.416750491176165,CRZ,False
2025-11-25,yellow,CRZ,63602.0,11.146576704232984,0.16634566391566305,-0.5180568391732409,-8.256771799684891,CRZ,False
2025-11-26,yellow,CRZ,53443.0,11.216262325917281,0.08919082984165635,-3.69871411829595,-28.099817395106296,CRZ,True
2025-11-27,yellow,CRZ,38359.0,11.284906659490261,0.08551194214222894,-8.538716129729815,-51.816916904256594,CRZ,True
2025-11-28,yellow,CRZ,48137.0,11.232782178114276,0.15728435475581487,-2.8672641195476127,-36.299373414898675,CRZ,False
2025-11-29,yellow,CRZ,54486.0,11.353243414630636,0.06758852266618534,-6.621602752336243,-36.08041312530194,CRZ,True
2025-11-30,yellow,CRZ,53986.0,11.163482414114739,0.111278117925015,-2.399414965132673,-23.43287519377606,CRZ,False
2025-12-01,yellow,CRZ,59397.0,10.998726892320297,0.1647713501594708,-0.0408316936711229,-0.6705311691977633,CRZ,False
2025-12-02,yellow,CRZ,74905.0,11.078829344876064,0.22516528544277933,0.6446223617019464,15.620903274277609,CRZ,False
2025-12-03,yellow,CRZ,77219.0,11.164903397428432,0.24432305505790594,0.366307724302898,9.362451426514419,CRZ,False
2025-12-04,yellow,CRZ,90840.0,11.250157118872751,0.13807456180441954,1.2073033234236783,18.139728450293923,CRZ,False
2025-12-05,yellow,CRZ,88483.0,11.196857635323791,0.26886529746211707,0.7204651870415505,21.374192397909496,CRZ,False
2025-12-06,yellow,CRZ,97970.0,11.331667342529471,0.08411892814611567,1.910975916502335,17.4390448562729,CRZ,False
2025-12-07,yellow,CRZ,77568.0,11.120001388356375,0.09598263899862157,1.4472290310183191,14.901937548142396,CRZ,False
2025-12-08,yellow,CRZ,72124.0,10.991998999024808,0.12300419208781714,1.5783457179479226,21.427008098052003,CRZ,False
2025-12-09,yellow,CRZ,82258.0,11.060400195374662,0.24251737370539322,1.0606074485749222,29.33241093047394,CRZ,False
2025-12-10,yellow,CRZ,85767.0,11.151682962743728,0.21990148841707186,0.9445440085894282,23.085202565979124,CRZ,False
2025-12-11,yellow,CRZ,94582.0,11.284906659490261,0.14109074845983124,1.2213118470540592,18.805296419656358,CRZ,False
2025-12-12,yellow,CRZ,93843.0,11.218415996221117,0.2460660276280763,0.9386198417190291,25.981194006178686,CRZ,False
2025-12-13,yellow,CRZ,103553.0,11.342088773046363,0.1457720671070861,1.4114505539521531,22.84461337777788,CRZ,False
2025-12-14,yellow,CRZ,87571.0,11.10491867193235,0.17332609399778487,1.5882576801050976,31.690791488324386,CRZ,False
2025-12-15,yellow,CRZ,72593.0,10.95051640355475,0.10799937227270952,2.2417479729921417,27.393097238002962,CRZ,False
2025-12-16,yellow,CRZ,80304.0,11.12593997887015,0.21476342668610304,0.7805553096783981,18.250460187398065,CRZ,False
2025-12-17,yellow,CRZ,80822.0,11.07038588204042,0.3152655927709668,0.7283338489861321,25.812007473190167,CRZ,False
2025-12-18,yellow,CRZ,84397.0,11.319656200107769,0.2039557400207525,0.11586305351562655,2.39123577511946,CRZ,False
2025-12-19,yellow,CRZ,87396.0,11.239974357118442,0.3104625112579269,0.44524034907594484,14.824011666863735,CRZ,False
2025-12-20,yellow,CRZ,88292.0,11.352510203563257,0.289594233290502,0.12394783656426296,3.654656664201239,CRZ,False
2025-12-21,yellow,CRZ,67508.0,11.089835955508324,0.2866694911946731,0.10522721731684397,3.0625019083387217,CRZ,False
2025-12-22,yellow,CRZ,54668.0,10.991998999024808,0.2841376395272531,-0.2919894424341452,-7.96168156640904,CRZ,False
2025-12-23,yellow,CRZ,52832.0,11.223975922951482,0.13883067198224147,-2.5145997728533853,-29.4679927908684,CRZ,False
2025-12-24,yellow,CRZ,45241.0,11.254400819721425,0.15565635987069149,-3.4347570882896155,-41.412087698623424,CRZ,False
2025-12-25,yellow,CRZ,31791.0,11.380071065574054,0.08446025802768485,-11.995376043002588,-63.69201715216373,CRZ,True
2025-12-26,yellow,CRZ,43222.0,11.384385258077366,0.05276103276428043,-13.462214763454334,-50.849361774233614,CRZ,True
2025-12-27,yellow,CRZ,46298.0,11.440410685299895,0.1181884654565391,-5.90207039247289,-50.219987736904514,CRZ,True
2025-12-28,yellow,CRZ,48570.0,11.189455819172654,0.19288906473121478,-2.0669626056222086,-32.88042688209233,CRZ,False
2025-12-29,yellow,CRZ,49038.0,11.089070568960533,0.14872314823289617,-1.941323765983101,-25.077787864748757,CRZ,False
2025-12-30,yellow,CRZ,53516.0,11.258775317423098,0.06941533599112205,-5.345207345492685,-30.998322067872664,CRZ,True
2025-12-31,yellow,CRZ,51365.0,11.27720265219881,0.07782817993534574,-5.5312917108696,-34.98098149784802,CRZ,True
2024-01-01,yellow,MN_NORTH,9805.0,9.562137303704972,0.016778575265519066,-22.140709756087492,-31.029379717559667,MN_NORTH,True
2024-01-02,yellow,MN_NORTH,11050.0,9.661824117150047,0.021378852265628037,-16.44795547651994,-29.646553312643796,MN_NORTH,True
2024-01-03,yellow,MN_NORTH,12293.0,9.699774027431864,0.02209380323170894,-12.808512450150719,-24.647173783166075,MN_NORTH,True
2024-01-04,yellow,MN_NORTH,17161.0,9.734440474925947,0.03303379147707031,0.4829651930033471,1.6082118795657463,MN_NORTH,False
2024-01-05,yellow,MN_NORTH,19110.0,9.75763484156344,0.04464838823060116,2.247162767728146,10.553811205696185,MN_NORTH,False
2024-01-06,yellow,MN_NORTH,15276.0,9.686436645686616,0.050746543494607846,-1.0325510612713291,-5.104926792464914,MN_NORTH,False
2024-01-07,yellow,MN_NORTH,9829.0,9.447223178402913,0.028027385290148546,-9.067228255702057,-22.44095741199891,MN_NORTH,True
2024-01-08,yellow,MN_NORTH,14066.0,9.57275879054198,0.029019424034680084,-0.7320260267271407,-2.101893095768348,MN_NORTH,False
2024-01-09,yellow,MN_NORTH,15760.0,9.658417870888224,0.05421632032281929,0.1256539079576646,0.6835750335398627,MN_NORTH,False
2024-01-10,yellow,MN_NORTH,15650.0,9.702900186935281,0.029954345783521047,-1.4914026595619863,-4.369080354415011,MN_NORTH,False
2024-01-11,yellow,MN_NORTH,16336.0,9.753652546776472,0.009099947502960982,-5.772121911135622,-5.117035488180244,MN_NORTH,True
2024-01-12,yellow,MN_NORTH,17006.0,9.789030230558303,0.04663677749837242,-1.0229851025669798,-4.658855188652833,MN_NORTH,False
2024-01-13,yellow,MN_NORTH,14706.0,9.685393729854024,0.03120033920089094,-2.864804658768063,-8.550463279646713,MN_NORTH,False
2024-01-14,yellow,MN_NORTH,12509.0,9.460242692591084,0.07241135888176518,-0.35959867040831495,-2.5702936365760376,MN_NORTH,False
2024-01-15,yellow,MN_NORTH,10932.0,9.573454297678747,0.030257128401888808,-9.055874271719864,-23.967153678750496,MN_NORTH,True
2024-01-16,yellow,MN_NORTH,14393.0,9.661824117150047,0.043436911719258314,-2.0104297803625624,-8.36224812931069,MN_NORTH,False
2024-01-17,yellow,MN_NORTH,16755.0,9.699774027431864,0.04809400239558476,0.5547047742068588,2.7037015588590174,MN_NORTH,False
2024-01-18,yellow,MN_NORTH,17323.0,9.752023596589387,0.04188168442981828,0.18544575738277566,0.7797020368314644,MN_NORTH,False
2024-01-19,yellow,MN_NORTH,16543.0,9.781489205869724,0.04503668603916542,-1.5047926751042946,-6.552543971187164,MN_NORTH,False
2024-01-20,yellow,MN_NORTH,16897.0,9.650236734690537,0.0662595267926408,1.277622098555567,8.834112757993907,MN_NORTH,False
2024-01-21,yellow,MN_NORTH,12839.0,9.422802782179467,0.08133800145211612,0.4603003484620676,3.8149613224595313,MN_NORTH,False
2024-01-22,yellow,MN_NORTH,14388.0,9.551515816867964,0.14822813243946137,0.15269697846860752,2.289208019337341,MN_NORTH,False
2024-01-23,yellow,MN_NORTH,15653.0,9.583626581720113,0.15364326985189752,0.4867853257757738,7.76592082616181,MN_NORTH,False
2024-01-24,yellow,MN_NORTH,16365.0,9.696647867928448,0.04418760646341788,0.1414948558485398,0.627190555248136,MN_NORTH,False
2024-01-25,yellow,MN_NORTH,16568.0,9.759790377278941,0.013930110597704696,-3.198967724697309,-4.358367488310377,MN_NORTH,False
2024-01-26,yellow,MN_NORTH,17570.0,9.75973264889099,0.06822082828782093,0.2083752520590723,1.4317053458030804,MN_NORTH,False
2024-01-27,yellow,MN_NORTH,15779.0,9.667322082870054,0.057993363019324055,-0.015292471210700032,-0.08864686886586037,MN_NORTH,False
2024-01-28,yellow,MN_NORTH,12991.0,9.434203664214742,0.058221564550835714,0.6493886770764937,3.8532256775121176,MN_NORTH,False
2024-01-29,yellow,MN_NORTH,14368.0,9.562832810841739,0.08759261935610042,0.1133198181902581,0.9975405634996326,MN_NORTH,False
2024-01-30,yellow,MN_NORTH,16111.0,9.621022226304168,0.08931851178333217,0.7415631974197151,6.847812312428192,MN_NORTH,False
2024-01-31,yellow,MN_NORTH,16263.0,9.713002151653857,0.06351876165795922,-0.25747170282498527,-1.6221278482900336,MN_NORTH,False
2024-02-01,yellow,MN_NORTH,17217.0,9.76269711122584,0.044308370525595275,-0.2041276702817068,-0.9003785411814569,MN_NORTH,False
2024-02-02,yellow,MN_NORTH,18407.0,9.766840415036068,0.058296571461118385,0.9202237739218252,5.5110911722041855,MN_NORTH,False
2024-02-03,yellow,MN_NORTH,16423.0,9.666878651952862,0.0747624193498997,0.5291350751980606,4.03523131024508,MN_NORTH,False
2024-02-04,yellow,MN_NORTH,12227.0,9.466127390793408,0.07709562242687983,-0.7098391442539045,-5.325499735838801,MN_NORTH,False
2024-02-05,yellow,MN_NORTH,14652.0,9.573454297678747,0.055474353088339645,0.3402982670189269,1.9057138948910257,MN_NORTH,False
2024-02-06,yellow,MN_NORTH,16236.0,9.661824117150047,0.12270323499002261,0.270263133742463,3.371815422254709,MN_NORTH,False
2024-02-07,yellow,MN_NORTH,16699.0,9.714676093553347,0.06600054791814342,0.12769625533318893,0.8463638589935263,MN_NORTH,False
2024-02-08,yellow,MN_NORTH,17531.0,9.76269711122584,0.08083081750180554,0.11170133381160476,0.9069793689114869,MN_NORTH,False
2024-02-09,yellow,MN_NORTH,17837.0,9.766840415036068,0.07914710018307589,0.2803616995557395,2.243784062509202,MN_NORTH,False
2024-02-10,yellow,MN_NORTH,16081.0,9.686880076603806,0.1029521277002027,-0.01443726111334768,-0.14852426835284538,MN_NORTH,False
2024-02-11,yellow,MN_NORTH,14786.0,9.466127390793408,0.06423306473103114,2.1065268470409646,14.489012914524245,MN_NORTH,False
2024-02-12,yellow,MN_NORTH,15545.0,9.58324096435711,0.03972693670379088,1.7180624482740614,7.063652859435576,MN_NORTH,False
2024-02-13,yellow,MN_NORTH,10648.0,9.691121912724888,0.09004149383904372,-4.64224364599213,-34.16341852358805,MN_NORTH,True
2024-02-14,yellow,MN_NORTH,20412.0,9.724778058271923,0.05249573538584523,3.7926925387090433,22.030421462606988,MN_NORTH,True
2024-02-15,yellow,MN_NORTH,18821.0,9.768664933263308,0.05074118193097271,1.459635164352517,7.687530704639656,MN_NORTH,False
2024-02-16,yellow,MN_NORTH,17322.0,9.804758268295512,0.125245661146122,-0.3594984368519616,-4.402700993937492,MN_NORTH,False
2024-02-17,yellow,MN_NORTH,13975.0,9.720664720349106,0.0797432250042712,-2.202562315687622,-16.1079575217418,MN_NORTH,False
2024-02-18,yellow,MN_NORTH,11641.0,9.485135132504347,0.05779289069149743,-2.1256334955084633,-11.560059631292008,MN_NORTH,False
2024-02-19,yellow,MN_NORTH,10618.0,9.592332123898705,0.03972693670379088,-8.105990480870892,-27.532077532077615,MN_NORTH,True
2024-02-20,yellow,MN_NORTH,14525.0,9.691121912724888,0.06398040896063382,-1.6801288511756145,-10.191928442441423,MN_NORTH,False
2024-02-21,yellow,MN_NORTH,16028.0,9.750854243380935,0.06563580279596816,-1.0476259708234001,-6.645094853682975,MN_NORTH,False
2024-02-22,yellow,MN_NORTH,17424.0,9.81537456470899,0.07811119708252168,-0.6371777849424972,-4.855245217094851,MN_NORTH,False
2024-02-23,yellow,MN_NORTH,16188.0,9.804758268295512,0.06534408230629384,-1.7252176221762765,-10.661062446014313,MN_NORTH,False
2024-02-24,yellow,MN_NORTH,15793.0,9.716713539691261,0.08163761799513003,-0.605008549173409,-4.819153515388175,MN_NORTH,False
2024-02-25,yellow,MN_NORTH,13010.0,9.491664185607306,0.09399857013238003,-0.19352011498830934,-1.80261635420228,MN_NORTH,False
2024-02-26,yellow,MN_NORTH,14652.0,9.582545457220343,0.0664111553475121,0.1473648007951573,0.983471270961922,MN_NORTH,False
2024-02-27,yellow,MN_NORTH,18125.0,9.678996517216898,0.06199402267573508,2.0332760654248325,13.433997561779588,MN_NORTH,False
2024-02-28,yellow,MN_NORTH,17652.0,9.732154002925558,0.06130009247937483,0.7577536278515186,4.754608540933436,MN_NORTH,False
2024-02-29,yellow,MN_NORTH,20076.0,9.81537456470899,0.06925169958136726,1.3271267943085,9.626153410330861,MN_NORTH,False
2024-03-01,yellow,MN_NORTH,19901.0,9.793995126870248,0.04938664882919838,2.116566649370713,11.018884761090387,MN_NORTH,False
2024-03-02,yellow,MN_NORTH,18593.0,9.695915900095791,0.08281808627188225,1.6255452250166063,14.410714259227131,MN_NORTH,False
2024-03-03,yellow,MN_NORTH,13880.0,9.485392379027214,0.0636845540110535,0.8292725897776644,5.42312781506431,MN_NORTH,False
2024-03-04,yellow,MN_NORTH,15159.0,9.591512451583988,0.05893879730592888,0.5910748771340386,3.545116751254418,MN_NORTH,False
2024-03-05,yellow,MN_NORTH,17309.0,9.682860882450798,0.11942319162095456,0.6374054565314721,7.909313002673235,MN_NORTH,False
2024-03-06,yellow,MN_NORTH,20915.0,9.75990412993406,0.06407599170787108,2.938975253021408,20.721705238870868,MN_NORTH,False
2024-03-07,yellow,MN_NORTH,19034.0,9.875004448732694,0.09283382297203416,-0.22645104367551178,-2.0802887535444237,MN_NORTH,False
2024-03-08,yellow,MN_NORTH,20103.0,9.793995126870248,0.09113524700221155,1.2577922762227205,12.145753497422218,MN_NORTH,False
2024-03-09,yellow,MN_NORTH,19886.0,9.706191369449492,0.13677264663439476,1.400717766342834,21.116157212775356,MN_NORTH,False
2024-03-10,yellow,MN_NORTH,14648.0,9.491664185607306,0.04798484015146196,2.0922212188297205,10.560743708197172,MN_NORTH,False
2024-03-11,yellow,MN_NORTH,16007.0,9.591512451583988,0.0664111553475121,1.3441861310135224,9.337468423862472,MN_NORTH,False
2024-03-12,yellow,MN_NORTH,17064.0,9.714858681684603,0.16413931168944754,0.1819648087905481,3.031808861836338,MN_NORTH,False
2024-03-13,yellow,MN_NORTH,17665.0,9.812602030359258,0.1583501510654146,-0.210050134731302,-3.271439019487987,MN_NORTH,False
2024-03-14,yellow,MN_NORTH,20396.0,9.880631241703558,0.08449153971343186,0.5025691402418362,4.337728424536325,MN_NORTH,False
2024-03-15,yellow,MN_NORTH,19588.0,9.848742641944252,0.10896250710644012,0.31138941071548093,3.451195131079987,MN_NORTH,False
2024-03-16,yellow,MN_NORTH,17616.0,9.778764726912513,0.16024446600805106,-0.013740680130207985,-0.21994456170298937,MN_NORTH,False
2024-03-17,yellow,MN_NORTH,13317.0,9.512367955886631,0.0756610182683927,-0.20580297147536417,-1.5450657082079822,MN_NORTH,False
2024-03-18,yellow,MN_NORTH,13860.0,9.609340908929362,0.07121002096395737,-1.019219418882103,-7.0007387286747385,MN_NORTH,False
2024-03-19,yellow,MN_NORTH,15847.0,9.75422187066171,0.10671014274422806,-0.7823659642083703,-8.00963877478711,MN_NORTH,False
2024-03-20,yellow,MN_NORTH,16486.0,9.812970125061163,0.107552724919102,-0.9549112797025017,-9.76053349275926,MN_NORTH,False
2024-03-21,yellow,MN_NORTH,17819.0,9.923290160608932,0.032968145631308315,-4.1030387148332235,-12.651959105189581,MN_NORTH,True
2024-03-22,yellow,MN_NORTH,17355.0,9.90050615645443,0.019238161127078046,-7.21847723601198,-12.965903312005334,MN_NORTH,True
2024-03-23,yellow,MN_NORTH,16764.0,9.850752402805316,0.08985177696994419,-1.37741731921177,-11.641112120605722,MN_NORTH,False
2024-03-24,yellow,MN_NORTH,13181.0,9.556871560458294,0.09836557818482862,-0.7150863548390943,-6.792303081665841,MN_NORTH,False
2024-03-25,yellow,MN_NORTH,14282.0,9.64458298915686,0.06686302737382431,-1.1639871855140165,-7.487619487522679,MN_NORTH,False
2024-03-26,yellow,MN_NORTH,15695.0,9.75422187066171,0.09956548024786326,-0.9353081123480388,-8.89198463875076,MN_NORTH,False
2024-03-27,yellow,MN_NORTH,17004.0,9.812970125061163,0.1304863783241659,-0.5499902480563423,-6.925155374916702,MN_NORTH,False
2024-03-28,yellow,MN_NORTH,20989.0,9.915187216474935,0.054605123999083134,0.6696542520679079,3.7243333864446004,MN_NORTH,False
2024-03-29,yellow,MN_NORTH,18015.0,9.90050615645443,0.019238161127078046,-5.278370037628428,-9.656050023957153,MN_NORTH,True
2024-03-30,yellow,MN_NORTH,14648.0,9.850752402805316,0.08985177696994419,-2.8791118570476746,-22.79402352318255,MN_NORTH,False
2024-03-31,yellow,MN_NORTH,13151.0,9.580511303526876,0.08631494810922564,-1.1151976024257466,-9.177054011767428,MN_NORTH,False
2024-04-01,yellow,MN_NORTH,14628.0,9.64724755679717,0.05101285904421724,-1.1086376766077233,-5.498528249272661,MN_NORTH,False
2024-04-02,yellow,MN_NORTH,21901.0,9.747094062524102,0.06541704852418533,3.7787323016732346,28.042686976388676,MN_NORTH,True
2024-04-03,yellow,MN_NORTH,23590.0,9.805424321268605,0.107552724919102,2.446742761106719,30.102686801260646,MN_NORTH,False
2024-04-04,yellow,MN_NORTH,20404.0,9.907229222454433,0.07247811474036951,0.2243024207599914,1.6389880898527664,MN_NORTH,False
2024-04-05,yellow,MN_NORTH,22397.0,9.892579732512377,0.041927756689507045,2.9599143285705796,13.21319853201064,MN_NORTH,False
2024-04-06,yellow,MN_NORTH,19360.0,9.83002588249595,0.10666298627039418,0.38381147730889825,4.178801104048602,MN_NORTH,False
2024-04-07,yellow,MN_NORTH,14408.0,9.588771403276152,0.14397116091583223,-0.09191088226408904,-1.3145351568646713,MN_NORTH,False
2024-04-08,yellow,MN_NORTH,15722.0,9.656230117393669,0.08535046762687229,0.07716614967860057,0.6607903451497865,MN_NORTH,False
2024-04-09,yellow,MN_NORTH,19041.0,9.747094062524102,0.12030665655537581,0.8915197921829854,11.321894101521357,MN_NORTH,False
2024-04-10,yellow,MN_NORTH,18894.0,9.805424321268605,0.11086298581162193,0.3714077224154917,4.203483019203991,MN_NORTH,False
2024-04-11,yellow,MN_NORTH,21854.0,9.923290160608932,0.03823388350103975,1.8007349297877822,7.12745303974347,MN_NORTH,False
2024-04-12,yellow,MN_NORTH,20027.0,9.892579732512377,0.1466188338187032,0.08359710191258794,1.2332333348475277,MN_NORTH,False
2024-04-13,yellow,MN_NORTH,19604.0,9.823763609896513,0.09792604808818725,0.609902036270667,6.15448960004219,MN_NORTH,False
2024-04-14,yellow,MN_NORTH,15594.0,9.580511303526876,0.14102331746319752,0.5256591723706577,7.6947015238763905,MN_NORTH,False
2024-04-15,yellow,MN_NORTH,16413.0,9.64724755679717,0.10159297980773091,0.5766286808954012,6.033132064854185,MN_NORTH,False
2024-04-16,yellow,MN_NORTH,17145.0,9.80195944005347,0.2016500652804157,-0.26033998592287066,-5.11433781181283,MN_NORTH,False
2024-04-17,yellow,MN_NORTH,19659.0,9.839053886536522,0.16800605904301866,0.2811603429075669,4.837006724855342,MN_NORTH,False
2024-04-18,yellow,MN_NORTH,20489.0,9.93494479627789,0.07470442402730246,-0.09773665516812362,-0.7274770352073467,MN_NORTH,False
2024-04-19,yellow,MN_NORTH,19980.0,9.918965769697106,0.16139752402926144,-0.10210018768053263,-1.6343686161247595,MN_NORTH,False
2024-04-20,yellow,MN_NORTH,21259.0,9.873103373963197,0.06484472577646587,1.4100181478606544,9.574252681443586,MN_NORTH,False
2024-04-21,yellow,MN_NORTH,16267.0,9.620062612033752,0.12878195305878187,0.5965989869530182,7.985976203003431,MN_NORTH,False
2024-04-22,yellow,MN_NORTH,16035.0,9.68432263354282,0.10698100479758242,-0.01676485857426481,-0.1791914017141627,MN_NORTH,False
2024-04-23,yellow,MN_NORTH,15696.0,9.85219192988831,0.14902883675582532,-1.2818374768378353,-17.38928134518044,MN_NORTH,False
2024-04-24,yellow,MN_NORTH,16075.0,9.880200380766528,0.06340868760797148,-3.0781244498769698,-17.7313300362825,MN_NORTH,False
2024-04-25,yellow,MN_NORTH,18162.0,9.93702339463008,0.04476666756610674,-2.902530463953541,-12.184891044868584,MN_NORTH,False
2024-04-26,yellow,MN_NORTH,17826.0,9.918965769697106,0.12058359306470084,-1.0826715450118847,-12.238951699251366,MN_NORTH,False
2024-04-27,yellow,MN_NORTH,17221.0,9.879365646562633,0.05688102119399224,-2.206022248260665,-11.792729840290262,MN_NORTH,False
2024-04-28,yellow,MN_NORTH,14552.0,9.675767649317999,0.09789268941116536,-0.9222744789535149,-8.632826957084816,MN_NORTH,False
2024-04-29,yellow,MN_NORTH,15240.0,9.694179047429596,0.09236788556904758,-0.6766444614804763,-6.058714215605954,MN_NORTH,False
2024-04-30,yellow,MN_NORTH,17221.0,9.85219192988831,0.15793324452205657,-0.6224597099927309,-9.362946868332923,MN_NORTH,False
2024-05-01,yellow,MN_NORTH,18611.0,9.899567087583879,0.05813589727610462,-1.1706881295163056,-6.579465068615365,MN_NORTH,False
2024-05-02,yellow,MN_NORTH,19759.0,9.925564837395008,0.04882774707577127,-0.7004311423199195,-3.362224903540212,MN_NORTH,False
2024-05-03,yellow,MN_NORTH,20601.0,9.909557877859875,0.12058359306470084,0.19519255340386102,2.381620113617555,MN_NORTH,False
2024-05-04,yellow,MN_NORTH,19653.0,9.879365646562633,0.08110378513237544,0.08161925891064573,0.6641589018508975,MN_NORTH,False
2024-05-05,yellow,MN_NORTH,17825.0,9.675767649317999,0.04619366478115807,2.4373384640055944,11.917252576275583,MN_NORTH,False
2024-05-06,yellow,MN_NORTH,17174.0,9.694179047429596,0.09646532820148176,0.5906043639206601,5.8627061719936036,MN_NORTH,False
2024-05-07,yellow,MN_NORTH,18959.0,9.80411733813974,0.10240095514300511,0.44840102905461754,4.698718665567925,MN_NORTH,False
2024-05-08,yellow,MN_NORTH,19421.0,9.899567087583879,0.0634709073674799,-0.4010790898425187,-2.513556020502905,MN_NORTH,False
2024-05-09,yellow,MN_NORTH,20877.0,9.913536382411237,0.07880510691931376,0.41706651239460296,3.341305629656066,MN_NORTH,False
2024-05-10,yellow,MN_NORTH,23808.0,9.909557877859875,0.06951865213624255,2.4197687182321554,18.31957728581162,MN_NORTH,False
2024-05-11,yellow,MN_NORTH,19443.0,9.884992076676125,0.07276203984611113,-0.13399417609676656,-0.9702315442896237,MN_NORTH,False
2024-05-12,yellow,MN_NORTH,16420.0,9.675767649317999,0.05642208968273159,0.5403510196069903,3.095724392844179,MN_NORTH,False
2024-05-13,yellow,MN_NORTH,17923.0,9.718581553694868,0.05877001349763203,1.2805600179037102,7.816285179946414,MN_NORTH,False
2024-05-14,yellow,MN_NORTH,21216.0,9.80032165329747,0.08502223955370693,1.9076095917900147,17.60827818024211,MN_NORTH,False
2024-05-15,yellow,MN_NORTH,21347.0,9.880200380766528,0.06340868760797148,1.395173376580825,9.249723030511925,MN_NORTH,False
2024-05-16,yellow,MN_NORTH,22141.0,9.895396845904546,0.050914447403136935,2.156353099290461,11.604314818108552,MN_NORTH,False
2024-05-17,yellow,MN_NORTH,21742.0,9.908383082908436,0.09054773358774307,0.8682500018548299,8.179107453808543,MN_NORTH,False
2024-05-18,yellow,MN_NORTH,20904.0,9.879620631524045,0.09320909328401052,0.7303490815963278,7.044577693943577,MN_NORTH,False
2024-05-19,yellow,MN_NORTH,16442.0,9.664187877117904,0.08952803363991277,0.48483627786083866,4.436227773795198,MN_NORTH,False
2024-05-20,yellow,MN_NORTH,17358.0,9.706931618392527,0.12021013758349801,0.45651021548449455,5.641083277287939,MN_NORTH,False
2024-05-21,yellow,MN_NORTH,19431.0,9.824549414410605,0.09304420182089514,0.5381914451457651,5.135056857876585,MN_NORTH,False
2024-05-22,yellow,MN_NORTH,20273.0,9.852809158284707,0.10337139559773273,0.6214105150854308,6.634410323092266,MN_NORTH,False
2024-05-23,yellow,MN_NORTH,19650.0,9.895396845904546,0.10327537724259943,-0.09260899221576001,-0.9518636838520167,MN_NORTH,False
2024-05-24,yellow,MN_NORTH,18478.0,9.923687005451557,0.0958857736405393,-1.036137973849137,-9.457505338795457,MN_NORTH,False
2024-05-25,yellow,MN_NORTH,11826.0,9.879620631524045,0.08072574442858607,-6.213195786469071,-39.44177306694526,MN_NORTH,True
2024-05-26,yellow,MN_NORTH,11236.0,9.667007721531764,0.09052058445461778,-3.7574827356329443,-28.832186923047487,MN_NORTH,True
2024-05-27,yellow,MN_NORTH,9234.0,9.741243007945116,0.08555191345509719,-7.137133235467119,-45.69725483917879,MN_NORTH,True
2024-05-28,yellow,MN_NORTH,16924.0,9.84839624504604,0.05712412319455993,-1.9590363396026527,-10.587369515995782,MN_NORTH,False
2024-05-29,yellow,MN_NORTH,20188.0,9.857382238595005,0.06928713243818069,0.8004575584742635,5.702822436656185,MN_NORTH,False
2024-05-30,yellow,MN_NORTH,19919.0,9.888598490015612,0.11342610823359625,0.09548806027405568,1.0889704927321109,MN_NORTH,False
2024-05-31,yellow,MN_NORTH,20217.0,9.895373956740556,0.12778763028100365,0.14794199432448035,1.9084990827393788,MN_NORTH,False
2024-06-01,yellow,MN_NORTH,20342.0,9.757186846241835,0.23670256977615728,0.6897100741157736,17.73382226558877,MN_NORTH,False
2024-06-02,yellow,MN_NORTH,16359.0,9.570222171967826,0.23469590916880786,0.5637563607092068,14.146361485489688,MN_NORTH,False
2024-06-03,yellow,MN_NORTH,18107.0,9.679863360123809,0.11653166827857234,1.0657233740098253,13.223156626254573,MN_NORTH,False
2024-06-04,yellow,MN_NORTH,19524.0,9.824549414410605,0.09105596840378541,0.6023805309850816,5.638250738159756,MN_NORTH,False
2024-06-05,yellow,MN_NORTH,20583.0,9.857382238595005,0.08534171826733017,0.876927888064861,7.77101219604186,MN_NORTH,False
2024-06-06,yellow,MN_NORTH,22161.0,9.87239670222503,0.11342610823359625,1.1786754042242424,14.30413535269639,MN_NORTH,False
2024-06-07,yellow,MN_NORTH,21586.0,9.84099456521151,0.16256051908362867,0.8538707366108551,14.890081261334975,MN_NORTH,False
2024-06-08,yellow,MN_NORTH,19614.0,9.602032227549216,0.36856443452306736,0.7650403077223712,32.573450388661996,MN_NORTH,False
2024-06-09,yellow,MN_NORTH,15237.0,9.449978128067869,0.29393980271679787,0.617486402739268,19.901913062459165,MN_NORTH,False
2024-06-10,yellow,MN_NORTH,16837.0,9.616501151456717,0.26157830127779075,0.43900037824288785,12.16860702909839,MN_NORTH,False
2024-06-11,yellow,MN_NORTH,18897.0,9.777066279907553,0.14818009159834533,0.47032079431690516,7.217809085815152,MN_NORTH,False
2024-06-12,yellow,MN_NORTH,18464.0,9.876748945412356,0.10925974301691244,-0.48664562661747546,-5.17819343331306,MN_NORTH,False
2024-06-13,yellow,MN_NORTH,19129.0,9.83961312351823,0.1894821082355982,0.10210812944073405,1.9536042614887172,MN_NORTH,False
2024-06-14,yellow,MN_NORTH,19104.0,9.815876599008043,0.2205520272260609,0.1894175161739317,4.26613315315385,MN_NORTH,False
2024-06-15,yellow,MN_NORTH,15354.0,9.520699965586418,0.37505561971234613,0.3157700713623699,12.572957863204447,MN_NORTH,False
2024-06-16,yellow,MN_NORTH,13480.0,9.378142301821722,0.241269307883071,0.5422160149270886,13.976269977292489,MN_NORTH,False
2024-06-17,yellow,MN_NORTH,14833.0,9.600923567566818,0.2378334918957745,0.0154988253648062,0.36929419252944573,MN_NORTH,False
2024-06-18,yellow,MN_NORTH,18076.0,9.744140100561946,0.17279945035722996,0.33680818919798083,5.992724605284105,MN_NORTH,False
2024-06-19,yellow,MN_NORTH,15022.0,9.832116206336192,0.12280113769424594,-1.7495370004239086,-19.333364437645393,MN_NORTH,False
2024-06-20,yellow,MN_NORTH,17915.0,9.804269648665752,0.17361169324628042,-0.06264565896071121,-1.0817088867819957,MN_NORTH,False
2024-06-21,yellow,MN_NORTH,18168.0,9.753307870460183,0.23840637775126344,0.22696210493858565,5.55998814330918,MN_NORTH,False
2024-06-22,yellow,MN_NORTH,14256.0,9.46542538443019,0.1935352896529404,0.5141582471023425,10.462704844541747,MN_NORTH,False
2024-06-23,yellow,MN_NORTH,11980.0,9.34608446009907,0.1829445847720774,0.24548095603005612,4.5933106179400385,MN_NORTH,False
2024-06-24,yellow,MN_NORTH,15190.0,9.519683465026773,0.14992422079216608,0.7250938506710332,11.483803086608969,MN_NORTH,False
2024-06-25,yellow,MN_NORTH,17185.0,9.724195620151473,0.18346355629678407,0.15041989640612266,2.79808815360556,MN_NORTH,False
2024-06-26,yellow,MN_NORTH,18782.0,9.715644639876192,0.17056309785371307,0.7329229186232549,13.315933529706726,MN_NORTH,False
2024-06-27,yellow,MN_NORTH,17147.0,9.729311996575461,0.196640642536195,0.10306370718688018,2.047327379748509,MN_NORTH,False
2024-06-28,yellow,MN_NORTH,16031.0,9.700045199906347,0.2737637145301099,-0.06489382001250973,-1.7608695800285457,MN_NORTH,False
2024-06-29,yellow,MN_NORTH,13049.0,9.509658568554363,0.2143216547277332,-0.15486903147646017,-3.264698402481825,MN_NORTH,False
2024-06-30,yellow,MN_NORTH,11004.0,9.378142301821722,0.23340054787767484,-0.30903175006709765,-6.958837178773991,MN_NORTH,False
2024-07-01,yellow,MN_NORTH,12117.0,9.589032123433714,0.19675713152396315,-0.9487199663685724,-17.028036067754513,MN_NORTH,False
2024-07-02,yellow,MN_NORTH,13096.0,9.731847708873461,0.18346355629678407,-1.3724011182645148,-22.258859488187944,MN_NORTH,False
2024-07-03,yellow,MN_NORTH,12115.0,9.715644639876192,0.1657275299837231,-1.8913273289980885,-26.90754260928565,MN_NORTH,False
2024-07-04,yellow,MN_NORTH,8201.0,9.707404436795361,0.09896908782199942,-7.0263662630663655,-50.11216795496409,MN_NORTH,True
2024-07-05,yellow,MN_NORTH,9289.0,9.664598050899537,0.1902795530097015,-2.774926991157554,-41.02236416067008,MN_NORTH,False
2024-07-06,yellow,MN_NORTH,8813.0,9.520699965586418,0.11378580607355236,-3.8380602779617363,-35.38455922571187,MN_NORTH,True
2024-07-07,yellow,MN_NORTH,8207.0,9.335652427009235,0.15631314417412157,-2.0657872444803766,-27.596076739202235,MN_NORTH,False
2024-07-08,yellow,MN_NORTH,12594.0,9.519683465026773,0.15067921526449982,-0.5223525742414004,-7.568991700279648,MN_NORTH,False
2024-07-09,yellow,MN_NORTH,14754.0,9.701995253352248,0.16972462623968942,-0.6052494807849954,-9.762557696502405,MN_NORTH,False
2024-07-10,yellow,MN_NORTH,15448.0,9.608913770783783,0.14274676891474322,0.25444396115375545,3.6988721729363183,MN_NORTH,False
2024-07-11,yellow,MN_NORTH,15676.0,9.663609719455906,0.11555556061551543,-0.03222311515387475,-0.37166362828007227,MN_NORTH,False
2024-07-12,yellow,MN_NORTH,14055.0,9.61979489556835,0.2279995036301598,-0.30290159025847446,-6.673063583244366,MN_NORTH,False
2024-07-13,yellow,MN_NORTH,12640.0,9.46542538443019,0.1617540562472649,-0.12861326146616078,-2.0588812265005307,MN_NORTH,False
2024-07-14,yellow,MN_NORTH,11676.0,9.230220655679057,0.12471960552408023,1.0829899255002797,14.461699205889023,MN_NORTH,False
2024-07-15,yellow,MN_NORTH,14378.0,9.433052453978163,0.04784240571928144,2.934678627773712,15.073640034475577,MN_NORTH,False
2024-07-16,yellow,MN_NORTH,16513.0,9.58632724893342,0.15717425050794367,0.7989602566816213,13.380131137821728,MN_NORTH,False
2024-07-17,yellow,MN_NORTH,17784.0,9.600285631749816,0.04591214333517011,4.046180604944917,20.41438589108797,MN_NORTH,True
2024-07-18,yellow,MN_NORTH,15760.0,9.63857861578274,0.11555556061551543,0.23064011361434017,2.701008178262798,MN_NORTH,False
2024-07-19,yellow,MN_NORTH,14657.0,9.519542154035932,0.1506652408323842,0.4853884120009253,7.587164112765299,MN_NORTH,False
2024-07-20,yellow,MN_NORTH,12764.0,9.421839881988113,0.09713419032664083,0.335042741392944,3.307945653218458,MN_NORTH,False
2024-07-21,yellow,MN_NORTH,10532.0,9.222084169058324,0.12471960552408023,0.3214358431412448,4.0903776411401305,MN_NORTH,False
2024-07-22,yellow,MN_NORTH,12912.0,9.413746911569582,0.049280016050781666,1.058552393456881,5.355006843805077,MN_NORTH,False
2024-07-23,yellow,MN_NORTH,14377.0,9.579922065264588,0.18087026334697562,-0.03614236370881661,-0.6515758624713208,MN_NORTH,False
2024-07-24,yellow,MN_NORTH,14669.0,9.600285631749816,0.18324467504209027,-0.03707572545010377,-0.677090270109737,MN_NORTH,False
2024-07-25,yellow,MN_NORTH,14672.0,9.63857861578274,0.10204116223331308,-0.43984623757882363,-4.389010660439641,MN_NORTH,False
2024-07-26,yellow,MN_NORTH,13205.0,9.512756444519098,0.14500157540389827,-0.16831279053268228,-2.4110210742555593,MN_NORTH,False
2024-07-27,yellow,MN_NORTH,11499.0,9.421839881988113,0.08438558834530298,-0.8511468527723538,-6.930580768853134,MN_NORTH,False
2024-07-28,yellow,MN_NORTH,9839.0,9.222084169058324,0.12471960552408023,-0.22430162503326334,-2.758713861452966,MN_NORTH,False
2024-07-29,yellow,MN_NORTH,12105.0,9.413746911569582,0.06776551871385288,-0.1825861062123515,-1.2296810839327321,MN_NORTH,False
2024-07-30,yellow,MN_NORTH,14194.0,9.526723552736781,0.11926556459184925,0.2838293388707125,3.4430533738098124,MN_NORTH,False
2024-07-31,yellow,MN_NORTH,14765.0,9.558481285684657,0.10421521082012959,0.398535954267278,4.240809079085683,MN_NORTH,False
2024-08-01,yellow,MN_NORTH,15709.0,9.555503213915747,0.12553293159933446,0.8482703321552658,11.236219929520331,MN_NORTH,False
2024-08-02,yellow,MN_NORTH,15474.0,9.459225627687722,0.07759814353717431,2.4187543524383686,20.646047732253425,MN_NORTH,False
2024-08-03,yellow,MN_NORTH,14737.0,9.356323768183554,0.13814727341593977,1.7502542254432243,27.35303524415402,MN_NORTH,False
2024-08-04,yellow,MN_NORTH,9880.0,9.205712672289186,0.0922205676853075,-0.08072907957666138,-0.7417237062491311,MN_NORTH,False
2024-08-05,yellow,MN_NORTH,12396.0,9.387935913757314,0.09423701585159562,0.39467723817674,3.7893527843108954,MN_NORTH,False
2024-08-06,yellow,MN_NORTH,16189.0,9.56697980275376,0.1352134114562527,0.9252593669543101,13.32702452942296,MN_NORTH,False
2024-08-07,yellow,MN_NORTH,14773.0,9.596753248332892,0.12260004658506107,0.031021366587148477,0.3810462410994031,MN_NORTH,False
2024-08-08,yellow,MN_NORTH,15022.0,9.626791176907883,0.10965319242580018,-0.08682013219421388,-0.9474931928907027,MN_NORTH,False
2024-08-09,yellow,MN_NORTH,12628.0,9.519542154035932,0.13044611086553384,-0.5816218195746627,-7.306358162243242,MN_NORTH,False
2024-08-10,yellow,MN_NORTH,11645.0,9.421839881988113,0.18391746638391634,-0.3219253768213607,-5.748901039507393,MN_NORTH,False
2024-08-11,yellow,MN_NORTH,9300.0,9.23160826654367,0.0525132349734732,-1.7869511838248835,-8.957029479505474,MN_NORTH,False
2024-08-12,yellow,MN_NORTH,11160.0,9.4132514941399,0.10174771839870406,-0.9156004642732593,-8.89525142379325,MN_NORTH,False
2024-08-13,yellow,MN_NORTH,12384.0,9.601941007624966,0.1483404247152672,-1.1984623351099217,-16.287377364742007,MN_NORTH,False
2024-08-14,yellow,MN_NORTH,13422.0,9.600285631749816,0.16877994186870657,-0.5666265788029852,-9.120451673966357,MN_NORTH,False
2024-08-15,yellow,MN_NORTH,13593.0,9.639630073872947,0.1375762024705808,-0.8891060978649694,-11.513469255788433,MN_NORTH,False
2024-08-16,yellow,MN_NORTH,13027.0,9.540512070379267,0.17065656469309456,-0.38517513111736773,-6.3618841411045235,MN_NORTH,False
2024-08-17,yellow,MN_NORTH,12077.0,9.408508084858287,0.2810371134310423,-0.03362541148939854,-0.940547776007028,MN_NORTH,False
2024-08-18,yellow,MN_NORTH,10362.0,9.207791888227261,0.0922205676853075,0.41323383822048854,3.8844106660988142,MN_NORTH,False
2024-08-19,yellow,MN_NORTH,11784.0,9.4132514941399,0.1317698953268169,-0.2941000742340733,-3.801222471145027,MN_NORTH,False
2024-08-20,yellow,MN_NORTH,12684.0,9.601941007624966,0.18356356067817742,-0.8380986476746665,-14.259455304779356,MN_NORTH,False
2024-08-21,yellow,MN_NORTH,12692.0,9.600285631749816,0.1278371582389937,-1.1855588870599714,-14.063237419608221,MN_NORTH,False
2024-08-22,yellow,MN_NORTH,12282.0,9.639630073872947,0.19420111547922864,-1.1521047056371527,-20.047703185433274,MN_NORTH,False
2024-08-23,yellow,MN_NORTH,12053.0,9.567633649920317,0.2037770889001451,-0.8370164685960059,-15.681153332618592,MN_NORTH,False
2024-08-24,yellow,MN_NORTH,10053.0,9.49858735674432,0.26925444586452624,-1.0509055084693724,-24.64508094798904,MN_NORTH,False
2024-08-25,yellow,MN_NORTH,8956.0,9.23160826654367,0.09736048510297282,-1.3509514531066018,-12.324640432091572,MN_NORTH,False
2024-08-26,yellow,MN_NORTH,11256.0,9.4132514941399,0.27475259331493207,-0.307894802101861,-8.111554661847276,MN_NORTH,False
2024-08-27,yellow,MN_NORTH,12638.0,9.661292153534422,0.2507504710394817,-0.8647191181821552,-19.493215547437405,MN_NORTH,False
2024-08-28,yellow,MN_NORTH,13677.0,9.67585418027702,0.21450035981491003,-0.7104105164530161,-14.134091615896583,MN_NORTH,False
2024-08-29,yellow,MN_NORTH,13234.0,9.72063651228838,0.24616000993568518,-0.9347251723644797,-20.55394576330626,MN_NORTH,False
2024-08-30,yellow,MN_NORTH,12292.0,9.745910535106615,0.2314605944066958,-1.4223009005057499,-28.050565467327658,MN_NORTH,False
2024-08-31,yellow,MN_NORTH,10087.0,9.655675621314579,0.34123582137129566,-1.2796806457918841,-35.381722143218205,MN_NORTH,False
2024-09-01,yellow,MN_NORTH,10070.0,9.406292904413833,0.3356429412908532,-0.5630296230108013,-17.21943866970821,MN_NORTH,False
2024-09-02,yellow,MN_NORTH,8327.0,9.557928262754622,0.24751021310808616,-2.144031673905362,-41.178910858595465,MN_NORTH,False
2024-09-03,yellow,MN_NORTH,15222.0,9.755525632853491,0.13926057316744608,-0.8978033134749507,-11.752834001886514,MN_NORTH,False
2024-09-04,yellow,MN_NORTH,17174.0,9.697281960619458,0.2516287037069423,0.21408499833036315,5.534732484784155,MN_NORTH,False
2024-09-05,yellow,MN_NORTH,17664.0,9.660604761160752,0.2918944203571503,0.4065825847950755,12.60086231646107,MN_NORTH,False
2024-09-06,yellow,MN_NORTH,18933.0,9.576560702124404,0.2515591248969982,1.0816582711494098,31.27195899630295,MN_NORTH,False
2024-09-07,yellow,MN_NORTH,16535.0,9.535810955089165,0.4378625674096455,0.4052040149865984,19.413690634381673,MN_NORTH,False
2024-09-08,yellow,MN_NORTH,14281.0,9.356757664690637,0.3487125414020083,0.6020075903157289,23.358874090445237,MN_NORTH,False
2024-09-09,yellow,MN_NORTH,16167.0,9.529012195027843,0.28149241279293735,0.5744922570709562,17.552541761262177,MN_NORTH,False
2024-09-10,yellow,MN_NORTH,18805.0,9.724730508146406,0.1849174250581703,0.6335128380745069,12.428532009326032,MN_NORTH,False
2024-09-11,yellow,MN_NORTH,17926.0,9.798478681713735,0.10159444501256652,-0.04401057356900486,-0.44612487299033887,MN_NORTH,False
2024-09-12,yellow,MN_NORTH,19713.0,9.741611199576184,0.30422402616207206,0.4845849877460262,15.884335044896702,MN_NORTH,False
2024-09-13,yellow,MN_NORTH,19481.0,9.761623296827537,0.2557670145102729,0.45186285641624674,12.251489917540015,MN_NORTH,False
2024-09-14,yellow,MN_NORTH,18209.0,9.692899219659424,0.33485936206595923,0.3487196414398523,12.386320089124059,MN_NORTH,False
2024-09-15,yellow,MN_NORTH,15538.0,9.505030363868212,0.2241842157221489,0.6513105803270356,15.721187006569703,MN_NORTH,False
2024-09-16,yellow,MN_NORTH,16455.0,9.63936047904672,0.15226142715339577,0.4533267789561807,7.14621192863838,MN_NORTH,False
2024-09-17,yellow,MN_NORTH,19081.0,9.819969559213568,0.059513888890719624,0.6129459189560957,3.7152311298357166,MN_NORTH,False
2024-09-18,yellow,MN_NORTH,19321.0,9.819906462056174,0.08443898829118704,0.5807909971172314,5.026383517915778,MN_NORTH,False
2024-09-19,yellow,MN_NORTH,20835.0,9.82037543617517,0.13721103135205637,0.9038202428723743,13.203184123105661,MN_NORTH,False
2024-09-20,yellow,MN_NORTH,20473.0,9.84678315267809,0.10368200945695089,0.7723526154046905,8.337272784228977,MN_NORTH,False
2024-09-21,yellow,MN_NORTH,19137.0,9.737867242325521,0.15814636871629456,0.7683494194073414,12.920254430201862,MN_NORTH,False
2024-09-22,yellow,MN_NORTH,14886.0,9.55456560359141,0.1359760166663869,0.3942669497370205,5.5073939523339055,MN_NORTH,False
2024-09-23,yellow,MN_NORTH,17682.0,9.687126919257413,0.051823935310013475,1.797924687713422,9.765439260710696,MN_NORTH,False
2024-09-24,yellow,MN_NORTH,18379.0,9.83142660093305,0.034716574650056065,-0.3589816562606814,-1.2385276706454507,MN_NORTH,False
2024-09-25,yellow,MN_NORTH,19246.0,9.843283097411433,0.054893003446603375,0.396688596682363,2.201424343056857,MN_NORTH,False
2024-09-26,yellow,MN_NORTH,19620.0,9.875250259419747,0.1060907560380048,0.08534649047427817,0.909558944672173,MN_NORTH,False
2024-09-27,yellow,MN_NORTH,18862.0,9.884608492504027,0.06369469038726978,-0.6233470507320582,-3.89260264732747,MN_NORTH,False
2024-09-28,yellow,MN_NORTH,21123.0,9.786085557783498,0.12350618003973504,1.3929037020527966,18.771609535113498,MN_NORTH,False
2024-09-29,yellow,MN_NORTH,16388.0,9.580429220705083,0.08050367499826948,1.5387548203773371,13.187485093901842,MN_NORTH,False
2024-09-30,yellow,MN_NORTH,16380.0,9.699556033989523,0.08670918797129895,0.0491334715179995,0.42694114968166996,MN_NORTH,False
2024-10-01,yellow,MN_NORTH,18816.0,9.83142660093305,0.034716574650056065,0.31789569900112363,1.1097373822914536,MN_NORTH,False
2024-10-02,yellow,MN_NORTH,18879.0,9.862218719413207,0.0377375467252252,-0.43493148448870783,-1.6279283802304145,MN_NORTH,False
2024-10-03,yellow,MN_NORTH,16382.0,9.891588816549476,0.06147053863820558,-3.0526878506527106,-17.10955306331481,MN_NORTH,False
2024-10-04,yellow,MN_NORTH,15968.0,9.903966073480767,0.03786768761797647,-5.958221616426723,-20.198195972704667,MN_NORTH,True
2024-10-05,yellow,MN_NORTH,15876.0,9.869389334958552,0.10135950364036186,-1.941855612809243,-17.86660737120469,MN_NORTH,False
2024-10-06,yellow,MN_NORTH,12934.0,9.62961018421511,0.07291569649996617,-2.2216807900703057,-14.955488529949722,MN_NORTH,False
2024-10-07,yellow,MN_NORTH,16051.0,9.70610050939225,0.035830713092634206,-0.6300203242025995,-2.2321189470809633,MN_NORTH,False
2024-10-08,yellow,MN_NORTH,18416.0,9.842170460801395,0.04133533071270525,-0.512765459336614,-2.0972287434731784,MN_NORTH,False
2024-10-09,yellow,MN_NORTH,19137.0,9.855431999055694,0.0377375467252252,0.10458851189000534,0.395471317656626,MN_NORTH,False
2024-10-10,yellow,MN_NORTH,20936.0,9.886669164342667,0.029444238210442533,2.124567781995738,6.455437021064792,MN_NORTH,False
2024-10-11,yellow,MN_NORTH,20773.0,9.89356228521427,0.041251659253203926,1.159882079572351,4.901020777032805,MN_NORTH,False
2024-10-12,yellow,MN_NORTH,19524.0,9.869850093707177,0.10135950364036186,0.09421576622696032,0.9595406830250175,MN_NORTH,False
2024-10-13,yellow,MN_NORTH,13939.0,9.64388125858746,0.06331657112998097,-1.602034207590603,-9.646037515173521,MN_NORTH,False
2024-10-14,yellow,MN_NORTH,14694.0,9.70610050939225,0.030564428018358923,-3.6285967185582835,-10.497710784898729,MN_NORTH,True
2024-10-15,yellow,MN_NORTH,19492.0,9.831718990830009,0.034716574650056065,1.326179601457718,4.711672736983852,MN_NORTH,False
2024-10-16,yellow,MN_NORTH,19765.0,9.862218719413207,0.028073953179829487,1.0489885812995146,2.9887173878248685,MN_NORTH,False
2024-10-17,yellow,MN_NORTH,19177.0,9.919266790694763,0.050353071891952095,-1.147891583363062,-5.616117856649117,MN_NORTH,False
2024-10-18,yellow,MN_NORTH,19772.0,9.921386148193633,0.03432726755881151,-0.8554154133146684,-2.8937138412057695,MN_NORTH,False
2024-10-19,yellow,MN_NORTH,17370.0,9.885766898082402,0.06451121781892544,-1.9107845583266692,-11.597243866279294,MN_NORTH,False
2024-10-20,yellow,MN_NORTH,14679.0,9.644460148470095,0.11998584907410514,-0.4191074939329271,-4.904350922905987,MN_NORTH,False
2024-10-21,yellow,MN_NORTH,16912.0,9.70007836585679,0.07174006366494086,0.4976346608774388,3.6345251074272555,MN_NORTH,False
2024-10-22,yellow,MN_NORTH,18208.0,9.855083886547355,0.04167538228501213,-1.0909929826282563,-4.444938995198566,MN_NORTH,False
2024-10-23,yellow,MN_NORTH,18784.0,9.878363250823565,0.030842164124108843,-1.2191922734224654,-3.6904331802583235,MN_NORTH,False
2024-10-24,yellow,MN_NORTH,19814.0,9.916765088664668,0.07406445561024176,-0.30542384933921624,-2.236711353705123,MN_NORTH,False
2024-10-25,yellow,MN_NORTH,20502.0,9.905506284268187,0.07153897149439259,0.3183081416951247,2.303268548025117,MN_NORTH,False
2024-10-26,yellow,MN_NORTH,20877.0,9.879860515755663,0.0967691646752611,0.687645056982786,6.88067483786019,MN_NORTH,False
2024-10-27,yellow,MN_NORTH,15556.0,9.625227638289896,0.11998584907410514,0.22481031883253091,2.7341150091660493,MN_NORTH,False
2024-10-28,yellow,MN_NORTH,17705.0,9.70007836585679,0.03873461234468772,2.1046808978945273,8.49392543915557,MN_NORTH,False
2024-10-29,yellow,MN_NORTH,19705.0,9.855083886547355,0.04209418157618512,0.7968750507962369,3.41127400591017,MN_NORTH,False
2024-10-30,yellow,MN_NORTH,19996.0,9.875523444320425,0.034433994701422145,0.8062987885599476,2.8153102372914907,MN_NORTH,False
2024-10-31,yellow,MN_NORTH,23047.0,9.883147854879624,0.10019398270165734,1.6182911274589473,17.602844043910903,MN_NORTH,False
2024-11-01,yellow,MN_NORTH,20250.0,9.911690108672516,0.08694062969904112,0.04853845522832864,0.42288804478129993,MN_NORTH,False
2024-11-02,yellow,MN_NORTH,19542.0,9.853488857721409,0.13632766030813967,0.19682298311457921,2.719564758749793,MN_NORTH,False
2024-11-03,yellow,MN_NORTH,17696.0,9.603954927436234,0.08136193713826559,2.1771725590161237,19.379699178706012,MN_NORTH,False
2024-11-04,yellow,MN_NORTH,16114.0,9.73969544634101,0.06320471336453097,-0.8267058771789537,-5.091005676044547,MN_NORTH,False
2024-11-05,yellow,MN_NORTH,16140.0,9.872398581786477,0.02853128234459888,-6.426021717080146,-16.75171350337927,MN_NORTH,True
2024-11-06,yellow,MN_NORTH,18106.0,9.8955557237445,0.009755884107798589,-9.384804974869123,-8.74907619707952,MN_NORTH,True
2024-11-07,yellow,MN_NORTH,19383.0,9.950727770367049,0.10811458710033484,-0.7267853510632365,-7.556829027955503,MN_NORTH,False
2024-11-08,yellow,MN_NORTH,19833.0,9.934843533439016,0.07948967319942815,-0.4999522055855545,-3.8961720133502853,MN_NORTH,False
2024-11-09,yellow,MN_NORTH,19756.0,9.879860515755663,0.08808526537071422,0.12887519674347717,1.1416684435870073,MN_NORTH,False
2024-11-10,yellow,MN_NORTH,15317.0,9.632969185095437,0.11626732411773877,0.0322482399725739,0.3756454424624023,MN_NORTH,False
2024-11-11,yellow,MN_NORTH,16258.0,9.754349683686051,0.06729387494096302,-0.8620295596059132,-5.635883731781877,MN_NORTH,False
2024-11-12,yellow,MN_NORTH,19479.0,9.872732163179876,0.04758334919933406,0.09163033014879406,0.43695969662442824,MN_NORTH,False
2024-11-13,yellow,MN_NORTH,19823.0,9.8987488555584,0.015550631565648124,-0.26691500281943925,-0.4142094631817361,MN_NORTH,False
2024-11-14,yellow,MN_NORTH,20999.0,9.944352768484237,0.1362687051336496,0.05780731556930943,0.7908435816812664,MN_NORTH,False
2024-11-15,yellow,MN_NORTH,22010.0,9.922093896939018,0.09416275683459407,0.8194139612652284,8.021303636956723,MN_NORTH,False
2024-11-16,yellow,MN_NORTH,21539.0,9.885766898082402,0.08808526537071422,1.042780831826758,9.620435484410539,MN_NORTH,False
2024-11-17,yellow,MN_NORTH,17134.0,9.644460148470095,0.07792192538500682,1.3392883137609646,10.999989868991689,MN_NORTH,False
2024-11-18,yellow,MN_NORTH,18359.0,9.754349683686051,0.06320471336453097,1.0050755614976514,6.558667152676589,MN_NORTH,False
2024-11-19,yellow,MN_NORTH,19297.0,9.88285996540285,0.07493804034156906,-0.2022343116715811,-1.5040783274174019,MN_NORTH,False
2024-11-20,yellow,MN_NORTH,19950.0,9.899900410666127,0.050108555612209095,0.021633264791564737,0.10845994048702678,MN_NORTH,False
2024-11-21,yellow,MN_NORTH,23648.0,9.973395797979808,0.12514836354428438,0.7801782061142994,10.256361325089758,MN_NORTH,False
2024-11-22,yellow,MN_NORTH,23710.0,9.963764947931928,0.09187924032116673,1.19599629626245,11.615219613698091,MN_NORTH,False
2024-11-23,yellow,MN_NORTH,18538.0,9.903783469951733,0.06551905106347466,-1.1631046280283746,-7.337424527354653,MN_NORTH,False
2024-11-24,yellow,MN_NORTH,14969.0,9.675745056249248,0.08591318635868944,-0.7217562747018325,-6.012499064830568,MN_NORTH,False
2024-11-25,yellow,MN_NORTH,17415.0,9.762607274559002,0.09198910537231116,0.026958716807412214,0.24829857570012326,MN_NORTH,False
2024-11-26,yellow,MN_NORTH,20218.0,9.872398581786477,0.07493804034156906,0.5595288285683359,4.282147235977507,MN_NORTH,False
2024-11-27,yellow,MN_NORTH,19861.0,9.902135977425736,0.04679410433441311,-0.1201580563816793,-0.5606910898182771,MN_NORTH,False
2024-11-28,yellow,MN_NORTH,14197.0,10.019926193772996,0.08806920299101022,-5.213402920840434,-36.81733687498549,MN_NORTH,True
2024-11-29,yellow,MN_NORTH,10726.0,10.009149033845453,0.11656319906442122,-6.251742060543805,-51.74752452329994,MN_NORTH,True
2024-11-30,yellow,MN_NORTH,11712.0,9.885766898082402,0.06580998965505731,-7.861992755100655,-40.39302937028578,MN_NORTH,True
2024-12-01,yellow,MN_NORTH,11176.0,9.668003509443706,0.1001373226473685,-3.460044660141636,-29.282676054152603,MN_NORTH,False
2024-12-02,yellow,MN_NORTH,17045.0,9.730713778553309,0.1311208598985474,0.0983703586803351,1.2981949262751424,MN_NORTH,False
2024-12-03,yellow,MN_NORTH,18961.0,9.872398581786477,0.12586631628124248,-0.17684687539862573,-2.2013159688706874,MN_NORTH,False
2024-12-04,yellow,MN_NORTH,20184.0,9.8955557237445,0.11175260025449908,0.15292500163284395,1.723663207674142,MN_NORTH,False
2024-12-05,yellow,MN_NORTH,21907.0,9.912190884375196,0.2547465246112895,0.3233434300467536,8.58581706558519,MN_NORTH,False
2024-12-06,yellow,MN_NORTH,22450.0,9.947177335261097,0.20844243938558796,0.3447885091018184,7.451409840162704,MN_NORTH,False
2024-12-07,yellow,MN_NORTH,20259.0,9.84279866146238,0.2923706440446246,0.2515839338827209,7.6328547613519815,MN_NORTH,False
2024-12-08,yellow,MN_NORTH,16306.0,9.623330723403486,0.24762589753836683,0.30674373954607026,7.891692833728636,MN_NORTH,False
2024-12-09,yellow,MN_NORTH,18406.0,9.71997627943926,0.13482394423866825,0.7450879628748581,10.567465697563794,MN_NORTH,False
2024-12-10,yellow,MN_NORTH,21234.0,9.85892221971528,0.10950015454593977,0.9537587439150339,11.008515639905925,MN_NORTH,False
2024-12-11,yellow,MN_NORTH,21052.0,9.8955557237445,0.0857991170089313,0.6899269455536018,6.09822422948636,MN_NORTH,False
2024-12-12,yellow,MN_NORTH,24270.0,9.903893557651347,0.2418221235379303,0.798532153485995,21.30074127959103,MN_NORTH,False
2024-12-13,yellow,MN_NORTH,24389.0,9.905147718332678,0.22402476135861793,0.8782054735092591,21.74271903836631,MN_NORTH,False
2024-12-14,yellow,MN_NORTH,24401.0,9.788315728832421,0.2352467253974864,1.335039476893733,36.89768899819099,MN_NORTH,False
2024-12-15,yellow,MN_NORTH,18618.0,9.56871343304589,0.23030828761550043,1.1426887992407355,30.104878984616224,MN_NORTH,False
2024-12-16,yellow,MN_NORTH,19238.0,9.706321212946824,0.13482394423866825,1.174283667932695,17.154285050488948,MN_NORTH,False
2024-12-17,yellow,MN_NORTH,20978.0,9.822045591251012,0.13962693805152057,0.9252079797300327,13.789942978674596,MN_NORTH,False
2024-12-18,yellow,MN_NORTH,22869.0,9.874590559502472,0.0857991170089313,1.8991687424586148,17.69743097551566,MN_NORTH,False
2024-12-19,yellow,MN_NORTH,23458.0,9.891746625858508,0.2850571822881317,0.6006522615868526,18.675209197347485,MN_NORTH,False
2024-12-20,yellow,MN_NORTH,22899.0,9.83096043220434,0.38074561985753724,0.5460025734242872,23.107539005322653,MN_NORTH,False
2024-12-21,yellow,MN_NORTH,19111.0,9.725915733328979,0.2943404583092929,0.44881234444905554,14.122657977368092,MN_NORTH,False
2024-12-22,yellow,MN_NORTH,15259.0,9.56871343304589,0.2781157678712779,0.23087989342468776,6.631772930833479,MN_NORTH,False
2024-12-23,yellow,MN_NORTH,15306.0,9.706321212946824,0.20195407897739262,-0.3482030466184803,-6.790545431812811,MN_NORTH,False
2024-12-24,yellow,MN_NORTH,14802.0,9.831769117394323,0.13962693805152057,-1.6418861205158062,-20.48714916254425,MN_NORTH,False
2024-12-25,yellow,MN_NORTH,8741.0,9.874590559502472,0.08797424214657268,-9.08005185871448,-55.013632246404256,MN_NORTH,True
2024-12-26,yellow,MN_NORTH,9663.0,9.913632575162854,0.17069412216256746,-4.321022468841007,-52.17267882912038,MN_NORTH,True
2024-12-27,yellow,MN_NORTH,10905.0,9.882281489888202,0.2174465919208451,-2.6917175665164472,-44.30639244456292,MN_NORTH,False
2024-12-28,yellow,MN_NORTH,10169.0,9.793681162870097,0.15832422298845975,-3.578618586495499,-43.253829216228276,MN_NORTH,True
2024-12-29,yellow,MN_NORTH,8956.0,9.580240873211007,0.13628598581260679,-3.5231934716500084,-38.13167783269756,MN_NORTH,True
2024-12-30,yellow,MN_NORTH,10790.0,9.668967026200503,0.16761542422409187,-2.282558241399199,-31.790884243256635,MN_NORTH,False
2024-12-31,yellow,MN_NORTH,14774.0,9.80478970865103,0.0920435888521865,-2.2181398303603572,-18.467261789276325,MN_NORTH,False
2025-01-01,yellow,MN_NORTH,9879.0,9.843134627639056,0.10632648527204333,-6.065920969214665,-47.53206981174362,MN_NORTH,True
2025-01-02,yellow,MN_NORTH,11930.0,9.913632575162854,0.1030440215109764,-5.112582489948478,-40.95209132064639,MN_NORTH,True
2025-01-03,yellow,MN_NORTH,13527.0,9.930164100181315,0.14645583390027522,-2.8521986592664894,-34.14541505345415,MN_NORTH,False
2025-01-04,yellow,MN_NORTH,13620.0,9.848164095500056,0.12402017126499525,-2.651742151636398,-28.026307508048497,MN_NORTH,False
2025-01-05,yellow,MN_NORTH,11205.0,9.638982688622209,0.1434482337176286,-2.1949890509421235,-27.01142780638812,MN_NORTH,False
2025-01-06,yellow,MN_NORTH,13568.0,9.668967026200503,0.13671928594845062,-1.1227214003055517,-14.229723578545483,MN_NORTH,False
2025-01-07,yellow,MN_NORTH,16747.0,9.796319839662612,0.12749513950660415,-0.5517498408203179,-6.792819467868472,MN_NORTH,False
2025-01-08,yellow,MN_NORTH,17978.0,9.841633085455292,0.13753918578809488,-0.3252092708390913,-4.374342526193042,MN_NORTH,False
2025-01-09,yellow,MN_NORTH,19064.0,9.883231820228799,0.18569469589685503,-0.14903388229027903,-2.729536248944664,MN_NORTH,False
2025-01-10,yellow,MN_NORTH,18234.0,9.930164100181315,0.1393428416636981,-0.8548759061765357,-11.229947370790583,MN_NORTH,False
2025-01-11,yellow,MN_NORTH,17138.0,9.848164095500056,0.16680130488726588,-0.5941835787074796,-9.435745820333041,MN_NORTH,False
2025-01-12,yellow,MN_NORTH,13680.0,9.638982688622209,0.2114887815274085,-0.5451471071562507,-10.889454028682655,MN_NORTH,False
2025-01-13,yellow,MN_NORTH,15820.0,9.652451999224613,0.2042023588869291,0.0811853603817133,1.671642369913262,MN_NORTH,False
2025-01-14,yellow,MN_NORTH,17925.0,9.796319839662612,0.1045268144922741,-0.022656140496520906,-0.2365372282524203,MN_NORTH,False
2025-01-15,yellow,MN_NORTH,19009.0,9.815252746102653,0.07131983920012054,0.5246097652928685,3.8123840122352703,MN_NORTH,False
2025-01-16,yellow,MN_NORTH,20495.0,9.861345870924453,0.10173217368509685,0.6545654103500179,6.88575438318606,MN_NORTH,False
2025-01-17,yellow,MN_NORTH,18975.0,9.930164100181315,0.16887203799389996,-0.4695063721582419,-7.622477314947417,MN_NORTH,False
2025-01-18,yellow,MN_NORTH,16363.0,9.828881191718626,0.10444381984545692,-1.207378516759751,-11.847615258620547,MN_NORTH,False
2025-01-19,yellow,MN_NORTH,15445.0,9.525623582853411,0.22442382840180192,0.532104916619948,12.683973784263403,MN_NORTH,False
2025-01-20,yellow,MN_NORTH,13072.0,9.652451999224613,0.12425735008462772,-1.4021237536948201,-15.989146077148797,MN_NORTH,False
2025-01-21,yellow,MN_NORTH,18277.0,9.75996304110115,0.05390258954722341,0.9913378392790871,5.488913558563957,MN_NORTH,False
2025-01-22,yellow,MN_NORTH,18650.0,9.798375922454856,0.07826699599042249,0.4500684122515231,3.585327008763506,MN_NORTH,False
2025-01-23,yellow,MN_NORTH,19917.0,9.861345870924453,0.08595810030441489,0.44187861677144946,3.8713622859193775,MN_NORTH,False
2025-01-24,yellow,MN_NORTH,20205.0,9.89312567183114,0.10363734401610397,0.19838124834846213,2.0772512342259075,MN_NORTH,False
2025-01-25,yellow,MN_NORTH,18738.0,9.780075801235922,0.13874787156892143,0.4197039177374638,5.996196486271765,MN_NORTH,False
2025-01-26,yellow,MN_NORTH,13733.0,9.542132405130735,0.20892931583804142,-0.06976249619154631,-1.446972321195461,MN_NORTH,False
2025-01-27,yellow,MN_NORTH,15818.0,9.592249799676665,0.1518645043774452,0.504752652484089,7.966845878700379,MN_NORTH,False
2025-01-28,yellow,MN_NORTH,17965.0,9.795205322622714,0.06480763434609867,0.015050339898182354,0.09758527596721578,MN_NORTH,False
2025-01-29,yellow,MN_NORTH,17487.0,9.841421981377847,0.026127888843981595,-2.763673525073972,-6.966352264661547,MN_NORTH,False
2025-01-30,yellow,MN_NORTH,19286.0,9.905020157506359,0.0697903983351606,-0.5428459406993061,-3.7176759039611484,MN_NORTH,False
2025-01-31,yellow,MN_NORTH,20882.0,9.924529559455511,0.13512241334171968,0.16365355567340859,2.235957382874343,MN_NORTH,False
2025-02-01,yellow,MN_NORTH,19731.0,9.815275830084449,0.1324852794496591,0.5636131968411261,7.752899471826913,MN_NORTH,False
2025-02-02,yellow,MN_NORTH,16665.0,9.544065796807605,0.09610580356058383,1.8417222204760693,19.363132461309473,MN_NORTH,False
2025-02-03,yellow,MN_NORTH,16044.0,9.668967026200503,0.15697121642522907,0.08997318751216546,1.4223404264310568,MN_NORTH,False
2025-02-04,yellow,MN_NORTH,17970.0,9.798291462000211,0.026563884797698997,-0.0689839696476076,-0.1830804252165752,MN_NORTH,False
2025-02-05,yellow,MN_NORTH,18952.0,9.841421981377847,0.048610298237335044,0.16956827585237744,0.82768295763338,MN_NORTH,False
2025-02-06,yellow,MN_NORTH,18260.0,9.919323815281942,0.05218992759559101,-2.047438386214769,-10.134462547180757,MN_NORTH,False
2025-02-07,yellow,MN_NORTH,20970.0,9.941008282124253,0.10339317576575228,0.09516916081585802,0.9888412192461171,MN_NORTH,False
2025-02-08,yellow,MN_NORTH,20492.0,9.828881191718626,0.08024488398800778,1.2325851621300763,10.396545139665658,MN_NORTH,False
2025-02-09,yellow,MN_NORTH,18267.0,9.602807612218804,0.11443304193713122,1.8355172291345427,23.37321209852059,MN_NORTH,False
2025-02-10,yellow,MN_NORTH,17871.0,9.6706395324146,0.041388031531647454,2.906517402022689,12.78295504289655,MN_NORTH,False
2025-02-11,yellow,MN_NORTH,19283.0,9.798430602115204,0.014416099860072,4.755000053395792,7.095262444050077,MN_NORTH,True
2025-02-12,yellow,MN_NORTH,19253.0,9.849453641761176,0.0485240752036536,0.3290846842755856,1.6096708307173468,MN_NORTH,False
2025-02-13,yellow,MN_NORTH,20946.0,9.919323815281942,0.06304586909964013,0.4818580738911987,3.0845316257805067,MN_NORTH,False
2025-02-14,yellow,MN_NORTH,23991.0,9.94874547337301,0.052197862258769025,2.618662138869972,14.647104242545428,MN_NORTH,False
2025-02-15,yellow,MN_NORTH,18388.0,9.8638927143362,0.05845015489008816,-0.7602915252089069,-4.346620368328957,MN_NORTH,False
2025-02-16,yellow,MN_NORTH,13567.0,9.645752303195412,0.11897225380926875,-1.0956895119351586,-12.221768659830335,MN_NORTH,False
2025-02-17,yellow,MN_NORTH,12580.0,9.698555377235623,0.04645568267334153,-5.568572714778794,-22.79391007125009,MN_NORTH,True
2025-02-18,yellow,MN_NORTH,16737.0,9.806900471103623,0.016929584313194097,-4.815437466261317,-7.828881658425535,MN_NORTH,True
2025-02-19,yellow,MN_NORTH,18031.0,9.849453641761176,0.061869980614733505,-0.8017759742597323,-4.839558783116226,MN_NORTH,False
2025-02-20,yellow,MN_NORTH,20145.0,9.92451594686018,0.05534801482174554,-0.24941362900169134,-1.3709703381297844,MN_NORTH,False
2025-02-21,yellow,MN_NORTH,20648.0,9.967473726462242,0.056833771973859235,-0.5648047621853343,-3.159024927226861,MN_NORTH,False
2025-02-22,yellow,MN_NORTH,18235.0,9.8638927143362,0.052256257074629775,-1.0103021924823519,-5.142518077902891,MN_NORTH,False
2025-02-23,yellow,MN_NORTH,14194.0,9.639530521881163,0.15990073670715949,-0.4937807318601275,-7.591932707963744,MN_NORTH,False
2025-02-24,yellow,MN_NORTH,15871.0,9.698555377235623,0.05012014288907865,-0.5248698868693074,-2.5963550668370194,MN_NORTH,False
2025-02-25,yellow,MN_NORTH,18041.0,9.796319839662612,0.07973830358574015,0.05119728670677728,0.40907290739737867,MN_NORTH,False
2025-02-26,yellow,MN_NORTH,18944.0,9.824756261807494,0.09027545070617926,0.27123958600810055,2.478852668611853,MN_NORTH,False
2025-02-27,yellow,MN_NORTH,21149.0,9.900835399792154,0.07635200071226572,0.7663519186759995,6.025824121536094,MN_NORTH,False
2025-02-28,yellow,MN_NORTH,22769.0,9.94874547337301,0.05705153610994369,1.4795353997565992,8.807465987183427,MN_NORTH,False
2025-03-01,yellow,MN_NORTH,21687.0,9.8638927143362,0.07207939259164592,1.6728160851092062,12.814598872745853,MN_NORTH,False
2025-03-02,yellow,MN_NORTH,17039.0,9.639530521881163,0.15246342174956692,0.6803572302375601,10.930044990066644,MN_NORTH,False
2025-03-03,yellow,MN_NORTH,17305.0,9.698555377235623,0.05012014288907865,1.2010216923571102,6.204402719953683,MN_NORTH,False
2025-03-04,yellow,MN_NORTH,18380.0,9.798430602115204,0.07776111573191627,0.2647569238261901,2.080118431864375,MN_NORTH,False
2025-03-05,yellow,MN_NORTH,22442.0,9.849453641761176,0.05722326337330353,2.957465731368775,18.439943529993187,MN_NORTH,False
2025-03-06,yellow,MN_NORTH,21255.0,9.900835399792154,0.07635200071226572,0.8318320464198832,6.557231628126581,MN_NORTH,False
2025-03-07,yellow,MN_NORTH,21815.0,9.947018521641823,0.09134115232257006,0.4744254130148343,4.428721723272955,MN_NORTH,False
2025-03-08,yellow,MN_NORTH,19459.0,9.88975515338667,0.11042304472787114,-0.1239794325745348,-1.3596902005213907,MN_NORTH,False
2025-03-09,yellow,MN_NORTH,15467.0,9.670612380884126,0.1591857202716378,-0.15169941000222106,-2.385914061863892,MN_NORTH,False
2025-03-10,yellow,MN_NORTH,16548.0,9.734177537546651,0.08798174112966298,-0.22910446766042492,-1.9955215571615614,MN_NORTH,False
2025-03-11,yellow,MN_NORTH,18643.0,9.809710310181242,0.10496959314598356,0.22402401123452687,2.3794383727972823,MN_NORTH,False
2025-03-12,yellow,MN_NORTH,20271.0,9.857332354706534,0.07497259459871901,0.7951467844060638,6.1426987607855255,MN_NORTH,False
2025-03-13,yellow,MN_NORTH,22150.0,9.93020718697927,0.05440255318766825,1.3856994585154812,7.829985075048218,MN_NORTH,False
2025-03-14,yellow,MN_NORTH,21679.0,9.966771002472694,0.13293787247752512,0.13034905879626485,1.7479332974974282,MN_NORTH,False
2025-03-15,yellow,MN_NORTH,18991.0,9.909025909322446,0.12232541545145854,-0.4684672224223162,-5.569441057268854,MN_NORTH,False
2025-03-16,yellow,MN_NORTH,15254.0,9.603519310061534,0.13762408969448764,0.21128374201928946,2.950461750001754,MN_NORTH,False
2025-03-17,yellow,MN_NORTH,16841.0,9.693134675544432,0.0809980048522976,0.4745424653571804,3.9185250258309434,MN_NORTH,False
2025-03-18,yellow,MN_NORTH,16644.0,9.809710310181242,0.04771537290258829,-1.884198626341104,-8.598220657789124,MN_NORTH,False
2025-03-19,yellow,MN_NORTH,16679.0,9.871854428459368,0.055020870617377836,-2.7253059557155694,-13.924787361666235,MN_NORTH,False
2025-03-20,yellow,MN_NORTH,19751.0,9.935029649829099,0.0832992048618524,-0.5290596464075449,-4.311326414326944,MN_NORTH,False
2025-03-21,yellow,MN_NORTH,18256.0,9.963644124208098,0.07248542540122592,-2.0886274898468273,-14.04919188974647,MN_NORTH,False
2025-03-22,yellow,MN_NORTH,15962.0,9.909025909322446,0.09840595893202,-2.348025824799002,-20.63079448981768,MN_NORTH,False
2025-03-23,yellow,MN_NORTH,13440.0,9.639530521881163,0.10975176299971086,-1.2167449902775114,-12.500745075034047,MN_NORTH,False
2025-03-24,yellow,MN_NORTH,15740.0,9.722796098018678,0.04914294490517458,-1.1972334210091171,-5.713821452581547,MN_NORTH,False
2025-03-25,yellow,MN_NORTH,16075.0,9.81252924313992,0.03183726918311347,-4.005013536202751,-11.97142374334853,MN_NORTH,True
2025-03-26,yellow,MN_NORTH,17301.0,9.87970347921758,0.03835625907938936,-3.159429512748698,-11.412896435469843,MN_NORTH,False
2025-03-27,yellow,MN_NORTH,18896.0,9.955931842818117,0.0713480240343236,-1.5308945953209236,-10.34724935630994,MN_NORTH,False
2025-03-28,yellow,MN_NORTH,19031.0,9.987226207293112,0.0666920339578101,-2.000264377308932,-12.488651139844631,MN_NORTH,False
2025-03-29,yellow,MN_NORTH,20785.0,9.904749797931117,0.09897277480419744,0.37623532157492334,3.7939039024542653,MN_NORTH,False
2025-03-30,yellow,MN_NORTH,17594.0,9.639530521881163,0.1104310159106716,1.2295702508187774,14.543295472459207,MN_NORTH,False
2025-03-31,yellow,MN_NORTH,16929.0,9.722796098018678,0.0509895434884894,0.2743171964606517,1.4085588709813912,MN_NORTH,False
2025-04-01,yellow,MN_NORTH,18672.0,9.81252924313992,0.061014354915372784,0.36468649741982234,2.250051375688744,MN_NORTH,False
2025-04-02,yellow,MN_NORTH,19478.0,9.891675239116012,0.045252127706392344,-0.3233955470518003,-1.4527775143112653,MN_NORTH,False
2025-04-03,yellow,MN_NORTH,19735.0,9.958431612198186,0.06764186595143294,-1.009472804169319,-6.600353364029498,MN_NORTH,False
2025-04-04,yellow,MN_NORTH,20810.0,9.987226207293112,0.10397840667491341,-0.4235233959981137,-4.308172467036231,MN_NORTH,False
2025-04-05,yellow,MN_NORTH,22051.0,9.904749797931117,0.07918810974731137,1.2168927089804984,10.115918929661817,MN_NORTH,False
2025-04-06,yellow,MN_NORTH,16459.0,9.639530521881163,0.15820239730893176,0.4367645392122302,7.154035476935738,MN_NORTH,False
2025-04-07,yellow,MN_NORTH,18262.0,9.722796098018678,0.0468261123675981,1.917340018594689,9.393531933478894,MN_NORTH,False
2025-04-08,yellow,MN_NORTH,19882.0,9.819633054932812,0.061014354915372784,1.2773555329295607,8.105457585959153,MN_NORTH,False
2025-04-09,yellow,MN_NORTH,19950.0,9.87970347921758,0.0630014589318065,0.3377849253215479,2.150899723274713,MN_NORTH,False
2025-04-10,yellow,MN_NORTH,22082.0,9.92173759278117,0.11082281002243596,0.728915673601479,8.413288508167028,MN_NORTH,False
2025-04-11,yellow,MN_NORTH,24109.0,9.963644124208098,0.126430466168953,1.0021031589956622,13.507232292402737,MN_NORTH,False
2025-04-12,yellow,MN_NORTH,21132.0,9.937710740295408,0.09484049521184254,0.21966374112939352,2.105154016203281,MN_NORTH,False
2025-04-13,yellow,MN_NORTH,14181.0,9.741970466428345,0.1381778692290083,-1.3194019272713213,-16.66588251073091,MN_NORTH,False
2025-04-14,yellow,MN_NORTH,14983.0,9.746204399215497,0.0890448415216761,-1.4771534535252477,-12.324956619320094,MN_NORTH,False
2025-04-15,yellow,MN_NORTH,17508.0,9.843750395004406,0.11121976543151608,-0.6593899601305817,-7.071257545786247,MN_NORTH,False
2025-04-16,yellow,MN_NORTH,19277.0,9.891675239116012,0.06538209451436626,-0.3824791008022106,-2.4697192803870283,MN_NORTH,False
2025-04-17,yellow,MN_NORTH,18756.0,9.974359622319676,0.09037422387987626,-1.4947917261204875,-12.636328017680288,MN_NORTH,False
2025-04-18,yellow,MN_NORTH,17347.0,10.02035095780554,0.10888367485415662,-2.3803026339006514,-22.831288151445527,MN_NORTH,False
2025-04-19,yellow,MN_NORTH,16536.0,9.952401701332102,0.050170147971342005,-4.7659137881570395,-21.266905155678582,MN_NORTH,True
2025-04-20,yellow,MN_NORTH,14638.0,9.786970062866287,0.10227862231357926,-1.9123634272804027,-17.76538756526156,MN_NORTH,False
2025-04-21,yellow,MN_NORTH,16195.0,9.784101534485014,0.11544449754405224,-0.7938334422965025,-8.756981211493741,MN_NORTH,False
2025-04-22,yellow,MN_NORTH,18143.0,9.875145257127283,0.11678693469368631,-0.5917200150716556,-6.67714697009385,MN_NORTH,False
2025-04-23,yellow,MN_NORTH,19582.0,9.914216306149491,0.0628057198633762,-0.5071234006195695,-3.134837342827723,MN_NORTH,False
2025-04-24,yellow,MN_NORTH,21005.0,9.993324111213948,0.06225747264522967,-0.6554767785549033,-3.9986879676944698,MN_NORTH,False
2025-04-25,yellow,MN_NORTH,22389.0,9.983782894599631,0.16309948536323712,0.19952332239057638,3.307743767979199,MN_NORTH,False
2025-04-26,yellow,MN_NORTH,20608.0,9.952401701332102,0.07305967637884053,-0.25961068222735917,-1.8788329371203893,MN_NORTH,False
2025-04-27,yellow,MN_NORTH,18009.0,9.741970466428345,0.18919719846567032,0.299457105871938,5.829216688826366,MN_NORTH,False
2025-04-28,yellow,MN_NORTH,17251.0,9.774680541906768,0.13606987297526715,-0.14003944955903375,-1.8874748417800347,MN_NORTH,False
2025-04-29,yellow,MN_NORTH,19010.0,9.871025225364093,0.0992778826798961,-0.18437933392112096,-1.8138274771272611,MN_NORTH,False
2025-04-30,yellow,MN_NORTH,20485.0,9.922542973869696,0.07515083742535175,0.06527160946340604,0.4917266378823504,MN_NORTH,False
2025-05-01,yellow,MN_NORTH,21943.0,9.987041354055492,0.05795256797038947,0.1580966521631889,0.920420756098328,MN_NORTH,False
2025-05-02,yellow,MN_NORTH,22570.0,10.014938516598967,0.10908346207426929,0.0865241442941004,0.9483034931610845,MN_NORTH,False
2025-05-03,yellow,MN_NORTH,22076.0,9.940162448690131,0.0588088799660304,1.0556887991256139,6.405158923723686,MN_NORTH,False
2025-05-04,yellow,MN_NORTH,18467.0,9.723354913581279,0.18919719846567032,0.5305877765563684,10.559728778225153,MN_NORTH,False
2025-05-05,yellow,MN_NORTH,21125.0,9.747001212133135,0.12342440400935714,1.711259955334501,23.517324561548804,MN_NORTH,False
2025-05-06,yellow,MN_NORTH,20743.0,9.875145257127283,0.07395953949445488,0.8764097594702053,6.696573907255932,MN_NORTH,False
2025-05-07,yellow,MN_NORTH,20829.0,9.958442027326733,0.09150108750162858,-0.15672493406261132,-1.4238166671470598,MN_NORTH,False
2025-05-08,yellow,MN_NORTH,22713.0,9.993324111213948,0.03743156699777419,0.9983182258891515,3.8075601137708137,MN_NORTH,False
2025-05-09,yellow,MN_NORTH,24276.0,10.01953061307681,0.0484190652982406,1.6050056604822416,8.081228467507717,MN_NORTH,False
2025-05-10,yellow,MN_NORTH,20874.0,9.941549810246183,0.05759193974096795,0.08177939751635427,0.4720942835799269,MN_NORTH,False
2025-05-11,yellow,MN_NORTH,18894.0,9.76835451001922,0.13781401136625074,0.5677592541872831,8.138776115615975,MN_NORTH,False
2025-05-12,yellow,MN_NORTH,18919.0,9.747001212133135,0.1433144829019775,0.7041910413360711,10.618900041653978,MN_NORTH,False
2025-05-13,yellow,MN_NORTH,21330.0,9.876802301074244,0.0707821019402441,1.2865895176160995,9.534294979341151,MN_NORTH,False
2025-05-14,yellow,MN_NORTH,21795.0,9.952102839188203,0.10089956783581211,0.37000183732242103,3.803865660853023,MN_NORTH,False
2025-05-15,yellow,MN_NORTH,22924.0,9.993324111213948,0.042596666777492485,1.0943477033351077,4.771915116808878,MN_NORTH,False
2025-05-16,yellow,MN_NORTH,23834.0,10.014938516598967,0.06221788446371898,1.0275163741554576,6.601766302879919,MN_NORTH,False
2025-05-17,yellow,MN_NORTH,24242.0,9.933749940952174,0.062106714562077184,2.609895004448656,17.596843023552733,MN_NORTH,False
2025-05-18,yellow,MN_NORTH,19908.0,9.76835451001922,0.0990608862011769,1.3175980446425082,13.94234968295125,MN_NORTH,False
2025-05-19,yellow,MN_NORTH,19458.0,9.754203163452583,0.0881106258970873,1.3824713062992318,12.95399343556214,MN_NORTH,False
2025-05-20,yellow,MN_NORTH,21679.0,9.876802301074244,0.05225812882852939,2.053212205632892,11.326487616368407,MN_NORTH,False
2025-05-21,yellow,MN_NORTH,22489.0,9.953373487902539,0.045951463248824265,1.4669411394134861,6.973193800263777,MN_NORTH,False
2025-05-22,yellow,MN_NORTH,21817.0,10.004810536472096,0.04522769855749892,-0.3176322372850227,-1.4263079687700686,MN_NORTH,False
2025-05-23,yellow,MN_NORTH,18709.0,10.01953061307681,0.0484190652982406,-3.774766023788415,-16.704082081125282,MN_NORTH,True
2025-05-24,yellow,MN_NORTH,11851.0,9.940162448690131,0.05259953058978134,-10.646386217189455,-42.87880329747018,MN_NORTH,True
2025-05-25,yellow,MN_NORTH,12411.0,9.803627091716061,0.08044408369271294,-4.6900731448162025,-31.428187800874674,MN_NORTH,True
2025-05-26,yellow,MN_NORTH,10762.0,9.80862364325266,0.08068380335159338,-6.504985280827507,-40.83540930511461,MN_NORTH,True
2025-05-27,yellow,MN_NORTH,18854.0,9.907176550301472,0.06467374284813897,-0.9694224515905017,-6.0771211610895275,MN_NORTH,False
2025-05-28,yellow,MN_NORTH,22570.0,9.953373487902539,0.04457789306827163,1.5927935804480418,7.358485662855219,MN_NORTH,False
2025-05-29,yellow,MN_NORTH,21669.0,10.004810536472096,0.04522769855749892,-0.46813325524891747,-2.095002400663648,MN_NORTH,False
2025-05-30,yellow,MN_NORTH,22327.0,9.98159113693789,0.15784473081287975,0.20248284688346574,3.24770835115602,MN_NORTH,False
2025-05-31,yellow,MN_NORTH,20621.0,9.896138484880787,0.16247555835493163,0.2334306064462188,3.8655167422201098,MN_NORTH,False
2025-06-01,yellow,MN_NORTH,16951.0,9.71841117462122,0.16059493176732692,0.12248788477189497,1.9865681169781269,MN_NORTH,False
2025-06-02,yellow,MN_NORTH,16956.0,9.80862364325266,0.0913523563462729,-0.7689633151208712,-6.783609011106062,MN_NORTH,False
2025-06-03,yellow,MN_NORTH,20016.0,9.905475017281132,0.0914685915082451,-0.012985709683000344,-0.1187079437552585,MN_NORTH,False
2025-06-04,yellow,MN_NORTH,22461.0,9.953373487902539,0.052092509618580085,1.2700916788362553,6.840006489738237,MN_NORTH,False
2025-06-05,yellow,MN_NORTH,23490.0,9.987041354055492,0.07157228840835596,1.0798693924175604,8.035395504750786,MN_NORTH,False
2025-06-06,yellow,MN_NORTH,22533.0,9.891534185143257,0.1528894135601822,0.8581496400286636,14.019807260244033,MN_NORTH,False
2025-06-07,yellow,MN_NORTH,20932.0,9.814543562219283,0.18624256108168066,0.7221271254631817,14.395414060780354,MN_NORTH,False
2025-06-08,yellow,MN_NORTH,18190.0,9.623464798660248,0.2310955699607204,0.8012376562795795,20.3413946340943,MN_NORTH,False
2025-06-09,yellow,MN_NORTH,18239.0,9.745578983791976,0.15826091008613372,0.4153802334148338,6.794736303109605,MN_NORTH,False
2025-06-10,yellow,MN_NORTH,19948.0,9.874383802331394,0.08670859801004899,0.3056255658931142,2.6854621380302035,MN_NORTH,False
2025-06-11,yellow,MN_NORTH,21165.0,9.968039343761273,0.07727210615577927,-0.10269152998433373,-0.7903790290936463,MN_NORTH,False
2025-06-12,yellow,MN_NORTH,22324.0,9.942962389339282,0.15295854516953242,0.4606164532419678,7.299652232731058,MN_NORTH,False
2025-06-13,yellow,MN_NORTH,20753.0,9.839691123625137,0.23269086398435507,0.4329992513298532,10.600560389099245,MN_NORTH,False
2025-06-14,yellow,MN_NORTH,18883.0,9.755774494046694,0.27543048379736146,0.32764285960909323,9.444001576984796,MN_NORTH,False
2025-06-15,yellow,MN_NORTH,15187.0,9.612917779522213,0.2369669889437866,0.0644701537380836,1.5394592681321928,MN_NORTH,False
2025-06-16,yellow,MN_NORTH,17202.0,9.7717122560977,0.10667788912011308,-0.17746246333165133,-1.875324901223907,MN_NORTH,False
2025-06-17,yellow,MN_NORTH,18744.0,9.872682269311055,0.08665466355810626,-0.3929769931030634,-3.348000173832333,MN_NORTH,False
2025-06-18,yellow,MN_NORTH,20882.0,9.93963409243808,0.12297445321759316,0.05699338544383588,0.7033349044480497,MN_NORTH,False
2025-06-19,yellow,MN_NORTH,18650.0,9.942962389339282,0.1421983238373581,-0.769073511670956,-10.359321172709402,MN_NORTH,False
2025-06-20,yellow,MN_NORTH,18819.0,9.822033482273788,0.18043727431043546,0.11410499615308282,2.080220583141945,MN_NORTH,False
2025-06-21,yellow,MN_NORTH,17731.0,9.68617684452417,0.30224942566292734,0.3205728325878633,10.174243077528477,MN_NORTH,False
2025-06-22,yellow,MN_NORTH,14870.0,9.566179803622799,0.16767326587531411,0.24405343104506308,4.177004816221697,MN_NORTH,False
2025-06-23,yellow,MN_NORTH,18141.0,9.68640398834002,0.17085537823674443,0.6995732989785276,12.696238761535938,MN_NORTH,False
2025-06-24,yellow,MN_NORTH,20132.0,9.815899654206445,0.10634941120319923,0.8854417962868064,9.874235676180444,MN_NORTH,False
2025-06-25,yellow,MN_NORTH,20316.0,9.86296338596344,0.19139473884278566,0.2936373606583862,5.780990772695338,MN_NORTH,False
2025-06-26,yellow,MN_NORTH,19976.0,9.812715448032604,0.2097434217158211,0.4270521725747583,9.370540351252842,MN_NORTH,False
2025-06-27,yellow,MN_NORTH,18166.0,9.792471463289711,0.17849746485350027,0.08311339763073955,1.494612348281943,MN_NORTH,False
2025-06-28,yellow,MN_NORTH,16789.0,9.713472149534464,0.17501780798258537,0.0857457859569712,1.5120210531251344,MN_NORTH,False
2025-06-29,yellow,MN_NORTH,15044.0,9.560363063554785,0.12690535937904396,0.4599605274438909,6.010870635986354,MN_NORTH,False
2025-06-30,yellow,MN_NORTH,15282.0,9.745578983791976,0.09347001211641132,-1.1891304715573963,-10.519372762535195,MN_NORTH,False
2025-07-01,yellow,MN_NORTH,17282.0,9.815899654206445,0.12852073102851175,-0.45501513520124126,-5.680183739531519,MN_NORTH,False
2025-07-02,yellow,MN_NORTH,15545.0,9.857672365734377,0.137359211280255,-1.50101359289882,-18.63118082977969,MN_NORTH,False
2025-07-03,yellow,MN_NORTH,15141.0,9.816696870634662,0.14360454096085554,-1.3337690740468948,-17.430951867049803,MN_NORTH,False
2025-07-04,yellow,MN_NORTH,10405.0,9.774813821938366,0.11042940589713877,-4.752104558086992,-40.83097948089824,MN_NORTH,True
2025-07-05,yellow,MN_NORTH,10232.0,9.687309934458408,0.09943472838403299,-4.566157102035561,-36.49392346477921,MN_NORTH,True
2025-07-06,yellow,MN_NORTH,9994.0,9.560363063554785,0.10998079693311621,-3.1880371976560933,-29.575070384469083,MN_NORTH,False
2025-07-07,yellow,MN_NORTH,13624.0,9.696086362500957,0.1621998526948519,-1.0881522839017648,-16.1799661926435,MN_NORTH,False
2025-07-08,yellow,MN_NORTH,17911.0,9.77176573039195,0.13753169539606325,0.15563392694075162,2.1635319464944347,MN_NORTH,False
2025-07-09,yellow,MN_NORTH,17350.0,9.78773232431222,0.1798688961953837,-0.14668761245165296,-2.603950814277356,MN_NORTH,False
2025-07-10,yellow,MN_NORTH,16458.0,9.795810893595306,0.14943784034471613,-0.583814201465955,-8.3546485284126,MN_NORTH,False
2025-07-11,yellow,MN_NORTH,16312.0,9.721662376866396,0.14468316770979656,-0.15209830528624202,-2.1765697578371657,MN_NORTH,False
2025-07-12,yellow,MN_NORTH,15427.0,9.638351700469837,0.1740910337570469,0.03172363000503592,0.5538078313741757,MN_NORTH,False
2025-07-13,yellow,MN_NORTH,13093.0,9.491662607539373,0.1797729179817587,-0.0658029721296567,-1.1759897774514139,MN_NORTH,False
2025-07-14,yellow,MN_NORTH,18125.0,9.60449883813763,0.11852522825477671,1.692033371613967,22.207305436500178,MN_NORTH,False
2025-07-15,yellow,MN_NORTH,16646.0,9.77176573039195,0.13753169539606325,-0.3769349598768434,-5.051970700611552,MN_NORTH,False
2025-07-16,yellow,MN_NORTH,17664.0,9.748858807429725,0.1062672295524386,0.28630784650392416,3.089271622950762,MN_NORTH,False
2025-07-17,yellow,MN_NORTH,17887.0,9.704632453633984,0.10529831508841551,0.8280950866692004,9.111162647476956,MN_NORTH,False
2025-07-18,yellow,MN_NORTH,16334.0,9.692929061480186,0.0965087907190596,0.08367157414231689,0.8107733527957794,MN_NORTH,False
2025-07-19,yellow,MN_NORTH,15223.0,9.626898018468655,0.1530031928647383,0.023951804677954342,0.3671425823512653,MN_NORTH,False
2025-07-20,yellow,MN_NORTH,13543.0,9.459174243616769,0.10799507293349306,0.5041974838253611,5.596056838100516,MN_NORTH,False
2025-07-21,yellow,MN_NORTH,14394.0,9.581976027847423,0.11919758991160005,-0.06215977844156549,-0.7381914614482676,MN_NORTH,False
2025-07-22,yellow,MN_NORTH,15570.0,9.738673001353693,0.11467209070594167,-0.7462298454563308,-8.201271252653164,MN_NORTH,False
2025-07-23,yellow,MN_NORTH,15960.0,9.748858807429725,0.08870135190689574,-0.8006409699422369,-6.855481481980585,MN_NORTH,False
2025-07-24,yellow,MN_NORTH,16329.0,9.68342852592808,0.12355091129358724,0.13977574906907977,1.7419399731813279,MN_NORTH,False
2025-07-25,yellow,MN_NORTH,17023.0,9.677457973222914,0.06588083524609499,0.9845454501201361,6.701248853135189,MN_NORTH,False
2025-07-26,yellow,MN_NORTH,14912.0,9.576321715290145,0.12107905035324992,0.277503181080445,3.417067118152639,MN_NORTH,False
2025-07-27,yellow,MN_NORTH,12961.0,9.447030426982916,0.1330451362240874,0.17039104986352632,2.2928610871829624,MN_NORTH,False
2025-07-28,yellow,MN_NORTH,15358.0,9.524554666914929,0.10874763330844667,1.055996525918329,12.169072504486866,MN_NORTH,False
2025-07-29,yellow,MN_NORTH,17785.0,9.645790530975631,0.1377075505825137,1.0189721101955442,15.064212188961722,MN_NORTH,False
2025-07-30,yellow,MN_NORTH,17965.0,9.677182543061427,0.0878439131198589,1.3546545487315096,12.636784181176996,MN_NORTH,False
2025-07-31,yellow,MN_NORTH,18030.0,9.65017397145946,0.08074014567195023,1.8530848996211664,16.13909071819164,MN_NORTH,False
2025-08-01,yellow,MN_NORTH,16094.0,9.640423105228894,0.1204453441297603,0.3800786639611858,4.684272476120066,MN_NORTH,False
2025-08-02,yellow,MN_NORTH,15462.0,9.502443994071259,0.1695039182486666,0.8477484608842736,15.453386890503197,MN_NORTH,False
2025-08-03,yellow,MN_NORTH,12650.0,9.397284013014085,0.11183560128456227,0.43035026940232035,4.930546262789348,MN_NORTH,False
2025-08-04,yellow,MN_NORTH,13760.0,9.501578354900168,0.1382282064591068,0.2021494548974869,2.8336817227600397,MN_NORTH,False
2025-08-05,yellow,MN_NORTH,14972.0,9.680256552168778,0.10943877672534555,-0.6059962028897431,-6.41681659704213,MN_NORTH,False
2025-08-06,yellow,MN_NORTH,15939.0,9.748858807429725,0.0791415217484925,-0.9139904150509861,-6.978040058977952,MN_NORTH,False
2025-08-07,yellow,MN_NORTH,15399.0,9.704632453633984,0.13518115508665438,-0.46289442019827853,-6.065701704673887,MN_NORTH,False
2025-08-08,yellow,MN_NORTH,14945.0,9.692929061480186,0.05456450888366529,-1.4807608171533413,-7.761907202305984,MN_NORTH,False
2025-08-09,yellow,MN_NORTH,13132.0,9.620242128992313,0.09196565602741193,-1.4944149403975946,-12.84088680134886,MN_NORTH,False
2025-08-10,yellow,MN_NORTH,11318.0,9.459174243616769,0.0556787580810393,-2.2454629058415643,-11.752479414190354,MN_NORTH,False
2025-08-11,yellow,MN_NORTH,13142.0,9.552043921777543,0.21304845591150204,-0.3214077944229445,-6.6183600343136195,MN_NORTH,False
2025-08-12,yellow,MN_NORTH,15344.0,9.680256552168778,0.12763230106505924,-0.32732117729557925,-4.0916132691034,MN_NORTH,False
2025-08-13,yellow,MN_NORTH,16922.0,9.728562410040311,0.10923296051803756,0.0714749413282173,0.7837976816295944,MN_NORTH,False
2025-08-14,yellow,MN_NORTH,15651.0,9.746263709047778,0.1910871425460322,-0.46038480760725153,-8.421496276593409,MN_NORTH,False
2025-08-15,yellow,MN_NORTH,15815.0,9.69360295731215,0.1815973744436351,-0.13705496375513523,-2.4581648521273314,MN_NORTH,False
2025-08-16,yellow,MN_NORTH,13658.0,9.620242128992313,0.22314876061438077,-0.4398922906899279,-9.349743522146037,MN_NORTH,False
2025-08-17,yellow,MN_NORTH,12691.0,9.45755631078952,0.17423759655429588,-0.05112530909240635,-0.8868392732149566,MN_NORTH,False
2025-08-18,yellow,MN_NORTH,11954.0,9.552043921777543,0.15680244867244336,-1.0409447924777764,-15.059798801566371,MN_NORTH,False
2025-08-19,yellow,MN_NORTH,13638.0,9.680256552168778,0.12763230106505924,-1.2507904171280697,-14.755045735403606,MN_NORTH,False
2025-08-20,yellow,MN_NORTH,15031.0,9.766275264516032,0.13208886882859786,-1.1235257875921485,-13.791831478938054,MN_NORTH,False
2025-08-21,yellow,MN_NORTH,13616.0,9.750245131649837,0.1910871425460322,-1.2101509173019123,-20.64544056250982,MN_NORTH,False
2025-08-22,yellow,MN_NORTH,12686.0,9.714261230260325,0.2122253299165997,-1.253417432174654,-23.35661824218177,MN_NORTH,False
2025-08-23,yellow,MN_NORTH,11864.0,9.628031108402896,0.23469670148851046,-1.0514303056671124,-21.867745495515344,MN_NORTH,False
2025-08-24,yellow,MN_NORTH,11146.0,9.459174243616769,0.17663634376397358,-0.7945039650209818,-13.093579744704398,MN_NORTH,False
2025-08-25,yellow,MN_NORTH,12430.0,9.584456450688911,0.2982110480426068,-0.525092102428688,-14.494395816207605,MN_NORTH,False
2025-08-26,yellow,MN_NORTH,13578.0,9.743998512472153,0.17463557171604302,-1.3043871610587465,-20.37104457087453,MN_NORTH,False
2025-08-27,yellow,MN_NORTH,14215.0,9.80223903254,0.1178553876296729,-2.037972241113108,-21.35184447589816,MN_NORTH,False
2025-08-28,yellow,MN_NORTH,14489.0,9.849811595614973,0.2087546175483919,-1.286997044422123,-23.56019180134342,MN_NORTH,False
2025-08-29,yellow,MN_NORTH,13768.0,9.799027139786917,0.2689722389388377,-0.9998236359131979,-23.579928006686647,MN_NORTH,False
2025-08-30,yellow,MN_NORTH,12793.0,9.737910107635912,0.298614062304726,-0.9418735345151443,-24.51654420730617,MN_NORTH,False
2025-08-31,yellow,MN_NORTH,11452.0,9.567642510327552,0.2652231245592026,-0.8359860946440736,-19.886262649020658,MN_NORTH,False
2025-09-01,yellow,MN_NORTH,10173.0,9.660311766714337,0.2651811432989771,-1.6321648309382533,-35.13223260258431,MN_NORTH,False
2025-09-02,yellow,MN_NORTH,16439.0,9.709532491279006,0.2555199390190221,-0.008299359250148654,-0.2118404776175309,MN_NORTH,False
2025-09-03,yellow,MN_NORTH,18184.0,9.774501131838242,0.19850383384376574,0.17025481593839784,3.4373814721585516,MN_NORTH,False
2025-09-04,yellow,MN_NORTH,19927.0,9.79029969923361,0.2459951512743713,0.4452574582529402,11.575485494199732,MN_NORTH,False
2025-09-05,yellow,MN_NORTH,20168.0,9.814739769713675,0.25893133330946927,0.37505194104111206,10.198455935071337,MN_NORTH,False
2025-09-06,yellow,MN_NORTH,18577.0,9.690834309883572,0.3301995913547585,0.4204887866098561,14.894625866759604,MN_NORTH,False
2025-09-07,yellow,MN_NORTH,16101.0,9.58263200922676,0.27879577169277237,0.37304960181673413,10.960561636523325,MN_NORTH,False
2025-09-08,yellow,MN_NORTH,17874.0,9.634417704303255,0.3064717778780777,0.5112533321107816,16.962679306473728,MN_NORTH,False
2025-09-09,yellow,MN_NORTH,19529.0,9.743998512472153,0.1820788781475082,0.7450469169780806,14.528934347870814,MN_NORTH,False
2025-09-10,yellow,MN_NORTH,19838.0,9.810464899862211,0.1517316603061802,0.5594723558183453,8.859695456494766,MN_NORTH,False
2025-09-11,yellow,MN_NORTH,21115.0,9.911070090904651,0.16910293329655038,0.27597910665187103,4.777500866638595,MN_NORTH,False
2025-09-12,yellow,MN_NORTH,21737.0,9.936308936277678,0.07763493498320237,0.6499937226212174,5.175712763576779,MN_NORTH,False
2025-09-13,yellow,MN_NORTH,19972.0,9.814180986780702,0.18553485688466045,0.47379552454903134,9.188502666167597,MN_NORTH,False
2025-09-14,yellow,MN_NORTH,17628.0,9.643054743154194,0.15341694817042384,0.874669222715987,14.360903601002505,MN_NORTH,False
2025-09-15,yellow,MN_NORTH,18362.0,9.721075181495445,0.1910994779343894,0.5073975620252139,10.182005641511083,MN_NORTH,False
2025-09-16,yellow,MN_NORTH,19616.0,9.812983408281944,0.13124404199191572,0.5418716870848437,7.370730440169471,MN_NORTH,False
2025-09-17,yellow,MN_NORTH,20362.0,9.85399350174899,0.10179588790953993,0.662425539016608,6.975772319857576,MN_NORTH,False
2025-09-18,yellow,MN_NORTH,22550.0,9.938506325348557,0.08787862673574007,0.9670613064746952,8.86996686838939,MN_NORTH,False
2025-09-19,yellow,MN_NORTH,21482.0,9.973054701346781,0.03729542160586099,0.051372332814988306,0.19177894215645086,MN_NORTH,False
2025-09-20,yellow,MN_NORTH,20458.0,9.844633722818756,0.08984164044436835,0.907102316866766,8.490840079503336,MN_NORTH,False
2025-09-21,yellow,MN_NORTH,17398.0,9.701626159744148,0.11722347501087672,0.5330363761826764,6.447782773054556,MN_NORTH,False
2025-09-22,yellow,MN_NORTH,19123.0,9.761615517583376,0.1008913039709528,0.9617435463767433,10.189514941161981,MN_NORTH,False
2025-09-23,yellow,MN_NORTH,17687.0,9.88187832900936,0.02900481160008245,-3.4922875890798575,-9.633191043945166,MN_NORTH,False
2025-09-24,yellow,MN_NORTH,18263.0,9.909208478359215,0.033926260214857513,-2.846645741545059,-9.205914863138375,MN_NORTH,False
2025-09-25,yellow,MN_NORTH,21051.0,9.957928370277644,0.08787862673574007,-0.03669864308353081,-0.32198315457118154,MN_NORTH,False
2025-09-26,yellow,MN_NORTH,21851.0,9.967868028922798,0.033662397201626795,0.7169405375236778,2.4427517598361703,MN_NORTH,False
2025-09-27,yellow,MN_NORTH,21005.0,9.844633722818756,0.08984164044436835,1.200802436944918,11.39163632173068,MN_NORTH,False
2025-09-28,yellow,MN_NORTH,16797.0,9.701626159744148,0.10951424963631719,0.24955125349999668,2.77062922399105,MN_NORTH,False
2025-09-29,yellow,MN_NORTH,18794.0,9.787232663641348,0.059359209567028094,0.9107312192326008,5.554823428074318,MN_NORTH,False
2025-09-30,yellow,MN_NORTH,20955.0,9.869778571827993,0.021800942784214673,3.6858033767861116,8.367060675310277,MN_NORTH,True
2025-10-01,yellow,MN_NORTH,21207.0,9.89977093847817,0.02677091514704759,2.3277372483759438,6.429824422151609,MN_NORTH,False
2025-10-02,yellow,MN_NORTH,20380.0,9.957928370277644,0.055563068586341996,-0.6410564500334894,-3.499216982098685,MN_NORTH,False
2025-10-03,yellow,MN_NORTH,21179.0,9.986057577839414,0.02182951844990966,-1.1586226333782437,-2.497500669299957,MN_NORTH,False
2025-10-04,yellow,MN_NORTH,19141.0,9.905231079114701,0.09105851079961337,-0.5012509920026706,-4.4617188296132815,MN_NORTH,False
2025-10-05,yellow,MN_NORTH,16591.0,9.746533057042244,0.07227981457765831,-0.41391083490875147,-2.947430278585106,MN_NORTH,False
2025-10-06,yellow,MN_NORTH,17770.0,9.804570506322491,0.04949779414855849,-0.38998879658876223,-1.9118464054292628,MN_NORTH,False
2025-10-07,yellow,MN_NORTH,18871.0,9.88187832900936,0.018241362998224316,-2.0007659451663753,-3.5838722332950157,MN_NORTH,False
2025-10-08,yellow,MN_NORTH,20014.0,9.904792109186985,0.02838728689018919,-0.021305365987365422,-0.06046186810001464,MN_NORTH,False
2025-10-09,yellow,MN_NORTH,22624.0,9.957928370277644,0.014886107399805852,4.624324987709886,7.126286309960661,MN_NORTH,True
2025-10-10,yellow,MN_NORTH,21706.0,9.98087090541543,0.032359870623610926,0.13822965000570764,0.44831128070605963,MN_NORTH,False
2025-10-11,yellow,MN_NORTH,18010.0,9.905231079114701,0.06888743251982098,-1.5467065188420666,-10.106867777092898,MN_NORTH,False
2025-10-12,yellow,MN_NORTH,14757.0,9.746533057042244,0.044943660433219734,-3.272101786130812,-13.675801857698843,MN_NORTH,False
2025-10-13,yellow,MN_NORTH,15629.0,9.821268523494702,0.038617684584319474,-4.256730651305176,-15.158475017913165,MN_NORTH,True
2025-10-14,yellow,MN_NORTH,19623.0,9.872001081554572,0.03625181069322365,0.3436116661912962,1.2534450975740574,MN_NORTH,False
2025-10-15,yellow,MN_NORTH,20767.0,9.905758733951991,0.020485831511852036,1.7261556295886047,3.5994394792792095,MN_NORTH,False
2025-10-16,yellow,MN_NORTH,22435.0,9.95641055855382,0.013481429374895389,4.596468084582805,6.392719183996531,MN_NORTH,True
2025-10-17,yellow,MN_NORTH,22124.0,9.971631158779807,0.025266207901545223,1.2976665300357861,3.333053249929163,MN_NORTH,False
2025-10-18,yellow,MN_NORTH,20098.0,9.847986829620751,0.12262266172530177,0.4924763183124682,6.224942317224125,MN_NORTH,False
2025-10-19,yellow,MN_NORTH,17750.0,9.727673946365378,0.04259953250996655,1.3255274227474945,5.8091536937603605,MN_NORTH,False
2025-10-20,yellow,MN_NORTH,16949.0,9.829559064761542,0.05148230050094857,-1.779154191872189,-8.752532810990065,MN_NORTH,False
2025-10-21,yellow,MN_NORTH,19624.0,9.872179475501262,0.053891712146172936,0.22877563072448878,1.2405427236056532,MN_NORTH,False
2025-10-22,yellow,MN_NORTH,20216.0,9.905758733951991,0.042987019650887276,0.19705751142633773,0.8506894839461765,MN_NORTH,False
2025-10-23,yellow,MN_NORTH,21123.0,9.95657622726525,0.03689511990424234,0.04178183797733507,0.15427347146892423,MN_NORTH,False
2025-10-24,yellow,MN_NORTH,20772.0,9.988672982536414,0.03579656007524517,-1.3216850298675094,-4.621001909578515,MN_NORTH,False
2025-10-25,yellow,MN_NORTH,17106.0,9.883981748427505,0.11114625420409004,-1.2307854301197312,-12.78529119023345,MN_NORTH,False
2025-10-26,yellow,MN_NORTH,15207.0,9.73882945837613,0.04586823677621795,-2.3833122639750535,-10.355499437346417,MN_NORTH,False
2025-10-27,yellow,MN_NORTH,17840.0,9.82420076473952,0.041532094403924705,-0.8427785573513759,-3.4396861222013353,MN_NORTH,False
2025-10-28,yellow,MN_NORTH,19147.0,9.901294570388677,0.06308031370191125,-0.6561991148471107,-4.054824482766062,MN_NORTH,False
2025-10-29,yellow,MN_NORTH,19807.0,9.910779904660805,0.025382652698403965,-0.6693238608827187,-1.6845712205070251,MN_NORTH,False
2025-10-30,yellow,MN_NORTH,20766.0,9.958283441898672,0.07121536528381535,-0.24167718534730648,-1.7063863632258203,MN_NORTH,False
2025-10-31,yellow,MN_NORTH,25738.0,9.964528533544613,0.046744203137260874,4.090245028834223,21.069581071579545,MN_NORTH,True
2025-11-01,yellow,MN_NORTH,21788.0,9.817534093582697,0.09427115842082018,1.820074642076041,18.71797601813263,MN_NORTH,False
2025-11-02,yellow,MN_NORTH,20798.0,9.721503986678556,0.08867718514092134,2.4934048164727844,24.745829913985574,MN_NORTH,False
2025-11-03,yellow,MN_NORTH,18669.0,9.806550739663642,0.06662096025620222,0.4213228609395808,2.846657785455542,MN_NORTH,False
2025-11-04,yellow,MN_NORTH,18953.0,9.901294570388677,0.05756152500805243,-0.8960336102137882,-5.026954009602758,MN_NORTH,False
2025-11-05,yellow,MN_NORTH,19597.0,9.910779904660805,0.01748119732006681,-1.5815926035005332,-2.7269421016951845,MN_NORTH,False
2025-11-06,yellow,MN_NORTH,21130.0,9.988247645798664,0.06352515184892871,-0.46908247082079163,-2.93589361294857,MN_NORTH,False
2025-11-07,yellow,MN_NORTH,20229.0,9.994881135060265,0.08159644944998337,-0.9805406754446554,-7.68916271418274,MN_NORTH,False
2025-11-08,yellow,MN_NORTH,17339.0,9.872380667802148,0.15547674747667678,-0.7182237284339011,-10.565805601326284,MN_NORTH,False
2025-11-09,yellow,MN_NORTH,16754.0,9.763597200548352,0.22106340546770958,-0.1682996141124414,-3.6521288014903397,MN_NORTH,False
2025-11-10,yellow,MN_NORTH,18481.0,9.829261373215306,0.09786421342423728,-0.04866862730407281,-0.47515922273840827,MN_NORTH,False
2025-11-11,yellow,MN_NORTH,20294.0,9.911029671875077,0.08335215010054686,0.08459149470583531,0.7075798964746749,MN_NORTH,False
2025-11-12,yellow,MN_NORTH,20077.0,9.927675058205505,0.058138420336219694,-0.34993895317880114,-2.013933691528136,MN_NORTH,False
2025-11-13,yellow,MN_NORTH,21027.0,9.988413314510094,0.07873533175081371,-0.442631136069348,-3.425041711304566,MN_NORTH,False
2025-11-14,yellow,MN_NORTH,21339.0,10.027925789199502,0.17854305434652598,-0.3340041762819669,-5.7890836026599395,MN_NORTH,False
2025-11-15,yellow,MN_NORTH,18702.0,9.936878771341311,0.27121157766574067,-0.370533674155214,-9.560857707874293,MN_NORTH,False
2025-11-16,yellow,MN_NORTH,17132.0,9.781315928632502,0.23210175653309575,-0.14050987973712475,-3.2086533581516363,MN_NORTH,False
2025-11-17,yellow,MN_NORTH,19921.0,9.829559064761542,0.07547295753170943,0.9270958527210935,7.247672067512334,MN_NORTH,False
2025-11-18,yellow,MN_NORTH,20693.0,9.957688580526607,0.12673802297481063,-0.15889330006970817,-1.9936411026363232,MN_NORTH,False
2025-11-19,yellow,MN_NORTH,21679.0,9.910779904660805,0.03308966569084689,2.215780148785048,7.607420634655959,MN_NORTH,False
2025-11-20,yellow,MN_NORTH,23093.0,9.958283441898672,0.15496203038893988,0.5743431352947449,9.308216301359318,MN_NORTH,False
2025-11-21,yellow,MN_NORTH,23189.0,10.062007720727618,0.19850660318618127,-0.0532698322043431,-1.0518700882157672,MN_NORTH,False
2025-11-22,yellow,MN_NORTH,21277.0,9.912750193749478,0.2557331675641241,0.20580733748993948,5.404143587860677,MN_NORTH,False
2025-11-23,yellow,MN_NORTH,17650.0,9.815841007319925,0.18923286608315612,-0.19737557080633655,-3.666103925640374,MN_NORTH,False
2025-11-24,yellow,MN_NORTH,18470.0,9.868010326901084,0.057007841248085424,-0.7737050332401341,-4.314867388318932,MN_NORTH,False
2025-11-25,yellow,MN_NORTH,22158.0,9.927815656325429,0.10185112242871883,0.7671808212999852,8.127211015720981,MN_NORTH,False
2025-11-26,yellow,MN_NORTH,20058.0,9.945714744641048,0.10818881191102048,-0.3635439589191685,-3.8567951649295718,MN_NORTH,False
2025-11-27,yellow,MN_NORTH,14425.0,10.002866965446998,0.15496203038893988,-2.7500212342410917,-34.69808827305061,MN_NORTH,False
2025-11-28,yellow,MN_NORTH,11229.0,10.103578542669023,0.19529987819116915,-3.9801537681226913,-54.03654427965721,MN_NORTH,True
2025-11-29,yellow,MN_NORTH,11697.0,9.977248297288643,0.21572205557494117,-2.8284572850547876,-45.673639673687404,MN_NORTH,False
2025-11-30,yellow,MN_NORTH,13668.0,9.830734869133014,0.16028373218501193,-1.9211073494495654,-26.50275444383383,MN_NORTH,False
2025-12-01,yellow,MN_NORTH,19752.0,9.83981514800724,0.056062041196224266,0.9131826441814077,5.252799312890999,MN_NORTH,False
2025-12-02,yellow,MN_NORTH,21967.0,9.927815656325429,0.11581802460537598,0.5999148243591387,7.195164021226685,MN_NORTH,False
2025-12-03,yellow,MN_NORTH,23232.0,9.906856757950866,0.055131181894894146,2.6560134327034643,15.76929165695178,MN_NORTH,False
2025-12-04,yellow,MN_NORTH,25594.0,9.958449110610102,0.40064750308407276,0.4783859026003224,21.126360624704297,MN_NORTH,False
2025-12-05,yellow,MN_NORTH,26388.0,9.968291663401624,0.3905997563823383,0.5437099574974052,23.66090257275428,MN_NORTH,False
2025-12-06,yellow,MN_NORTH,25019.0,9.836385748995392,0.37921664956712253,0.7673847298987855,33.77713613517284,MN_NORTH,False
2025-12-07,yellow,MN_NORTH,20834.0,9.748703338735261,0.19907661488724263,0.9827282220965139,21.60868550081716,MN_NORTH,False
2025-12-08,yellow,MN_NORTH,22314.0,9.845010622777153,0.06819872266828066,2.4627871872751532,18.288804071246844,MN_NORTH,False
2025-12-09,yellow,MN_NORTH,24772.0,9.93755075781183,0.0885791948413328,2.031159851570127,19.711979896583397,MN_NORTH,False
2025-12-10,yellow,MN_NORTH,25115.0,9.90733016025358,0.06668312418528678,3.3575270904893446,25.09339044677976,MN_NORTH,False
2025-12-11,yellow,MN_NORTH,27964.0,10.000423712726164,0.2801728166640724,0.8503663479650627,26.90258195567865,MN_NORTH,False
2025-12-12,yellow,MN_NORTH,28418.0,10.00986248534303,0.2910990653873066,0.8413477402585684,27.751341095785875,MN_NORTH,False
2025-12-13,yellow,MN_NORTH,27339.0,9.900883852534555,0.3097054920513388,1.0176948382220965,37.051376519156285,MN_NORTH,False
2025-12-14,yellow,MN_NORTH,23930.0,9.763597200548352,0.22248327136844248,1.4351235416046468,37.615169976145225,MN_NORTH,False
2025-12-15,yellow,MN_NORTH,23784.0,9.868010326901084,0.056062041196224266,3.723696699629077,23.214682947277865,MN_NORTH,True
2025-12-16,yellow,MN_NORTH,25499.0,9.967423682013006,0.08280981714123789,2.1612272416087372,19.598585995479834,MN_NORTH,False
2025-12-17,yellow,MN_NORTH,26451.0,9.945241342338335,0.11204016670775543,2.1225236306288138,26.846549899384886,MN_NORTH,False
2025-12-18,yellow,MN_NORTH,27686.0,10.047284820283895,0.28375248238611644,0.6392801481008653,19.889143896418716,MN_NORTH,False
2025-12-19,yellow,MN_NORTH,27771.0,10.051433307284436,0.30147888026128256,0.5980992177449117,19.759368666177892,MN_NORTH,False
2025-12-20,yellow,MN_NORTH,24153.0,9.965381956073719,0.37166940179440283,0.3411147602742497,13.516943178079499,MN_NORTH,False
2025-12-21,yellow,MN_NORTH,19594.0,9.778491062361443,0.37906886867459477,0.2756428242405727,11.014164305948926,MN_NORTH,False
2025-12-22,yellow,MN_NORTH,18864.0,9.891010031025015,0.1808172023331371,-0.2543973009996755,-4.4957472660995474,MN_NORTH,False
2025-12-23,yellow,MN_NORTH,19816.0,10.005953884080618,0.16533269938919493,-0.6756613381631124,-10.569545987905071,MN_NORTH,False
2025-12-24,yellow,MN_NORTH,19194.0,10.053285917624523,0.19238710732124917,-0.9924412872850613,-17.38119834710745,MN_NORTH,False
2025-12-25,yellow,MN_NORTH,12020.0,10.189397688622611,0.06564954255493205,-12.11083047331427,-54.84505916421346,MN_NORTH,True
2025-12-26,yellow,MN_NORTH,12021.0,10.206206115039041,0.05494025293450379,-14.775973396091883,-55.59400555919034,MN_NORTH,True
2025-12-27,yellow,MN_NORTH,10804.0,10.109777345082335,0.09185126442080382,-8.950400795828644,-56.04947559922454,MN_NORTH,True
2025-12-28,yellow,MN_NORTH,11183.0,9.913660111224491,0.14819291605489276,-3.991486772398751,-44.65091533546553,MN_NORTH,True
2025-12-29,yellow,MN_NORTH,13607.0,9.95198979708907,0.12450796250070888,-3.48291099772629,-35.18610339871307,MN_NORTH,False
2025-12-30,yellow,MN_NORTH,15435.0,10.057382934136069,0.11052627955407622,-3.736577390155873,-33.83310986634406,MN_NORTH,True
2025-12-31,yellow,MN_NORTH,19477.0,10.092253236904334,0.09619355366062458,-2.2378181019686036,-19.3671197145994,MN_NORTH,False
2024-01-01,yellow,OUTER,2988.0,7.527524664029976,0.06712490201193247,7.073900564328895,60.774870767482355,OUTER,True
2024-01-02,yellow,OUTER,1884.0,7.542162715551262,0.024601625664199104,-0.04106478282139349,-0.10097502737068664,OUTER,False
2024-01-03,yellow,OUTER,1923.0,7.572620458390982,0.0464189174856174,-0.23651376199377216,-1.0918666678747413,OUTER,False
2024-01-04,yellow,OUTER,1883.0,7.617263458513227,0.016277062820262797,-4.7085847552707865,-7.37785535171529,OUTER,True
2024-01-05,yellow,OUTER,1702.0,7.590277873022496,0.08540266750326075,-1.7647992538806956,-13.991027509271714,OUTER,False
2024-01-06,yellow,OUTER,1651.0,7.379862290301318,0.03505065090991539,0.8351957198754574,2.970685364241654,OUTER,False
2024-01-07,yellow,OUTER,1287.0,7.475821056572954,0.0453038935981798,-6.969640441445706,-27.07596105346559,OUTER,True
2024-01-08,yellow,OUTER,1857.0,7.545389749611823,0.10656641771089777,-0.17521643928927658,-1.8498942917546946,OUTER,False
2024-01-09,yellow,OUTER,1905.0,7.532088143541722,0.04920325132839821,0.4095083856267441,2.0353508302089596,OUTER,False
2024-01-10,yellow,OUTER,1977.0,7.555905093611346,0.035311010173224425,0.9467508687876803,3.3995815899582116,OUTER,False
2024-01-11,yellow,OUTER,2027.0,7.620214770574455,0.0397938401320615,-0.14833009588585086,-0.5885237861696702,OUTER,False
2024-01-12,yellow,OUTER,2132.0,7.549609165154532,0.12059085257008538,0.9553512366474631,12.210526315789426,OUTER,False
2024-01-13,yellow,OUTER,1549.0,7.392647520721623,0.02444647753410356,-1.934130601793001,-4.618226600985242,OUTER,False
2024-01-14,yellow,OUTER,1788.0,7.462789157412448,0.1255947901617739,0.20752292581116624,2.6406429391503394,OUTER,False
2024-01-15,yellow,OUTER,1347.0,7.581328781620085,0.07065343628894595,-5.317414480355579,-31.318726334822287,OUTER,True
2024-01-16,yellow,OUTER,1930.0,7.505693890662278,0.06078805396547428,0.9801496733304503,6.1392145483313065,OUTER,False
2024-01-17,yellow,OUTER,2081.0,7.5587734196000635,0.042437704908899684,1.9282476978723149,8.527173950730171,OUTER,False
2024-01-18,yellow,OUTER,2072.0,7.617263458513227,0.04351175473533529,0.43680483542329046,1.918791137145992,OUTER,False
2024-01-19,yellow,OUTER,1817.0,7.6478811830880975,0.12944677968682478,-1.1042307505659394,-13.319315690943201,OUTER,False
2024-01-20,yellow,OUTER,1746.0,7.389249299423416,0.031178621388196787,2.432225467314574,7.878287385441918,OUTER,False
2024-01-21,yellow,OUTER,1742.0,7.518177319274213,0.20305209393964785,-0.27277808756913086,-5.388217018961927,OUTER,False
2024-01-22,yellow,OUTER,2033.0,7.528331766707247,0.10742190044478521,0.8279135497776202,9.301075268817272,OUTER,False
2024-01-23,yellow,OUTER,1867.0,7.5411524551363085,0.09170298700826159,-0.09884423496226447,-0.9023354564756225,OUTER,False
2024-01-24,yellow,OUTER,1912.0,7.589335823170617,0.053034566546236304,-0.6303573638171521,-3.2878098128477973,OUTER,False
2024-01-25,yellow,OUTER,2039.0,7.6362696033793735,0.055476706482077476,-0.28939772785728646,-1.59266409266412,OUTER,False
2024-01-26,yellow,OUTER,2061.0,7.664815785285735,0.11438572500951731,-0.29609642630195265,-3.3302063789868552,OUTER,False
2024-01-27,yellow,OUTER,1624.0,7.409136443920128,0.08294597322998654,-0.1987911233832383,-1.635372501514265,OUTER,False
2024-01-28,yellow,OUTER,1896.0,7.488852955733459,0.3154964006829374,0.18589349024126453,6.040268456375841,OUTER,False
2024-01-29,yellow,OUTER,1860.0,7.581328781620085,0.1334809349614878,-0.3970380858369721,-5.161715651647691,OUTER,False
2024-01-30,yellow,OUTER,1666.0,7.546694871348555,0.06373374498326323,-2.0164207933413523,-12.059879204331757,OUTER,False
2024-01-31,yellow,OUTER,1857.0,7.59661689584625,0.05610673788259619,-1.2458278119788109,-6.75123154735685,OUTER,False
2024-02-01,yellow,OUTER,1985.0,7.644170174747927,0.044015416061300876,-1.1540497891895996,-4.952743538066374,OUTER,False
2024-02-02,yellow,OUTER,1900.0,7.673418648056305,0.09158493412495981,-1.3518542551206711,-11.645184412039889,OUTER,False
2024-02-03,yellow,OUTER,1583.0,7.437109590159838,0.10600831795573341,-0.6606324072425105,-6.763651063165554,OUTER,False
2024-02-04,yellow,OUTER,1682.0,7.624577022728596,0.22054559542235566,-0.8925056146269791,-17.867647267013076,OUTER,False
2024-02-05,yellow,OUTER,1892.0,7.572799790167797,0.12436438651133855,-0.22040104345687722,-2.703779424428565,OUTER,False
2024-02-06,yellow,OUTER,1771.0,7.558756284729867,0.1464884778127954,-0.5424088510809341,-7.638193923663595,OUTER,False
2024-02-07,yellow,OUTER,1867.0,7.614502558380391,0.06278717061150985,-1.3125995969558863,-7.91097509752452,OUTER,False
2024-02-08,yellow,OUTER,2105.0,7.654978866323551,0.07581378368561728,-0.03835872668127322,-0.2903895721596439,OUTER,False
2024-02-09,yellow,OUTER,2303.0,7.673418648056305,0.13254934346710948,0.517160251204033,7.095336999511637,OUTER,False
2024-02-10,yellow,OUTER,1613.0,7.512841949584052,0.22556562787142992,-0.562988575241732,-11.92582875525684,OUTER,False
2024-02-11,yellow,OUTER,2476.0,7.624577022728596,0.22054559542235566,0.8606955433064581,20.90351091966445,OUTER,False
2024-02-12,yellow,OUTER,2046.0,7.581328781620085,0.21111313270356175,0.20042886176532215,4.322112783187526,OUTER,False
2024-02-13,yellow,OUTER,1027.0,7.590533176967382,0.17448558984021276,-3.760402034573103,-48.11476714519974,OUTER,True
2024-02-14,yellow,OUTER,2049.0,7.622250897457757,0.1376565115326309,0.020749114948084898,0.2860333751809163,OUTER,False
2024-02-15,yellow,OUTER,2315.0,7.662879437692106,0.08315155553466035,1.0136374273009923,8.793948755204672,OUTER,False
2024-02-16,yellow,OUTER,2272.0,7.7119947053237805,0.2259275173275435,0.0726829326126495,1.6556641396135108,OUTER,False
2024-02-17,yellow,OUTER,1921.0,7.568221829795096,0.2843000561501975,-0.02680501414503073,-0.7591703364415947,OUTER,False
2024-02-18,yellow,OUTER,2212.0,7.765358701321396,0.378440409163851,-0.1683391549542145,-6.171950423284855,OUTER,False
2024-02-19,yellow,OUTER,1730.0,7.682153174214406,0.18551535599758995,-1.219718365122946,-20.25024263098659,OUTER,False
2024-02-20,yellow,OUTER,2030.0,7.623382808671325,0.28800657706258226,-0.026359594676347263,-0.7562992189005024,OUTER,False
2024-02-21,yellow,OUTER,2006.0,7.691720307864905,0.23458834273765755,-0.37436787488300965,-8.40764141446051,OUTER,False
2024-02-22,yellow,OUTER,2151.0,7.774687141383726,0.20540590229252131,-0.4917045274198693,-9.606607413271096,OUTER,False
2024-02-23,yellow,OUTER,2169.0,7.798174555236525,0.21836651930195067,-0.5319178268763672,-10.966104852929826,OUTER,False
2024-02-24,yellow,OUTER,2146.0,7.668358319933649,0.43276241642961594,0.006938225555183612,0.30071155852680054,OUTER,False
2024-02-25,yellow,OUTER,2275.0,7.807690852531113,0.378440409163851,-0.20599153594168798,-7.499443118386139,OUTER,False
2024-02-26,yellow,OUTER,2300.0,7.709644241423083,0.2618585009238699,0.11846153699312867,3.1506299353620815,OUTER,False
2024-02-27,yellow,OUTER,2457.0,7.66523427291838,0.3201405945862256,0.4418749199414563,15.19568438115002,OUTER,False
2024-02-28,yellow,OUTER,2341.0,7.73682531534779,0.22313289015723697,0.09639167102601437,2.1741119683270416,OUTER,False
2024-02-29,yellow,OUTER,2655.0,7.774687141383726,0.2207046322446332,0.4961961657919671,11.573434364372503,OUTER,False
2024-03-01,yellow,OUTER,2577.0,7.833743439803806,0.21683865137777564,0.09517570192135137,2.085220222949369,OUTER,False
2024-03-02,yellow,OUTER,2383.0,7.80525987057372,0.3309406712786421,-0.08806531201612187,-2.8723791606076188,OUTER,False
2024-03-03,yellow,OUTER,2443.0,7.936205217303286,0.3269301575914314,-0.41361478256323886,-12.647903281123273,OUTER,False
2024-03-04,yellow,OUTER,2430.0,7.812055378027491,0.17558620649945786,-0.09345176947568247,-1.6274949986286646,OUTER,False
2024-03-05,yellow,OUTER,2241.0,7.841097832483193,0.22736700055591821,-0.5560189401855352,-11.875566979145812,OUTER,False
2024-03-06,yellow,OUTER,2562.0,7.81691637996806,0.22323091213713728,0.1416788660039619,3.213255387510938,OUTER,False
2024-03-07,yellow,OUTER,2446.0,7.916998574918946,0.18824210902361158,-0.6097958595301849,-10.84459886130883,OUTER,False
2024-03-08,yellow,OUTER,2767.0,7.914457027391297,0.2514473868907893,0.04399310938328944,1.112336201891706,OUTER,False
2024-03-09,yellow,OUTER,2965.0,7.857637147527769,0.33959608427332605,0.4034061941473827,14.682260236285183,OUTER,False
2024-03-10,yellow,OUTER,3159.0,7.9551515833827935,0.3550200399409095,0.2897279191236982,10.833536377923236,OUTER,False
2024-03-11,yellow,OUTER,2653.0,7.842365471685055,0.1500452841768806,0.2737898940179755,4.193637650708637,OUTER,False
2024-03-12,yellow,OUTER,2662.0,7.841097832483193,0.22736700055591821,0.20115129442724677,4.679714726244377,OUTER,False
2024-03-13,yellow,OUTER,2632.0,7.873848482899888,0.27002323230686515,0.006113583380278252,0.1652172881497327,OUTER,False
2024-03-14,yellow,OUTER,3018.0,7.916998574918946,0.20265164243075798,0.47051710642527084,10.004497398434186,OUTER,False
2024-03-15,yellow,OUTER,2906.0,7.992239498778171,0.20414159221062092,-0.08673712424891228,-1.7550813005540622,OUTER,False
2024-03-16,yellow,OUTER,3002.0,7.966895564694311,0.2619415334612531,0.15323437626982694,4.095488181654838,OUTER,False
2024-03-17,yellow,OUTER,3281.0,8.114098226840863,0.23494530075816542,-0.07744225494635507,-1.8030169770093973,OUTER,False
2024-03-18,yellow,OUTER,2746.0,7.886265380586627,0.14097904783150883,0.2243965059197892,3.2140917539868363,OUTER,False
2024-03-19,yellow,OUTER,2632.0,7.902730826148648,0.14231105897104504,-0.1913521963811731,-2.6864098320807273,OUTER,False
2024-03-20,yellow,OUTER,2769.0,7.887326387894152,0.1243722196957218,0.31289250422655424,3.968224755999983,OUTER,False
2024-03-21,yellow,OUTER,2835.0,7.98303485613453,0.14187199773069845,-0.2342790720108831,-3.269133893021292,OUTER,False
2024-03-22,yellow,OUTER,3233.0,7.982724153610777,0.15165426971587065,0.6491187112574532,10.344998764425583,OUTER,False
2024-03-23,yellow,OUTER,3393.0,8.000833161812617,0.2503850797017926,0.5137550652971006,13.727676606648732,OUTER,False
2024-03-24,yellow,OUTER,3926.0,8.102714596356986,0.1408409096773778,1.2259348429013621,18.846407297399416,OUTER,False
2024-03-25,yellow,OUTER,2668.0,7.900673470232828,0.09455314356728428,-0.12256666209164255,-1.1522168668763877,OUTER,False
2024-03-26,yellow,OUTER,2952.0,7.881166145700132,0.11890525379575559,0.9173021085139332,11.524268955351168,OUTER,False
2024-03-27,yellow,OUTER,2695.0,7.888253172218814,0.057597557581497566,0.18924953734122768,1.0959935961746714,OUTER,False
2024-03-28,yellow,OUTER,2995.0,7.955583708940681,0.10751073524402059,0.4568455559101974,5.034197498831627,OUTER,False
2024-03-29,yellow,OUTER,3162.0,7.982724153610777,0.16467149093804845,0.4629572716222092,7.921709277177125,OUTER,False
2024-03-30,yellow,OUTER,2805.0,8.064108627136118,0.1657662555877305,-0.7537710780538988,-11.745880306004208,OUTER,False
2024-03-31,yellow,OUTER,3904.0,8.102714596356986,0.092601666158314,1.803880622303464,18.18043150510622,OUTER,False
2024-04-01,yellow,OUTER,2816.0,7.903492496681715,0.06687825910711663,0.5918249237442529,4.0373954956421265,OUTER,False
2024-04-02,yellow,OUTER,2977.0,7.884385244113563,0.09147176785329175,1.2494141043115345,12.107283688864845,OUTER,False
2024-04-03,yellow,OUTER,3464.0,7.900080267667759,0.04756900953112488,5.257603731499276,28.41525440835788,OUTER,True
2024-04-04,yellow,OUTER,3215.0,7.962936782635529,0.06758846086864034,1.6666432788745011,11.923549002205602,OUTER,False
2024-04-05,yellow,OUTER,3460.0,8.02493774043037,0.07904699367412545,1.5697766841450047,13.211337303227989,OUTER,False
2024-04-06,yellow,OUTER,3737.0,8.04425452616523,0.12019731349501703,1.5123790876390215,19.935498924323557,OUTER,False
2024-04-07,yellow,OUTER,3734.0,8.139855656316257,0.1307896310985324,0.6528015032100559,8.913049597397338,OUTER,False
2024-04-08,yellow,OUTER,2939.0,7.930486651802925,0.06556245670528298,0.8440503513275708,5.689780120937837,OUTER,False
2024-04-09,yellow,OUTER,3354.0,7.902730826148648,0.04930202164389789,4.364488697617919,24.00827561671781,OUTER,True
2024-04-10,yellow,OUTER,3565.0,7.9136242875816905,0.04639754775907776,5.717867820175917,30.38156036567774,OUTER,True
2024-04-11,yellow,OUTER,3459.0,7.984601437050548,0.04637011129291314,3.5396372212655356,17.83714662383091,OUTER,True
2024-04-12,yellow,OUTER,3394.0,8.060223442320371,0.11490044544084471,0.605228319237478,7.201601668425428,OUTER,False
2024-04-13,yellow,OUTER,3365.0,8.105472402460641,0.16017059133011452,0.09808816642130351,1.583490372451024,OUTER,False
2024-04-14,yellow,OUTER,3534.0,8.247496135817325,0.1215199556634014,-0.6361957796612928,-7.439757477211096,OUTER,False
2024-04-15,yellow,OUTER,3037.0,7.947316024216592,0.053806667138129746,1.325290054596682,7.391348713800805,OUTER,False
2024-04-16,yellow,OUTER,2748.0,7.9661224971051094,0.12958532792101723,-0.3665063362097387,-4.638365619710038,OUTER,False
2024-04-17,yellow,OUTER,2700.0,8.019276808963157,0.18351294319608208,-0.6444763781286376,-11.154364700866658,OUTER,False
2024-04-18,yellow,OUTER,2868.0,8.021767134168648,0.09580093337689463,-0.6304420042707428,-5.860920913836331,OUTER,False
2024-04-19,yellow,OUTER,2954.0,8.105465111759802,0.06707529911089888,-1.7077769340854665,-10.823233775801299,OUTER,False
2024-04-20,yellow,OUTER,3708.0,8.12532650343153,0.1365100009561214,0.6806931551050406,9.73755036842434,OUTER,False
2024-04-21,yellow,OUTER,3326.0,8.272566661184694,0.0864738647457831,-1.885436737575352,-15.044364532647613,OUTER,False
2024-04-22,yellow,OUTER,2595.0,7.983608123999494,0.056007251920282455,-2.1830445916812993,-11.508734025631885,OUTER,False
2024-04-23,yellow,OUTER,2429.0,7.972831637316517,0.06303111762933522,-2.817603669329343,-16.27199765194073,OUTER,False
2024-04-24,yellow,OUTER,2587.0,8.11112115509522,0.07921256951185256,-3.1922581790678217,-22.342882004226272,OUTER,False
2024-04-25,yellow,OUTER,2649.0,8.057208697229735,0.1067733666947421,-1.6415255356586578,-16.07706157851251,OUTER,False
2024-04-26,yellow,OUTER,2589.0,8.139394156922972,0.08314856829126939,-3.3718821975299433,-24.44937141398804,OUTER,False
2024-04-27,yellow,OUTER,2358.0,8.164973643949248,0.08815610671032527,-4.530651111491868,-32.928070165482346,OUTER,True
2024-04-28,yellow,OUTER,3119.0,8.293395212012694,0.12368446411422969,-2.0061330837455116,-21.9739542686758,OUTER,False
2024-04-29,yellow,OUTER,2840.0,7.9866745731338415,0.056007251920282455,-0.6269766998846942,-3.450585560942143,OUTER,False
2024-04-30,yellow,OUTER,2649.0,7.977048224964224,0.1068355983527117,-0.8902532223215675,-9.072775999775473,OUTER,False
2024-05-01,yellow,OUTER,2802.0,8.11112115509522,0.0553350884696563,-3.1269928897493617,-15.888966129046056,OUTER,False
2024-05-02,yellow,OUTER,2877.0,8.076670100204321,0.0814689079170653,-1.3768042253243225,-10.610480001954858,OUTER,False
2024-05-03,yellow,OUTER,3170.0,8.151905720410145,0.03664642690381491,-2.4673306834562174,-8.645153788188987,OUTER,False
2024-05-04,yellow,OUTER,3234.0,8.213505986252706,0.14730465679796176,-0.8963120989225956,-12.368612385079757,OUTER,False
2024-05-05,yellow,OUTER,4093.0,8.283561146808928,0.2097895372060344,0.15955194967898575,3.4038831148663684,OUTER,False
2024-05-06,yellow,OUTER,2926.0,8.003074972447259,0.061581052520510784,-0.3521114040713522,-2.1449996121057024,OUTER,False
2024-05-07,yellow,OUTER,2813.0,8.009086494999513,0.14772647826603003,-0.45408031990621067,-6.487931813552795,OUTER,False
2024-05-08,yellow,OUTER,3296.0,8.11081766494933,0.13688809460270918,-0.07562946909308846,-1.0299368413317356,OUTER,False
2024-05-09,yellow,OUTER,3099.0,8.07977088533596,0.16947627135613358,-0.24154489133284063,-4.010956145442968,OUTER,False
2024-05-10,yellow,OUTER,3480.0,8.147421852299619,0.11139332036251856,0.06612353815228414,0.7392914113840243,OUTER,False
2024-05-11,yellow,OUTER,3673.0,8.169715584382287,0.2295815816187216,0.1700853403049985,3.9820873643316768,OUTER,False
2024-05-12,yellow,OUTER,4196.0,8.354558428432899,0.24918710188303447,-0.05085118299044096,-1.2591514010304339,OUTER,False
2024-05-13,yellow,OUTER,3256.0,8.003074972447259,0.061581052520510784,1.3832136864955573,8.891278627130461,OUTER,False
2024-05-14,yellow,OUTER,3193.0,7.930317730916048,0.054476357613578365,2.540523409814699,14.84330658220232,OUTER,False
2024-05-15,yellow,OUTER,3452.0,8.018973318817268,0.1388187700481822,0.9201618292808288,13.625268936660406,OUTER,False
2024-05-16,yellow,OUTER,3616.0,8.001669060669649,0.11579376525027464,1.6534107896795,21.100992572541987,OUTER,False
2024-05-17,yellow,OUTER,3684.0,8.108137219819923,0.1090930320071858,0.9498056443096048,10.917575625403874,OUTER,False
2024-05-18,yellow,OUTER,4408.0,8.213505986252706,0.1767403468974005,1.0052620564515733,19.443152939569796,OUTER,False
2024-05-19,yellow,OUTER,4412.0,8.397537415478256,0.2941543547879087,-0.018541405272737774,-0.5439188858313626,OUTER,False
2024-05-20,yellow,OUTER,3086.0,7.984458030714418,0.13251866829680012,0.3786108240713491,5.145298433068346,OUTER,False
2024-05-21,yellow,OUTER,2851.0,7.92940714971373,0.13403475827792882,0.19411337427111577,2.6359360373046092,OUTER,False
2024-05-22,yellow,OUTER,3367.0,8.018973318817268,0.15730058962239832,0.653551907151699,10.827427725879279,OUTER,False
2024-05-23,yellow,OUTER,3235.0,8.001669060669649,0.14516142120079376,0.5519038433395745,8.341181131685072,OUTER,False
2024-05-24,yellow,OUTER,3566.0,8.108137219819923,0.13322575621038518,0.5333997015632902,7.364841118401411,OUTER,False
2024-05-25,yellow,OUTER,3318.0,8.224046736860732,0.23764803770774023,-0.49202706337571916,-11.035188079021797,OUTER,False
2024-05-26,yellow,OUTER,4946.0,8.36698517494479,0.3023912033643484,0.46082449352427013,14.952552828229804,OUTER,False
2024-05-27,yellow,OUTER,2944.0,8.061442880022769,0.09787758876492504,-0.755212721387466,-7.125252361820733,OUTER,False
2024-05-28,yellow,OUTER,3174.0,7.948715948701264,0.09093444213715556,1.2540017808994348,12.078793615976213,OUTER,False
2024-05-29,yellow,OUTER,3294.0,8.11112115509522,0.11256065907021799,-0.10006377406343964,-1.1200051495638186,OUTER,False
2024-05-30,yellow,OUTER,3222.0,8.041249055090846,0.1301963788889421,0.28041109098138595,3.7183129004364046,OUTER,False
2024-05-31,yellow,OUTER,3516.0,8.108137219819923,0.1090930320071858,0.5219585333497236,5.859445140857944,OUTER,False
2024-06-01,yellow,OUTER,4802.0,8.16109534288166,0.11701745765000425,2.6978233866929973,37.120845352638376,OUTER,False
2024-06-02,yellow,OUTER,4690.0,8.36698517494479,0.22870618427713543,0.3769145411086826,9.002723971774774,OUTER,False
2024-06-03,yellow,OUTER,3546.0,8.011077756385937,0.08967843256600483,1.8120045767817667,17.6445648206051,OUTER,False
2024-06-04,yellow,OUTER,3369.0,7.948715948701264,0.12588627892767265,1.3794616552695274,18.96454180599374,OUTER,False
2024-06-05,yellow,OUTER,3742.0,8.100161400883474,0.057541781738212124,2.2108127713063297,13.566014334774778,OUTER,False
2024-06-06,yellow,OUTER,3941.0,8.041249055090846,0.10335350581293233,2.30220271903331,26.863398864251952,OUTER,False
2024-06-07,yellow,OUTER,4525.0,8.101628158218702,0.1090930320071858,2.8942700748708368,37.12801202594234,OUTER,False
2024-06-08,yellow,OUTER,5751.0,8.16109534288166,0.12508391373902286,3.965607359128745,64.21948805144172,OUTER,True
2024-06-09,yellow,OUTER,6272.0,8.36698517494479,0.22870618427713543,1.647814589170813,45.77080698314941,OUTER,False
2024-06-10,yellow,OUTER,3339.0,8.011077756385937,0.1155600636106894,0.8856769402838016,10.776988701635748,OUTER,False
2024-06-11,yellow,OUTER,2743.0,8.009086494999513,0.17016224012732423,-0.5423001248271204,-8.814929599920129,OUTER,False
2024-06-12,yellow,OUTER,2792.0,8.11081766494933,0.11301061356051292,-1.5600676388918353,-16.16370863501162,OUTER,False
2024-06-13,yellow,OUTER,2322.0,8.060710458065433,0.18588948796891164,-1.670488736079198,-26.69389522739459,OUTER,False
2024-06-14,yellow,OUTER,3078.0,8.106774001236975,0.15175922153525995,-0.4924820125068043,-7.201405040960851,OUTER,False
2024-06-15,yellow,OUTER,3787.0,8.110272055347021,0.38255310583714913,0.3373580571836036,13.775539822714823,OUTER,False
2024-06-16,yellow,OUTER,5970.0,8.347917897968403,0.22870618427713543,1.5154129282235367,41.42287201908357,OUTER,False
2024-06-17,yellow,OUTER,2723.0,8.062210104356213,0.12573600715677746,-1.2146131815051957,-14.163049327440058,OUTER,False
2024-06-18,yellow,OUTER,2678.0,8.009086494999513,0.15238440970523262,-0.762945297181563,-10.97571325868979,OUTER,False
2024-06-19,yellow,OUTER,1930.0,8.11081766494933,0.10154084745192342,-5.372639649365708,-42.04726277420215,OUTER,True
2024-06-20,yellow,OUTER,2814.0,8.020326879115796,0.11557155380336333,-0.6746006164640881,-7.500286746942386,OUTER,False
2024-06-21,yellow,OUTER,2946.0,8.040252029033853,0.11715894131322387,-0.44425488509772615,-5.071710995011214,OUTER,False
2024-06-22,yellow,OUTER,3199.0,8.110272055347021,0.26998898186843173,-0.14696346170466507,-3.890163218150333,OUTER,False
2024-06-23,yellow,OUTER,3069.0,8.378470138501868,0.2552966119709905,-1.3684595388278402,-29.48629401158851,OUTER,False
2024-06-24,yellow,OUTER,3261.0,7.983602891118254,0.12806946676111589,0.8291303724183586,11.202901117148567,OUTER,False
2024-06-25,yellow,OUTER,3406.0,7.932772972875607,0.10613474290874061,1.889304885954668,22.203913835104515,OUTER,False
2024-06-26,yellow,OUTER,3399.0,7.927298331467749,0.18543186071728168,1.0998013903301165,22.622239292407365,OUTER,False
2024-06-27,yellow,OUTER,3114.0,7.934121277205947,0.10227228775763499,1.0710826714621804,11.576701605448925,OUTER,False
2024-06-28,yellow,OUTER,3129.0,8.013487849935387,0.09911125650800907,0.35294571944679615,3.55999221624943,OUTER,False
2024-06-29,yellow,OUTER,3339.0,8.05196377791479,0.27792042933112965,0.22115273129358418,6.33910036110632,OUTER,False
2024-06-30,yellow,OUTER,3633.0,8.259244124472858,0.3898653319543796,-0.1575674655238213,-5.9581314005635155,OUTER,False
2024-07-01,yellow,OUTER,2885.0,8.03473523908853,0.1957669473228398,-0.3445681769511847,-6.5230271913088504,OUTER,False
2024-07-02,yellow,OUTER,2527.0,7.932772972875607,0.14670530149007346,-0.6679026898972881,-9.333737445299683,OUTER,False
2024-07-03,yellow,OUTER,2565.0,7.927298331467749,0.26512646289818154,-0.2926323272855424,-7.465123923205352,OUTER,False
2024-07-04,yellow,OUTER,2768.0,7.919085307378759,0.12082749973822737,0.056237275235542845,0.6818147813877351,OUTER,False
2024-07-05,yellow,OUTER,3002.0,8.011819513385866,0.04467455320890729,-0.10711917296811599,-0.47740689252729895,OUTER,False
2024-07-06,yellow,OUTER,2085.0,8.075724979795252,0.15270439893171123,-2.836858981096385,-35.1569755611473,OUTER,False
2024-07-07,yellow,OUTER,2826.0,8.206274932801753,0.31133320838279965,-0.8340175816966433,-22.868418318602057,OUTER,False
2024-07-08,yellow,OUTER,2657.0,7.984620875860803,0.1336561550935642,-0.7457040046619483,-9.486206280008947,OUTER,False
2024-07-09,yellow,OUTER,2664.0,7.90481650859436,0.0844713925464612,-0.20400370367519918,-1.7084847029454564,OUTER,False
2024-07-10,yellow,OUTER,2652.0,7.927298331467749,0.1780323578824981,-0.24843225517007847,-4.326514091360833,OUTER,False
2024-07-11,yellow,OUTER,2686.0,7.892453648244549,0.10750993435666961,0.031203896260454084,0.33603622391731314,OUTER,False
2024-07-12,yellow,OUTER,2711.0,8.005365675643887,0.032492452091012744,-3.086649966099717,-9.542750322738659,OUTER,False
2024-07-13,yellow,OUTER,2631.0,8.05196377791479,0.13209751032395742,-1.338742088634379,-16.20899279722343,OUTER,False
2024-07-14,yellow,OUTER,4039.0,8.08732834320166,0.18627072588683238,1.161879148381261,24.162880783178032,OUTER,False
2024-07-15,yellow,OUTER,3643.0,7.93838483580798,0.06854955298231505,3.8246487364873434,29.975782831240892,OUTER,True
2024-07-16,yellow,OUTER,3247.0,7.88457197435859,0.08295970720674478,2.4218359069608772,22.252060587248867,OUTER,False
2024-07-17,yellow,OUTER,3369.0,7.866391554455312,0.09295073007142751,2.7539287615550156,29.172649135350937,OUTER,False
2024-07-18,yellow,OUTER,2972.0,7.877417678417361,0.06811359068833067,1.7554900015097064,12.701520599528848,OUTER,False
2024-07-19,yellow,OUTER,3041.0,7.947559542850581,0.07777347624856454,0.9306790478986668,7.5066096522588,OUTER,False
2024-07-20,yellow,OUTER,3082.0,7.933436780635609,0.15283651559210681,0.653621517458959,10.50573512918449,OUTER,False
2024-07-21,yellow,OUTER,3695.0,8.059448115204528,0.14567261890471842,1.0660048494037522,16.799396586097835,OUTER,False
2024-07-22,yellow,OUTER,2921.0,7.935807510513648,0.07754554239944435,0.565780965823864,4.48504779459733,OUTER,False
2024-07-23,yellow,OUTER,2832.0,7.858767249389233,0.0482877646993337,1.8632298675365848,9.41427778746544,OUTER,False
2024-07-24,yellow,OUTER,2752.0,7.866391554455312,0.09649657622556398,0.5564098406187623,5.51591879503881,OUTER,False
2024-07-25,yellow,OUTER,2589.0,7.885273751127497,0.06811359068833067,-0.38533824323044735,-2.590531873778945,OUTER,False
2024-07-26,yellow,OUTER,2694.0,7.962435030340691,0.08367922089231097,-0.7606747851094152,-6.16691497691817,OUTER,False
2024-07-27,yellow,OUTER,2603.0,7.9842817778484845,0.15251294084469352,-0.7859128031369907,-11.295704703290276,OUTER,False
2024-07-28,yellow,OUTER,2874.0,8.16068932024909,0.09262295727367909,-2.1293776339634074,-17.89976060265277,OUTER,False
2024-07-29,yellow,OUTER,2369.0,7.973480740664971,0.10718230490839237,-1.8963721360527488,-18.393195295323693,OUTER,False
2024-07-30,yellow,OUTER,2268.0,7.88457197435859,0.08295970720674478,-1.9035543256848433,-14.608046377616068,OUTER,False
2024-07-31,yellow,OUTER,2356.0,7.901576275179494,0.08942396506874538,-1.5304144733775509,-12.790396600423836,OUTER,False
2024-08-01,yellow,OUTER,2525.0,7.885273751127497,0.05993847829644144,-0.8555006879626005,-4.99849091591037,OUTER,False
2024-08-02,yellow,OUTER,2992.0,7.914044105132801,0.0662622074704729,1.3530070515914694,9.379492700130655,OUTER,False
2024-08-03,yellow,OUTER,3232.0,7.933436780635609,0.12521603039941845,1.1773224125947175,15.884015554031139,OUTER,False
2024-08-04,yellow,OUTER,2861.0,8.16068932024909,0.15861094964453556,-1.2720611512077404,-18.271125638200992,OUTER,False
2024-08-05,yellow,OUTER,2950.0,7.942008072236418,0.16963908796305585,0.280314977334723,4.8701127603981265,OUTER,False
2024-08-06,yellow,OUTER,2648.0,7.918161243236945,0.19499306618940718,-0.18770578305842384,-3.5939595610954833,OUTER,False
2024-08-07,yellow,OUTER,2802.0,7.901576275179494,0.17088104871887483,0.21367174412375425,3.7187218699543,OUTER,False
2024-08-08,yellow,OUTER,2455.0,7.885273751127497,0.06784877481129249,-1.1701274064224123,-7.632196118241541,OUTER,False
2024-08-09,yellow,OUTER,2540.0,7.962435030340691,0.08515226974186979,-1.438783378288118,-11.530795857970322,OUTER,False
2024-08-10,yellow,OUTER,2794.0,8.057095217760523,0.22789573371250144,-0.5347431299321884,-11.473272856284577,OUTER,False
2024-08-11,yellow,OUTER,3448.0,8.19528242104845,0.25225871825768886,-0.1971499324517388,-4.851636282281813,OUTER,False
2024-08-12,yellow,OUTER,2709.0,8.057003652524855,0.18653684074129492,-0.8184378476286838,-14.158602751558114,OUTER,False
2024-08-13,yellow,OUTER,2496.0,8.017112613458227,0.23501701564031843,-0.8283139986205847,-17.689201997831272,OUTER,False
2024-08-14,yellow,OUTER,2522.0,8.021698121201052,0.23380336201137,-0.8079037146908147,-17.212293237893796,OUTER,False
2024-08-15,yellow,OUTER,2553.0,7.93586476550473,0.17187125680661394,-0.5285371734114823,-8.683651260107661,OUTER,False
2024-08-16,yellow,OUTER,2716.0,8.011819513385866,0.21122402774646784,-0.4966481599015596,-9.958906435744264,OUTER,False
2024-08-17,yellow,OUTER,2784.0,8.092779944006047,0.2860754115446204,-0.5632637970586406,-14.882363081999772,OUTER,False
2024-08-18,yellow,OUTER,3261.0,8.19528242104845,0.3470605607489168,-0.303962066538154,-10.011944871380907,OUTER,False
2024-08-19,yellow,OUTER,2692.0,8.057003652524855,0.17422601255700917,-0.9124008489158387,-14.697289998964358,OUTER,False
2024-08-20,yellow,OUTER,2530.0,8.036296358959762,0.23280500571688978,-0.8604702318205445,-18.153265346118207,OUTER,False
2024-08-21,yellow,OUTER,2460.0,8.021698121201052,0.3001792698244662,-0.7121793999953921,-19.247518384305586,OUTER,False
2024-08-22,yellow,OUTER,2630.0,8.032395852492996,0.2961543897462372,-0.5323464138292039,-14.585706441662227,OUTER,False
2024-08-23,yellow,OUTER,2755.0,8.14523528511281,0.3479700331406273,-0.6439133896200857,-20.073487203935734,OUTER,False
2024-08-24,yellow,OUTER,3310.0,8.269149803325725,0.4885981397932374,-0.33656766483844247,-15.163671682316204,OUTER,False
2024-08-25,yellow,OUTER,3554.0,8.346053715914863,0.4496383921745076,-0.3785813448380989,-15.65247396643904,OUTER,False
2024-08-26,yellow,OUTER,3376.0,8.051044106406252,0.2072829548004813,0.3541185978376694,7.616387390298551,OUTER,False
2024-08-27,yellow,OUTER,3483.0,7.945627637399911,0.2234348872699818,0.9399679500915051,23.370474836105547,OUTER,False
2024-08-28,yellow,OUTER,3781.0,8.000418313991652,0.2669513833009947,0.8890213902045593,26.78537242030219,OUTER,False
2024-08-29,yellow,OUTER,3991.0,7.878527022076039,0.08686231839923597,4.757760218570557,51.175326961871704,OUTER,True
2024-08-30,yellow,OUTER,4396.0,8.002023417209525,0.19067124502007782,2.0266658366514356,47.17128084463545,OUTER,False
2024-08-31,yellow,OUTER,4757.0,8.248620027593894,0.3871169766645833,0.5650810530790147,24.45231802889034,OUTER,False
2024-09-01,yellow,OUTER,5981.0,8.285201243291462,0.33860258116158254,1.2142311861376374,50.853927300554716,OUTER,False
2024-09-02,yellow,OUTER,5448.0,8.107859757882212,0.0988267507541929,5.01022330662966,64.07346353923478,OUTER,True
2024-09-03,yellow,OUTER,4507.0,7.969590940528606,0.20812929302708266,2.1323095644412384,55.861262429765816,OUTER,False
2024-09-04,yellow,OUTER,3892.0,8.000418313991652,0.20200424924408525,1.3180917248553368,30.507450267076507,OUTER,False
2024-09-05,yellow,OUTER,4055.0,7.878527022076039,0.2964330343948255,1.447810785831114,53.59958677784764,OUTER,False
2024-09-06,yellow,OUTER,4237.0,7.960761108455849,0.31841215372316706,1.2274959909681118,47.82362323116453,OUTER,False
2024-09-07,yellow,OUTER,4710.0,8.303906772876658,0.3629671165560085,0.42300364724668815,16.595024341727726,OUTER,False
2024-09-08,yellow,OUTER,5149.0,8.285201243291462,0.24838270525012887,1.052233312667583,29.869063981032706,OUTER,False
2024-09-09,yellow,OUTER,3516.0,8.107859757882212,0.2072829548004813,0.27604537468087087,5.888821182810111,OUTER,False
2024-09-10,yellow,OUTER,3625.0,8.002669481015097,0.20323819680974803,0.9493298469592798,21.281012736823968,OUTER,False
2024-09-11,yellow,OUTER,3312.0,8.010137651658564,0.28136127332595817,0.3382479142263867,9.984566327469292,OUTER,False
2024-09-12,yellow,OUTER,3662.0,7.962346462076773,0.287979277354348,0.8452631223814245,27.560204989584356,OUTER,False
2024-09-13,yellow,OUTER,3971.0,8.079575993009342,0.32965259768203165,0.6285320958452207,23.022519515969453,OUTER,False
2024-09-14,yellow,OUTER,5649.0,8.335863182005843,0.18761511249424373,1.616984001375301,35.44163659677542,OUTER,False
2024-09-15,yellow,OUTER,6156.0,8.351509499127044,0.27691001179248287,1.349438373184416,45.30619154560591,OUTER,False
2024-09-16,yellow,OUTER,3583.0,8.107859757882212,0.16853268955187853,0.4515204713404778,7.906611575087719,OUTER,False
2024-09-17,yellow,OUTER,3374.0,8.03826533608013,0.16765444438943444,0.5105079518618326,8.935843044209314,OUTER,False
2024-09-18,yellow,OUTER,3820.0,8.070563002356437,0.19777225098793608,0.8972072591468223,19.415962969263735,OUTER,False
2024-09-19,yellow,OUTER,3765.0,8.105148684065547,0.2885181879801995,0.444874747990777,13.695593232586067,OUTER,False
2024-09-20,yellow,OUTER,4343.0,8.206275417011252,0.2427833350761655,0.7003990429171109,18.535844671147128,OUTER,False
2024-09-21,yellow,OUTER,5401.0,8.400069050801413,0.13949984977059354,1.392620494652539,21.44245580057116,OUTER,False
2024-09-22,yellow,OUTER,5428.0,8.421850969185218,0.27482125301407356,0.645783576863513,19.41982643972995,OUTER,False
2024-09-23,yellow,OUTER,3336.0,8.137745900700436,0.059870327268709105,-0.42121261687138156,-2.4902816163458352,OUTER,False
2024-09-24,yellow,OUTER,3010.0,8.121030656255847,0.09546035365359794,-1.1662988272276187,-10.536127240148009,OUTER,False
2024-09-25,yellow,OUTER,3174.0,8.111906291546124,0.19417384057460535,-0.25316690607910214,-4.796967476510261,OUTER,False
2024-09-26,yellow,OUTER,2650.0,8.200411208064766,0.09227541475126325,-3.447248543308699,-27.246726841887103,OUTER,False
2024-09-27,yellow,OUTER,2982.0,8.30104750325441,0.09328250601254492,-3.2235198300663814,-25.969869588388438,OUTER,False
2024-09-28,yellow,OUTER,4414.0,8.462407841721372,0.22888196030662117,-0.3052720048844715,-6.748613123515668,OUTER,False
2024-09-29,yellow,OUTER,4423.0,8.57294191050045,0.19749986316525195,-0.9031319301871038,-16.33658766138566,OUTER,False
2024-09-30,yellow,OUTER,3305.0,8.158062102245047,0.062406076400335436,-0.879246911907539,-5.33921322533838,OUTER,False
2024-10-01,yellow,OUTER,2778.0,8.117013375308556,0.09546035365359794,-1.9644474885852088,-17.09931426058531,OUTER,False
2024-10-02,yellow,OUTER,2743.0,8.111906291546124,0.10622077447262113,-1.836729223423316,-17.724663449296663,OUTER,False
2024-10-03,yellow,OUTER,1545.0,8.200411208064766,0.10406865378179118,-8.241021552283978,-57.58346904555307,OUTER,True
2024-10-04,yellow,OUTER,2105.0,8.30104750325441,0.09328250601254492,-6.957111090590247,-47.74197702332587,OUTER,True
2024-10-05,yellow,OUTER,3697.0,8.432522350898303,0.20637465649321177,-1.0526747598429858,-19.526752980583538,OUTER,False
2024-10-06,yellow,OUTER,3544.0,8.497843130274124,0.2085984069282705,-1.5572114060336504,-27.735112044039855,OUTER,False
2024-10-07,yellow,OUTER,2708.0,8.13178635458183,0.06335317848733786,-3.596042471573835,-20.373299864991658,OUTER,True
2024-10-08,yellow,OUTER,2968.0,8.09132750781433,0.08462599654558556,-1.1306679676796179,-9.124877626974826,OUTER,False
2024-10-09,yellow,OUTER,2857.0,8.091842809565835,0.10622077447262113,-1.2644928263979287,-12.568574401989597,OUTER,False
2024-10-10,yellow,OUTER,3110.0,8.181488526926447,0.2011963481957616,-0.6914167329608516,-12.986814535436197,OUTER,False
2024-10-11,yellow,OUTER,3494.0,8.270260787229876,0.16999635052286224,-0.6556511136448442,-10.547130442922859,OUTER,False
2024-10-12,yellow,OUTER,3941.0,8.400069050801413,0.20563796594449366,-0.5878256626941987,-11.385906626541242,OUTER,False
2024-10-13,yellow,OUTER,4058.0,8.493258179601932,0.20727388046140913,-0.8916350618069374,-16.874000183452953,OUTER,False
2024-10-14,yellow,OUTER,2801.0,8.107859757882212,0.12227640366904455,-1.3913394368595766,-15.644315092988926,OUTER,False
2024-10-15,yellow,OUTER,3187.0,8.062757529477125,0.09504256138225965,0.04290483001410678,0.4086110417876432,OUTER,False
2024-10-16,yellow,OUTER,3224.0,8.090626484336726,0.1739139949015157,-0.07042780379544554,-1.217367461582508,OUTER,False
2024-10-17,yellow,OUTER,3526.0,8.093383435360451,0.2095271718276326,0.35573394585157714,7.738405064730314,OUTER,False
2024-10-18,yellow,OUTER,3842.0,8.237062133035785,0.21966020744260262,0.0759637372967367,1.6826202663134726,OUTER,False
2024-10-19,yellow,OUTER,4481.0,8.35685744715348,0.16252865965536756,0.31221612077686384,5.205360425528105,OUTER,False
2024-10-20,yellow,OUTER,4671.0,8.465980688285043,0.2252058053170872,-0.07483034355712087,-1.6711023308318862,OUTER,False
2024-10-21,yellow,OUTER,3467.0,8.036274747151065,0.1659476672224155,0.6916047718835088,12.161565903134974,OUTER,False
2024-10-22,yellow,OUTER,3355.0,8.03826533608013,0.13812878477507415,0.5787476770741732,8.322392831452973,OUTER,False
2024-10-23,yellow,OUTER,3356.0,8.070563002356437,0.1730056903469256,0.2771126495002756,4.910987362526065,OUTER,False
2024-10-24,yellow,OUTER,3623.0,8.093383435360451,0.2621215257975049,0.38788975924537866,10.702280643652129,OUTER,False
2024-10-25,yellow,OUTER,4086.0,8.206275417011252,0.29190296009920497,0.37357058088501544,11.521404864450124,OUTER,False
2024-10-26,yellow,OUTER,5941.0,8.35685744715348,0.09519162107631075,3.4958465612797003,39.48338457667104,OUTER,False
2024-10-27,yellow,OUTER,6097.0,8.392420987855449,0.11614619346017012,2.782107001751881,38.14464992310107,OUTER,False
2024-10-28,yellow,OUTER,3629.0,7.993497450962412,0.12755688838539245,1.593131965062343,22.53358335370519,OUTER,False
2024-10-29,yellow,OUTER,3347.0,8.06226475461646,0.13648585012158207,0.3923846065153249,5.5014959654573925,OUTER,False
2024-10-30,yellow,OUTER,3663.0,8.090936191003745,0.14863031678709587,0.7744151682051877,12.198739403567771,OUTER,False
2024-10-31,yellow,OUTER,4451.0,8.156154114252718,0.23653056852830068,1.0346652286250009,27.727634423544913,OUTER,False
2024-11-01,yellow,OUTER,4816.0,8.206275417011252,0.22008613980990202,1.2423479743593706,31.445689140281896,OUTER,False
2024-11-02,yellow,OUTER,4054.0,8.364389911138211,0.2003134527343563,-0.2842074925529989,-5.534035853498076,OUTER,False
2024-11-03,yellow,OUTER,4104.0,8.41969847917234,0.27011236392589105,-0.37014630085265204,-9.514547342751623,OUTER,False
2024-11-04,yellow,OUTER,2727.0,8.016647387232908,0.14203112680314592,-0.7441326895463174,-10.029649100863825,OUTER,False
2024-11-05,yellow,OUTER,2716.0,8.09132750781433,0.04485817910771168,-4.111000999236747,-16.84068990392977,OUTER,True
2024-11-06,yellow,OUTER,2897.0,8.110999672984033,0.11888419840312209,-1.1739884449691238,-13.026670796715,OUTER,False
2024-11-07,yellow,OUTER,2838.0,8.181488526926447,0.130624608755746,-1.7656218947053035,-20.5969709490572,OUTER,False
2024-11-08,yellow,OUTER,3453.0,8.284535059353034,0.17444175463192943,-0.7884371620386539,-12.849734012650515,OUTER,False
2024-11-09,yellow,OUTER,4110.0,8.357530420899044,0.15897863378176502,-0.22866037117079385,-3.569930950595468,OUTER,False
2024-11-10,yellow,OUTER,5102.0,8.354992942346588,0.10666686606735336,1.7099495192818248,20.008808270603453,OUTER,False
2024-11-11,yellow,OUTER,2891.0,8.016647387232908,0.13684814340775545,-0.34556292865192134,-4.618890924311502,OUTER,False
2024-11-12,yellow,OUTER,3568.0,8.065735895095779,0.043088437891162054,2.6462922348714177,12.077969416107281,OUTER,False
2024-11-13,yellow,OUTER,3608.0,8.110999672984033,0.1298351017880699,0.6154669045426353,8.31887185552369,OUTER,False
2024-11-14,yellow,OUTER,3444.0,8.246425158637969,0.1733277197570933,-0.5886899869988679,-9.70032214695048,OUTER,False
2024-11-15,yellow,OUTER,4421.0,8.284535059353034,0.18319190660819173,0.5982040173182386,11.581617703466996,OUTER,False
2024-11-16,yellow,OUTER,6488.0,8.364389911138211,0.15897863378176502,2.5998442358261498,51.182825698693705,OUTER,False
2024-11-17,yellow,OUTER,6892.0,8.399715472522551,0.12933959898672176,3.3895352124160842,55.022661756555905,OUTER,False
2024-11-18,yellow,OUTER,4680.0,8.016647387232908,0.08882103656556709,4.8908008561475045,54.404562599177495,OUTER,True
2024-11-19,yellow,OUTER,4028.0,8.072127252582032,0.043088437891162054,5.312283583698247,25.72137982419216,OUTER,True
2024-11-20,yellow,OUTER,3610.0,8.154706974384805,0.07601548498412265,0.4835340713776897,3.7439934451433565,OUTER,False
2024-11-21,yellow,OUTER,4644.0,8.181062934618158,0.11371820790568009,2.30630092603248,29.987539282405763,OUTER,False
2024-11-22,yellow,OUTER,5047.0,8.293946191901234,0.1485194578540166,1.566145593311144,26.188053251891198,OUTER,False
2024-11-23,yellow,OUTER,4844.0,8.348519161394936,0.17637196459207735,0.7766367154488201,14.680170672748115,OUTER,False
2024-11-24,yellow,OUTER,4404.0,8.36443991702657,0.1970668391013496,0.13106507890309618,2.6165029023966335,OUTER,False
2024-11-25,yellow,OUTER,3034.0,8.05241664669745,0.10457481705764832,-0.3325799438864852,-3.418163151298159,OUTER,False
2024-11-26,yellow,OUTER,3158.0,8.084243409275915,0.03794212501652624,-0.6997292441781788,-2.6199882391042317,OUTER,False
2024-11-27,yellow,OUTER,3306.0,8.193674221320862,0.017722812504544345,-5.088353945897084,-8.623325539769644,OUTER,True
2024-11-28,yellow,OUTER,5305.0,8.164506988904964,0.2571849679083053,1.6015635186344745,50.968053488638645,OUTER,False
2024-11-29,yellow,OUTER,2625.0,8.333345901125572,0.19963411514552246,-2.3067686891299175,-36.903805424725014,OUTER,False
2024-11-30,yellow,OUTER,2571.0,8.348519161394936,0.15897863378176502,-3.122865899140671,-39.1323867052776,OUTER,False
2024-12-01,yellow,OUTER,3151.0,8.354992942346588,0.10201331190497465,-2.9360658427432926,-25.882447106885344,OUTER,False
2024-12-02,yellow,OUTER,3028.0,8.01598644860395,0.12426413323643291,-0.0026462506762537194,-0.0328779986621619,OUTER,False
2024-12-03,yellow,OUTER,3180.0,8.072127252582032,0.09219902270739949,-0.08124572894424698,-0.7462790861641921,OUTER,False
2024-12-04,yellow,OUTER,3030.0,8.193674221320862,0.07540811092310615,-2.3519528688140428,-16.251868235179078,OUTER,False
2024-12-05,yellow,OUTER,3523.0,8.153167332508156,0.36507281840299455,0.038076912693446784,1.3997911835537336,OUTER,False
2024-12-06,yellow,OUTER,3679.0,8.209784652907448,0.3714663005468477,0.0016464540563317928,0.06117892640846723,OUTER,False
2024-12-07,yellow,OUTER,3909.0,8.348519161394936,0.4370932078832804,-0.1772672148743899,-7.455659132995008,OUTER,False
2024-12-08,yellow,OUTER,4045.0,8.330908436299044,0.3572419267229455,-0.0718605653091794,-2.5344892836670074,OUTER,False
2024-12-09,yellow,OUTER,3024.0,8.016647387232908,0.12328422562514044,-0.01875057349601629,-0.23089801283906475,OUTER,False
2024-12-10,yellow,OUTER,3180.0,8.072127252582032,0.09219902270739949,-0.08124572894424698,-0.7462790861641921,OUTER,False
2024-12-11,yellow,OUTER,4511.0,8.191185966254722,0.07540811092310615,2.95841081844841,24.99307767161474,OUTER,False
2024-12-12,yellow,OUTER,4015.0,8.153167332508156,0.2977035828051103,0.4858030007901628,15.560647630419533,OUTER,False
2024-12-13,yellow,OUTER,4421.0,8.16474854637113,0.38642858443682415,0.5935706018989196,25.7810671632837,OUTER,False
2024-12-14,yellow,OUTER,4959.0,8.207422421282219,0.4695734437478784,0.6421508056337488,35.193508877474834,OUTER,False
2024-12-15,yellow,OUTER,4488.0,8.288392602124054,0.2481823148660311,0.4866174495296771,12.83651836792763,OUTER,False
2024-12-16,yellow,OUTER,3259.0,8.016647387232908,0.1266883338571654,0.5724938468795824,7.522322545025539,OUTER,False
2024-12-17,yellow,OUTER,3228.0,8.064636475774222,0.05413156261315296,0.2767618907047344,1.5094339622642616,OUTER,False
2024-12-18,yellow,OUTER,3660.0,8.184770257588267,0.16390082745493545,0.12475939947750728,2.0658664916082925,OUTER,False
2024-12-19,yellow,OUTER,3505.0,8.18913977006713,0.2977035828051103,-0.09134579551312212,-2.6827543628203054,OUTER,False
2024-12-20,yellow,OUTER,3915.0,8.16474854637113,0.38642858443682415,0.2790219626503889,11.384953165405133,OUTER,False
2024-12-21,yellow,OUTER,4341.0,8.207422421282219,0.42966537380545833,0.39202040538095373,18.34543699074791,OUTER,False
2024-12-22,yellow,OUTER,3911.0,8.306717946349519,0.2621883995265706,-0.13413854944577658,-3.4558309110069074,OUTER,False
2024-12-23,yellow,OUTER,3329.0,8.016647387232908,0.11093455336508419,0.8453619498830816,9.83179249843198,OUTER,False
2024-12-24,yellow,OUTER,3258.0,8.064636475774222,0.04727397439405762,0.5125931064263274,2.4528301886793225,OUTER,False
2024-12-25,yellow,OUTER,3626.0,8.19164794512251,0.174097686993203,0.024339474380563907,0.424643686207693,OUTER,False
2024-12-26,yellow,OUTER,2262.0,8.18913977006713,0.12824572624742558,-3.6269053714404063,-37.194975854122525,OUTER,True
2024-12-27,yellow,OUTER,2506.0,8.241483431764838,0.18674076706117643,-2.2225478819676074,-33.968632803477675,OUTER,False
2024-12-28,yellow,OUTER,2533.0,8.28229319042665,0.224745347020412,-1.980612930707509,-35.92612942001667,OUTER,False
2024-12-29,yellow,OUTER,2736.0,8.306717946349519,0.10201331190497465,-3.8472005297961434,-32.461046630660974,OUTER,True
2024-12-30,yellow,OUTER,2446.0,8.08978898771544,0.0702527215430098,-4.09350221816335,-24.99231953300366,OUTER,True
2024-12-31,yellow,OUTER,2776.0,8.084243409275915,0.03616814869880006,-4.298729496607549,-14.39933101702129,OUTER,True
2025-01-01,yellow,OUTER,4375.0,8.186981427582202,0.07904626161977457,2.488167905467538,21.73548768483551,OUTER,False
2025-01-02,yellow,OUTER,2287.0,8.18913977006713,0.12824572624742558,-3.5411985204728404,-36.50084428752353,OUTER,True
2025-01-03,yellow,OUTER,2332.0,8.300390050086818,0.13619529707422448,-4.008277189769065,-42.06847652158494,OUTER,True
2025-01-04,yellow,OUTER,1916.0,8.33470476517997,0.21240850854968463,-3.6566793484521973,-54.00832603530738,OUTER,True
2025-01-05,yellow,OUTER,1973.0,8.323371971597513,0.10201331190497465,-7.215347211357464,-52.10032495267385,OUTER,True
2025-01-06,yellow,OUTER,2134.0,8.0920850272622,0.07123262915430226,-5.9850605047441565,-34.71001923514624,OUTER,True
2025-01-07,yellow,OUTER,2309.0,8.101147714552823,0.08367746072566501,-4.26133754664666,-29.993206958582896,OUTER,True
2025-01-08,yellow,OUTER,3118.0,8.240297400615908,0.07904626161977325,-2.4713420596391615,-17.74535723939128,OUTER,False
2025-01-09,yellow,OUTER,3108.0,8.232349695069463,0.1316215982521672,-1.448204444507167,-17.35492759990287,OUTER,False
2025-01-10,yellow,OUTER,3358.0,8.349610086493444,0.17223924038338398,-1.3383085546758777,-20.58709098173005,OUTER,False
2025-01-11,yellow,OUTER,3442.0,8.411422655836168,0.29933413482073,-0.8940332823216335,-23.47974271244172,OUTER,False
2025-01-12,yellow,OUTER,4057.0,8.373853663595556,0.6638054333470074,-0.09890639198005505,-6.354574062505936,OUTER,False
2025-01-13,yellow,OUTER,3274.0,8.100414767084171,0.45290153805752187,-0.014676499403381288,-0.6624966653690167,OUTER,False
2025-01-14,yellow,OUTER,3339.0,8.133192306504032,0.2731898424569959,-0.0723513963133144,-1.9571606452099877,OUTER,False
2025-01-15,yellow,OUTER,3562.0,8.240297400615908,0.08322025913398519,-0.7476537253522156,-6.032380528130721,OUTER,False
2025-01-16,yellow,OUTER,3682.0,8.207716913907298,0.23459383541726916,0.014895736196602553,0.3500560586835677,OUTER,False
2025-01-17,yellow,OUTER,4139.0,8.32179064483153,0.28750577518316445,0.02232597558470597,0.6439491863686975,OUTER,False
2025-01-18,yellow,OUTER,4661.0,8.33470476517997,0.546880181691178,0.2053110259829753,11.882668240831107,OUTER,False
2025-01-19,yellow,OUTER,6699.0,8.323371971597513,0.7392819315775395,0.657856695987361,62.63554137964418,OUTER,False
2025-01-20,yellow,OUTER,6298.0,8.102097497753052,0.45290153805752187,1.4261155011266156,90.76839295048013,OUTER,False
2025-01-21,yellow,OUTER,4381.0,8.145471231894865,0.2731898424569959,0.8769032324353111,27.06912654805187,OUTER,False
2025-01-22,yellow,OUTER,3926.0,8.237283777142851,0.15657366500679645,0.24328866346650488,3.882742144823781,OUTER,False
2025-01-23,yellow,OUTER,3841.0,8.275356132399484,0.3669916915924753,-0.059587463570872586,-2.1630730517789187,OUTER,False
2025-01-24,yellow,OUTER,4320.0,8.416563826144678,0.3910657140618271,-0.11648462974005536,-4.453117707865262,OUTER,False
2025-01-25,yellow,OUTER,3998.0,8.572165513649047,0.5748866167486119,-0.48464512909427465,-24.316952860869023,OUTER,False
2025-01-26,yellow,OUTER,4182.0,8.831618050598903,0.3758677895510536,-1.3118260843773404,-38.92534212690249,OUTER,False
2025-01-27,yellow,OUTER,3263.0,8.476744364898641,0.3392894201804474,-1.1386799744591196,-32.04619625057189,OUTER,False
2025-01-28,yellow,OUTER,3560.0,8.341163329040407,0.2903189043988247,-0.5636818778067637,-15.095874823033562,OUTER,False
2025-01-29,yellow,OUTER,3542.0,8.331171980881312,0.2149449100282606,-0.7384457837018029,-14.676917345816797,OUTER,False
2025-01-30,yellow,OUTER,4186.0,8.305842744135841,0.3607959076222782,0.0932886381442576,3.4231003598670595,OUTER,False
2025-01-31,yellow,OUTER,4949.0,8.43796442088939,0.3910657140618271,0.17638057130109486,7.141091719067449,OUTER,False
2025-02-01,yellow,OUTER,6062.0,8.572165513649047,0.5748866167486119,0.23940293609041294,14.755035457081567,OUTER,False
2025-02-02,yellow,OUTER,7417.0,8.831618050598903,0.5346785725853156,0.14945781490973103,8.31916246885811,OUTER,False
2025-02-03,yellow,OUTER,4506.0,8.54431389762319,0.2391108309630302,-0.548485303249514,-12.291272540618358,OUTER,False
2025-02-04,yellow,OUTER,4013.0,8.400760387554252,0.2656453556186181,-0.3894892762058274,-9.829333534030216,OUTER,False
2025-02-05,yellow,OUTER,3939.0,8.37326281387562,0.2935557974627775,-0.32218968837332024,-9.024564084496244,OUTER,False
2025-02-06,yellow,OUTER,4265.0,8.438150312030551,0.28042123814366005,-0.2851169641573699,-7.684012959455588,OUTER,False
2025-02-07,yellow,OUTER,4939.0,8.576791036777504,0.35316698870254026,-0.20350961028641143,-6.935080408040061,OUTER,False
2025-02-08,yellow,OUTER,5987.0,8.814557227938318,0.46942554909708467,-0.24969134559977685,-11.060293155311173,OUTER,False
2025-02-09,yellow,OUTER,9135.0,8.882526251213049,0.3624746899635489,0.6547828694547646,26.787493265686678,OUTER,False
2025-02-10,yellow,OUTER,5117.0,8.597121166874045,0.18166269597814716,-0.31265394231397264,-5.521468582868727,OUTER,False
2025-02-11,yellow,OUTER,4521.0,8.458261391965479,0.23729463826513203,-0.17603813122907522,-4.0912439851680364,OUTER,False
2025-02-12,yellow,OUTER,4823.0,8.374915707942868,0.29600637820688036,0.3588966993537384,11.208397729384423,OUTER,False
2025-02-13,yellow,OUTER,5607.0,8.447498590490468,0.22839805144707076,0.8068041932306422,20.234342381378955,OUTER,False
2025-02-14,yellow,OUTER,8135.0,8.576791036777504,0.3214384669340302,1.3288390370630312,53.28672218679773,OUTER,False
2025-02-15,yellow,OUTER,8780.0,8.814557227938318,0.4123716198924677,0.6442598032331199,30.431038265636733,OUTER,False
2025-02-16,yellow,OUTER,8522.0,9.015699205274334,0.29200124699466384,0.11885952249429221,3.5316450007824463,OUTER,False
2025-02-17,yellow,OUTER,5786.0,8.597121166874045,0.18166269597814716,0.36372530037748374,6.830717760312854,OUTER,False
2025-02-18,yellow,OUTER,5072.0,8.479479742947555,0.23729463826513203,0.21918216757765177,5.3387069702179435,OUTER,False
2025-02-19,yellow,OUTER,4775.0,8.529531673259957,0.2910377631321386,-0.20060084202412812,-5.671085450837888,OUTER,False
2025-02-20,yellow,OUTER,5099.0,8.596681937418298,0.3255788963121586,-0.18392536199805967,-5.812453543112317,OUTER,False
2025-02-21,yellow,OUTER,5691.0,8.834827209650287,0.17083556697366817,-1.1015618959263305,-17.15393602148788,OUTER,False
2025-02-22,yellow,OUTER,7475.0,9.06993272059032,0.18213239191931546,-0.8269441846355049,-13.981975314701733,OUTER,False
2025-02-23,yellow,OUTER,6999.0,9.161743147513732,0.1588107830342619,-1.940803898421038,-26.524677674834063,OUTER,False
2025-02-24,yellow,OUTER,5158.0,8.654567316421439,0.19369899340431268,-0.548599288579379,-10.081198637969347,OUTER,False
2025-02-25,yellow,OUTER,5128.0,8.574445473975162,0.20894201232816187,-0.15303037918692095,-3.146869683765574,OUTER,False
2025-02-26,yellow,OUTER,5313.0,8.536633269001236,0.18707685373664001,0.22065080006005372,4.214246584983505,OUTER,False
2025-02-27,yellow,OUTER,5227.0,8.637886567201804,0.19454741483738322,-0.39216038184137725,-7.3456041379799775,OUTER,False
2025-02-28,yellow,OUTER,7304.0,8.834827209650287,0.16369684073653223,0.37477945419398967,6.327121999482177,OUTER,False
2025-03-01,yellow,OUTER,9787.0,9.06993272059032,0.20565813267265054,0.5780346796434205,12.623198340470099,OUTER,False
2025-03-02,yellow,OUTER,10558.0,9.161743147513732,0.1788976889079926,0.5751667251707718,10.837612960294706,OUTER,False
2025-03-03,yellow,OUTER,5687.0,8.677255518590467,0.19709924724608277,-0.1588913794509213,-3.083206181126452,OUTER,False
2025-03-04,yellow,OUTER,5527.0,8.605333531776635,0.16891044364404278,0.07143975112667832,1.2140019067188756,OUTER,False
2025-03-05,yellow,OUTER,6745.0,8.58501352219222,0.13322719315014803,1.737957852108204,26.054383944452542,OUTER,False
2025-03-06,yellow,OUTER,5676.0,8.631949412816006,0.1512377327974515,0.0796932434848673,1.2125551041267668,OUTER,False
2025-03-07,yellow,OUTER,6665.0,8.872041924365018,0.06597925776416134,-1.0217861497197447,-6.5194405611687545,OUTER,False
2025-03-08,yellow,OUTER,8601.0,9.102997041065024,0.13311123038351919,-0.3257673029436111,-4.243654301862609,OUTER,False
2025-03-09,yellow,OUTER,9933.0,9.202302926203886,0.12740540841614972,0.010320598064203119,0.13157648715154124,OUTER,False
2025-03-10,yellow,OUTER,5951.0,8.658856933907767,0.16982150559551182,0.1911278411015528,3.2990111757697393,OUTER,False
2025-03-11,yellow,OUTER,5815.0,8.588539127427827,0.12369102318807512,0.6439993418424341,8.291549627206575,OUTER,False
2025-03-12,yellow,OUTER,5389.0,8.656431078535071,0.07453727953177844,-0.8628697076897381,-6.229132627709621,OUTER,False
2025-03-13,yellow,OUTER,6617.0,8.638064883894135,0.09553965197768753,1.667710597848261,17.27278022708305,OUTER,False
2025-03-14,yellow,OUTER,7080.0,8.882801037277156,0.07002787514607997,-0.2537825194941034,-1.761486261730083,OUTER,False
2025-03-15,yellow,OUTER,9189.0,9.092216731271838,0.09575853861554841,0.35031512295447864,3.41146646970254,OUTER,False
2025-03-16,yellow,OUTER,10189.0,9.18957984632442,0.13136982265881378,0.300557151183882,4.027399964424561,OUTER,False
2025-03-17,yellow,OUTER,6645.0,8.658856933907767,0.0828106972094814,1.7239685457355782,15.34564430566121,OUTER,False
2025-03-18,yellow,OUTER,6249.0,8.589209561394764,0.07743443968974445,1.9496127193429273,16.29584758237459,OUTER,False
2025-03-19,yellow,OUTER,5833.0,8.623229073748483,0.07453727953177844,0.6447465390075704,4.923114490935565,OUTER,False
2025-03-20,yellow,OUTER,7472.0,8.638064883894135,0.09553965197768753,2.9396495612118745,32.42590507129599,OUTER,False
2025-03-21,yellow,OUTER,7234.0,8.839754093349239,0.05517453603605957,0.8480962872478318,4.790540473009064,OUTER,False
2025-03-22,yellow,OUTER,9865.0,9.1149820857077,0.08592268333813302,0.951626853030642,8.520220398524557,OUTER,False
2025-03-23,yellow,OUTER,10848.0,9.216340906094821,0.10829293580793446,0.6962144254642294,7.8310111460026866,OUTER,False
2025-03-24,yellow,OUTER,6993.0,8.672915966962154,0.10827817290095702,1.6600664374539262,19.691685228454947,OUTER,False
2025-03-25,yellow,OUTER,5993.0,8.642798258393015,0.12224040173310298,0.45442538864078696,5.712096490335172,OUTER,False
2025-03-26,yellow,OUTER,5735.0,8.640396397686708,0.06400845368576083,0.21788734258808823,1.4044339851091214,OUTER,False
2025-03-27,yellow,OUTER,6253.0,8.667238020918987,0.09491104117177754,0.7752375881657763,7.635314185946429,OUTER,False
2025-03-28,yellow,OUTER,7180.0,8.87280735489513,0.03869707927902487,0.1614413093580964,0.6266862271515405,OUTER,False
2025-03-29,yellow,OUTER,11207.0,9.1149820857077,0.06695906900624964,3.1259660483749063,23.282930563230163,OUTER,False
2025-03-30,yellow,OUTER,14138.0,9.246851565678924,0.0861347187594208,3.5963421662428647,36.31114548007961,OUTER,True
2025-03-31,yellow,OUTER,7112.0,8.672915966962154,0.06315690534941334,3.1132432652261475,21.7284806727831,OUTER,False
2025-04-01,yellow,OUTER,6788.0,8.65451090840714,0.06000597301565576,2.806399254671536,18.341072956546856,OUTER,False
2025-04-02,yellow,OUTER,5875.0,8.656431078535071,0.0582465545103981,0.37822426858494795,2.2274718523298986,OUTER,False
2025-04-03,yellow,OUTER,5609.0,8.731779750948348,0.07926229451756206,-1.2572437127458076,-9.4847663152969,OUTER,False
2025-04-04,yellow,OUTER,6682.0,8.875280004104026,0.015951460803536526,-4.269664203558284,-6.583984303555324,OUTER,True
2025-04-05,yellow,OUTER,8778.0,9.150652130967186,0.08192322869301323,-0.8623715379156282,-6.8210418508967035,OUTER,False
2025-04-06,yellow,OUTER,9658.0,9.309707437286797,0.13842521914522396,-0.9692278017097002,-12.55547300327413,OUTER,False
2025-04-07,yellow,OUTER,5736.0,8.763644838417195,0.14448976900326366,-0.7552607834487804,-10.33838690139578,OUTER,False
2025-04-08,yellow,OUTER,5217.0,8.684044995167355,0.07364888004148921,-1.688650147495817,-11.694446971004446,OUTER,False
2025-04-09,yellow,OUTER,5759.0,8.662814878158553,0.0582465545103981,-0.07375115469043177,-0.4286537112793143,OUTER,False
2025-04-10,yellow,OUTER,5946.0,8.750791625904627,0.12251438747060898,-0.49233093020241847,-5.8534544377402025,OUTER,False
2025-04-11,yellow,OUTER,7344.0,8.875280004104026,0.015951460803536526,1.652446037447332,2.6709397298247284,OUTER,False
2025-04-12,yellow,OUTER,8993.0,9.186145142445103,0.11856228021079517,-0.6911419583437379,-7.867586499890978,OUTER,False
2025-04-13,yellow,OUTER,9123.0,9.32870049669484,0.18739703800988694,-1.121397235415632,-18.953451241624986,OUTER,False
2025-04-14,yellow,OUTER,5322.0,8.827142449425606,0.1252801131244071,-1.9758762321850682,-21.92794454848673,OUTER,False
2025-04-15,yellow,OUTER,5224.0,8.719262065193634,0.13498025876136696,-1.1723447242542857,-14.635801485872534,OUTER,False
2025-04-16,yellow,OUTER,5194.0,8.674874032882999,0.03447353668461526,-3.4697525163899656,-11.273771434587776,OUTER,False
2025-04-17,yellow,OUTER,5403.0,8.750791625904627,0.132678999844093,-1.1763880662649642,-14.451095581417839,OUTER,False
2025-04-18,yellow,OUTER,6731.0,8.883566467807269,0.02233802740153794,-3.0928186520085643,-6.675495237981277,OUTER,False
2025-04-19,yellow,OUTER,9658.0,9.219245276786214,0.18361942668430395,-0.2380108202160211,-4.276217779666036,OUTER,False
2025-04-20,yellow,OUTER,11268.0,9.413625054405614,0.16497884039535315,-0.5085677969870996,-8.047948615980062,OUTER,False
2025-04-21,yellow,OUTER,6159.0,8.75359115499166,0.1723014628788486,-0.16204998401116408,-2.753524841635946,OUTER,False
2025-04-22,yellow,OUTER,5824.0,8.66958657615985,0.16195676165421238,0.0009633047430636482,0.015602588744556556,OUTER,False
2025-04-23,yellow,OUTER,5554.0,8.674788306350427,0.03447353668461526,-1.5233319100421276,-5.1159568631032215,OUTER,False
2025-04-24,yellow,OUTER,6141.0,8.750791625904627,0.132678999844093,-0.21140309776368538,-2.7659037507842044,OUTER,False
2025-04-25,yellow,OUTER,7191.0,8.875280004104026,0.08761484541577767,0.060555023218856995,0.531961818786808,OUTER,False
2025-04-26,yellow,OUTER,8836.0,9.208642000774601,0.18109217092419394,-0.6739796403770825,-11.489804412801119,OUTER,False
2025-04-27,yellow,OUTER,11245.0,9.501663610346768,0.05701438755550336,-3.051593701396472,-15.969028431572996,OUTER,False
2025-04-28,yellow,OUTER,5656.0,8.797604241440393,0.22504668022089386,-0.6982197369441392,-14.540878361208875,OUTER,False
2025-04-29,yellow,OUTER,5658.0,8.74632710811532,0.21022258401220623,-0.5018554821287965,-10.012674761056871,OUTER,False
2025-04-30,yellow,OUTER,6008.0,8.674788306350427,0.1275358855508431,0.2043259195715213,2.6401388488434208,OUTER,False
2025-05-01,yellow,OUTER,6379.0,8.754981601479347,0.19013683596761055,0.030425576049843008,0.5801788320911383,OUTER,False
2025-05-02,yellow,OUTER,7126.0,8.89111222770141,0.1190326407140159,-0.1647185294555881,-1.9415916745094908,OUTER,False
2025-05-03,yellow,OUTER,11994.0,9.139871821174001,0.11945097921207394,2.112079651574359,28.696918179036544,OUTER,False
2025-05-04,yellow,OUTER,13552.0,9.397042185965795,0.1551117237872317,0.7558889042253887,12.439738113580145,OUTER,False
2025-05-05,yellow,OUTER,8028.0,8.690093543983249,0.1211842757298452,2.4804964515618937,35.066513800278834,OUTER,False
2025-05-06,yellow,OUTER,7391.0,8.655284170869017,0.14075201557002381,1.7955988117991508,28.754094103957506,OUTER,False
2025-05-07,yellow,OUTER,6912.0,8.685981233566233,0.14413051944099675,1.075643642435673,16.769658427012303,OUTER,False
2025-05-08,yellow,OUTER,7249.0,8.773993476435628,0.15774684765978153,0.7266410236765349,12.145318495454283,OUTER,False
2025-05-09,yellow,OUTER,8695.0,8.89111222770141,0.11108770012125888,1.6148610412418045,19.64887179204875,OUTER,False
2025-05-10,yellow,OUTER,10319.0,9.28385183508097,0.27940511001210877,-0.15071198935277366,-4.123540163978079,OUTER,False
2025-05-11,yellow,OUTER,13410.0,9.48196674367657,0.058492096590389175,0.3725158417852409,2.2028351508873056,OUTER,False
2025-05-12,yellow,OUTER,7293.0,8.772149967393698,0.19771986152663393,0.6196661005350277,13.034206080084276,OUTER,False
2025-05-13,yellow,OUTER,6930.0,8.733872142400685,0.20926429887514397,0.5244227055124276,11.599116781469565,OUTER,False
2025-05-14,yellow,OUTER,7504.0,8.770930751963931,0.1909709630467205,0.7972978524744555,16.44638176604838,OUTER,False
2025-05-15,yellow,OUTER,7356.0,8.837919567965088,0.175844669927558,0.37164628183525544,6.75347494396521,OUTER,False
2025-05-16,yellow,OUTER,8831.0,8.963850416987857,0.18726218431731947,0.6524174697968994,12.994970228450796,OUTER,False
2025-05-17,yellow,OUTER,13896.0,9.29722487418941,0.197589768220851,1.225424959560118,27.396162334292562,OUTER,False
2025-05-18,yellow,OUTER,13354.0,9.484059109605525,0.05538995486412196,0.28005321272316824,1.5633072500222056,OUTER,False
2025-05-19,yellow,OUTER,5637.0,8.862775800300554,0.12754843442880764,-1.7692770062570857,-20.20174206977937,OUTER,False
2025-05-20,yellow,OUTER,5566.0,8.839485531652777,0.17307120781576577,-1.242572882462719,-19.35017808710626,OUTER,False
2025-05-21,yellow,OUTER,5832.0,8.90154072917976,0.15785906809163502,-1.4596909653457952,-20.580436428083658,OUTER,False
2025-05-22,yellow,OUTER,6550.0,8.931612834996155,0.06674789911775898,-2.1632517019317015,-13.445205170374452,OUTER,False
2025-05-23,yellow,OUTER,6754.0,9.078263482128593,0.1314290922165306,-1.981093202364303,-22.923617953256414,OUTER,False
2025-05-24,yellow,OUTER,8422.0,9.417124307913056,0.17838840443811338,-2.1218963215879842,-31.51268902987061,OUTER,False
2025-05-25,yellow,OUTER,13679.0,9.501663610346768,0.04066691193530882,0.5398363853542665,2.2196229510461185,OUTER,False
2025-05-26,yellow,OUTER,11122.0,8.862775800300554,0.12754843442880764,3.5586842714271474,57.44477997160071,OUTER,True
2025-05-27,yellow,OUTER,8174.0,8.839485531652777,0.17307120781576577,0.9777948314290903,18.43903059935197,OUTER,False
2025-05-28,yellow,OUTER,8493.0,8.90154072917976,0.17639145583985838,0.8246252286295855,15.6567821358514,OUTER,False
2025-05-29,yellow,OUTER,7835.0,8.931612834996155,0.11445195704960304,0.3035624788740707,3.5353919832238567,OUTER,False
2025-05-30,yellow,OUTER,9478.0,9.0588093688308,0.11482132716101191,0.8527965676569987,10.287370647903682,OUTER,False
2025-05-31,yellow,OUTER,12608.0,9.374814120297465,0.2177886275269385,0.3088898284731322,6.958710604394103,OUTER,False
2025-06-01,yellow,OUTER,12892.0,9.514363201293946,0.014723042928811825,-3.396102191671951,-4.8771487117765915,OUTER,False
2025-06-02,yellow,OUTER,6759.0,8.886862462513252,0.11245811324173172,-0.6067346449804912,-6.595646772961594,OUTER,False
2025-06-03,yellow,OUTER,8139.0,8.839485531652777,0.08155532623264852,2.0223948243889986,17.93189014535428,OUTER,False
2025-06-04,yellow,OUTER,9065.0,8.90154072917976,0.09661810474016867,2.1800820309572932,23.446218069173863,OUTER,False
2025-06-05,yellow,OUTER,11684.0,8.963155119529109,0.09964543186435734,4.042538994932187,49.603839447433494,OUTER,True
2025-06-06,yellow,OUTER,11802.0,9.078263482128593,0.09972462244795,2.985830361442913,34.68395927090129,OUTER,False
2025-06-07,yellow,OUTER,13843.0,9.399776624482069,0.17399844633411266,0.7802273357371362,14.540506637660865,OUTER,False
2025-06-08,yellow,OUTER,13619.0,9.501663610346768,0.0439256174540467,0.3997108348119921,1.7712584962567002,OUTER,False
2025-06-09,yellow,OUTER,6950.0,8.85902072776953,0.05636847711811994,-0.22217717864628045,-1.244569292304254,OUTER,False
2025-06-10,yellow,OUTER,6621.0,8.853686141894094,0.1360845685208341,-0.4091900174612632,-5.416244928920511,OUTER,False
2025-06-11,yellow,OUTER,7186.0,8.94611217036018,0.1544133544528623,-0.42886318298934817,-6.407712339297856,OUTER,False
2025-06-12,yellow,OUTER,7785.0,8.972508322214903,0.10715480881188554,-0.11715981845336086,-1.2475762245747979,OUTER,False
2025-06-13,yellow,OUTER,8494.0,9.121376069998167,0.18418860732544,-0.4031778088953137,-7.15704342070439,OUTER,False
2025-06-14,yellow,OUTER,11530.0,9.479756273894964,0.08553025167333739,-1.4854236734517186,-11.930918341714214,OUTER,False
2025-06-15,yellow,OUTER,12262.0,9.507004115056937,0.03739934161551524,-2.479824048448703,-8.857300993115548,OUTER,False
2025-06-16,yellow,OUTER,7180.0,8.842741866027811,0.14606023959852943,0.24861520229098732,3.6980159027261372,OUTER,False
2025-06-17,yellow,OUTER,6873.0,8.850210888980833,0.15301981791594757,-0.09707839194650082,-1.474512787961113,OUTER,False
2025-06-18,yellow,OUTER,7856.0,8.883356907094324,0.1544133544528623,0.554848013266438,8.945322608610716,OUTER,False
2025-06-19,yellow,OUTER,7932.0,8.963155119529109,0.11895638034039051,0.13034500601152826,1.5626202068677264,OUTER,False
2025-06-20,yellow,OUTER,9673.0,9.037547062627713,0.13687764960552803,1.0194996477291818,14.975251579020199,OUTER,False
2025-06-21,yellow,OUTER,16388.0,9.453340865206552,0.10216272113784923,2.456510267787213,28.526352283766677,OUTER,False
2025-06-22,yellow,OUTER,16459.0,9.468764155682212,0.07126104290530764,3.365984464759931,27.107571719267742,OUTER,False
2025-06-23,yellow,OUTER,10683.0,8.862775800300554,0.05744195755026789,7.200889198167732,51.23022697685773,OUTER,True
2025-06-24,yellow,OUTER,9348.0,8.850210888980833,0.04808858937129178,6.08682455661006,34.00498391650504,OUTER,True
2025-06-25,yellow,OUTER,8708.0,8.883356907094324,0.07269110527602317,2.595097633249709,20.760675824310336,OUTER,False
2025-06-26,yellow,OUTER,8425.0,8.963155119529109,0.10634904786298895,0.7127815172272413,7.875072521792825,OUTER,False
2025-06-27,yellow,OUTER,8285.0,9.13648902555206,0.14669135423163732,-0.7790990565873901,-10.799817076415108,OUTER,False
2025-06-28,yellow,OUTER,11585.0,9.479756273894964,0.049574861796870894,-2.466771113342902,-11.510814309519512,OUTER,False
2025-06-29,yellow,OUTER,13554.0,9.451158080448586,0.043666825140922,1.44912997551935,6.532392223254391,OUTER,False
2025-06-30,yellow,OUTER,6898.0,8.891638699705492,0.08157699796853471,-0.6454258862162827,-5.128980485963619,OUTER,False
2025-07-01,yellow,OUTER,6774.0,8.866718283168879,0.045527687366974,-1.0075462305260248,-4.483506804118242,OUTER,False
2025-07-02,yellow,OUTER,6896.0,8.883356907094324,0.06552356260537155,-0.6815883168589044,-4.36775143724788,OUTER,False
2025-07-03,yellow,OUTER,8500.0,8.969307286953892,0.0997791377987478,0.786879474573907,8.167866678279069,OUTER,False
2025-07-04,yellow,OUTER,11566.0,9.049991412012417,0.06971742562411395,4.386760181804024,35.77563933514969,OUTER,True
2025-07-05,yellow,OUTER,13292.0,9.461132004197097,0.09220175038272581,0.36643149546667353,3.436284171128734,OUTER,False
2025-07-06,yellow,OUTER,10814.0,9.455559993195472,0.07426095611091951,-2.2483298357233426,-15.376918299889653,OUTER,False
2025-07-07,yellow,OUTER,6814.0,8.891638699705492,0.0724944456105281,-0.89529757677263,-6.284266893499124,OUTER,False
2025-07-08,yellow,OUTER,7071.0,8.836010278739515,0.05313466404216642,0.5221998363009734,2.813544363691367,OUTER,False
2025-07-09,yellow,OUTER,7236.0,8.86066475902027,0.030536486046079787,0.8566502201805984,2.6504239472298075,OUTER,False
2025-07-10,yellow,OUTER,6938.0,8.969307286953892,0.0997791377987478,-1.2481412665179448,-11.70956952777653,OUTER,False
2025-07-11,yellow,OUTER,7880.0,9.049991412012417,0.06696467184894377,-1.1634228468442958,-7.49506847994299,OUTER,False
2025-07-12,yellow,OUTER,12895.0,9.434412800742525,0.11230394595574762,0.26875384757017545,3.0642214921727584,OUTER,False
2025-07-13,yellow,OUTER,13006.0,9.422670683498357,0.13050976708384432,0.3869088579270939,5.1792009250833715,OUTER,False
2025-07-14,yellow,OUTER,8231.0,8.85902072776953,0.0501555485944299,3.123125348897323,16.957690669790537,OUTER,False
2025-07-15,yellow,OUTER,6882.0,8.849556581362924,0.04808858937129178,-0.26808844206177823,-1.280924920572235,OUTER,False
2025-07-16,yellow,OUTER,6963.0,8.86728171791778,0.03567657043144907,-0.5302085583472631,-1.8738237773785915,OUTER,False
2025-07-17,yellow,OUTER,7364.0,8.922480027747351,0.11020977988587641,-0.164427198866999,-1.795827861464605,OUTER,False
2025-07-18,yellow,OUTER,8333.0,9.04442724899151,0.09548141123486802,-0.1722684488695221,-1.6313897758926,OUTER,False
2025-07-19,yellow,OUTER,13480.0,9.434412800742525,0.10189256908031648,0.7316488768185752,7.7398763640549095,OUTER,False
2025-07-20,yellow,OUTER,12470.0,9.403801536211454,0.13343398643587706,0.20444193560639382,2.7654994727947413,OUTER,False
2025-07-21,yellow,OUTER,7363.0,8.836661883757213,0.0605350858041065,1.116061086129995,6.989536461381185,OUTER,False
2025-07-22,yellow,OUTER,7228.0,8.828755809867571,0.08739073167542948,0.6518064416270638,5.86154148132314,OUTER,False
2025-07-23,yellow,OUTER,6836.0,8.857564410867914,0.023488278587533946,-1.175325238482279,-2.7228793347018,OUTER,False
2025-07-24,yellow,OUTER,7089.0,8.882712542935366,0.13628483622949242,-0.12043142534735088,-1.6279018062102302,OUTER,False
2025-07-25,yellow,OUTER,9102.0,9.025090372121436,0.04849638250433837,1.8797087895575717,9.544325062805893,OUTER,False
2025-07-26,yellow,OUTER,12806.0,9.384311474136389,0.14150646012206394,0.5184047136722917,7.611530409972467,OUTER,False
2025-07-27,yellow,OUTER,12556.0,9.354015438159067,0.11071365212410132,0.7581583498725926,8.756198472292475,OUTER,False
2025-07-28,yellow,OUTER,7371.0,8.836661883757213,0.05973009047591661,1.1492829976501375,7.105782053081722,OUTER,False
2025-07-29,yellow,OUTER,7113.0,8.828755809867571,0.09927990639966833,0.41220390258224837,4.177247448346955,OUTER,False
2025-07-30,yellow,OUTER,7118.0,8.849656573456475,0.025369751215346997,0.8169371641738796,2.0941757114481874,OUTER,False
2025-07-31,yellow,OUTER,8358.0,8.86368305468639,0.04417385559849254,3.787113125058041,18.20986648746883,OUTER,True
2025-08-01,yellow,OUTER,8543.0,9.031982899606806,0.10687045278169198,0.19541990326805952,2.110422324306138,OUTER,False
2025-08-02,yellow,OUTER,12224.0,9.392585040914254,0.13761293763865018,0.13495439317496655,1.8744992773652047,OUTER,False
2025-08-03,yellow,OUTER,11366.0,9.400365096567572,0.11992061347874161,-0.5168700602210785,-6.010148725393494,OUTER,False
2025-08-04,yellow,OUTER,6866.0,8.904765699279002,0.14017595925639303,-0.5024308421713425,-6.800583520094472,OUTER,False
2025-08-05,yellow,OUTER,6322.0,8.866718283168879,0.06857454715464374,-1.6759482222192554,-10.856913199828078,OUTER,False
2025-08-06,yellow,OUTER,6981.0,8.86728171791778,0.0421546192299447,-0.38748460419671643,-1.6201585221714665,OUTER,False
2025-08-07,yellow,OUTER,7052.0,8.885329054103993,0.13803422275396407,-0.17577170430754302,-2.3970541940225187,OUTER,False
2025-08-08,yellow,OUTER,8002.0,9.04442724899151,0.10687045278169198,-0.533173183898883,-5.538747268293831,OUTER,False
2025-08-09,yellow,OUTER,10573.0,9.369328751578031,0.13610750233302554,-0.7587376821655719,-9.81164694771186,OUTER,False
2025-08-10,yellow,OUTER,10669.0,9.400365096567572,0.09991563611384681,-1.2537324711957762,-11.773911380540458,OUTER,False
2025-08-11,yellow,OUTER,6793.0,8.904765699279002,0.1322521851526316,-0.6133565959162172,-7.791489055054013,OUTER,False
2025-08-12,yellow,OUTER,6321.0,8.877698513222818,0.06857454715464374,-1.8383761319812486,-11.844317104220082,OUTER,False
2025-08-13,yellow,OUTER,7074.0,8.86066475902027,0.07138258711933608,0.049264265797430214,0.3522801275156029,OUTER,False
2025-08-14,yellow,OUTER,6985.0,8.912039598945015,0.12595272589201012,-0.4804923976464102,-5.872442342950701,OUTER,False
2025-08-15,yellow,OUTER,8400.0,9.068538803991794,0.08309310692972215,-0.3917511375272139,-3.20277109796252,OUTER,False
2025-08-16,yellow,OUTER,11040.0,9.33710311912323,0.11044109107270303,-0.25192434285013177,-2.743931002439992,OUTER,False
2025-08-17,yellow,OUTER,11727.0,9.356609532857327,0.1158085175401194,0.1125963951591124,1.3125008202193866,OUTER,False
2025-08-18,yellow,OUTER,5928.0,8.90088416803902,0.055769681766353295,-3.8272049311185006,-19.22009897242517,OUTER,True
2025-08-19,yellow,OUTER,6058.0,8.877698513222818,0.0520638423776004,-3.2376312223193993,-15.512240629230313,OUTER,False
2025-08-20,yellow,OUTER,6558.0,8.877357625636435,0.05471517143115644,-1.6250825119631986,-8.507818754979334,OUTER,False
2025-08-21,yellow,OUTER,6228.0,8.931809229026939,0.11195975684103934,-1.741685598244996,-17.7164269026996,OUTER,False
2025-08-22,yellow,OUTER,6957.0,9.068538803991794,0.05949856437430348,-3.7149665776408964,-19.831152205776824,OUTER,True
2025-08-23,yellow,OUTER,9371.0,9.318390655790424,0.07457839371613205,-2.3199153809231987,-15.887547539778224,OUTER,False
2025-08-24,yellow,OUTER,10740.0,9.354015438159067,0.07506448276737161,-0.9629729990976612,-6.9734332914604735,OUTER,False
2025-08-25,yellow,OUTER,8207.0,8.869995078442273,0.052611311700345074,2.7132501466695707,15.343869374529007,OUTER,False
2025-08-26,yellow,OUTER,7549.0,8.805364057371056,0.10908684024123429,1.1349336500606568,13.1796649924812,OUTER,False
2025-08-27,yellow,OUTER,7956.0,8.877357625636435,0.039392283157296905,2.6483363231537562,10.996003962394575,OUTER,False
2025-08-28,yellow,OUTER,8496.0,8.931809229026939,0.11195975684103934,1.0319914736759153,12.248111277242169,OUTER,False
2025-08-29,yellow,OUTER,9289.0,9.04597247784529,0.03596898478825063,2.519217767075574,9.484599062133437,OUTER,False
2025-08-30,yellow,OUTER,11243.0,9.289698947921565,0.037928995894701424,0.9966529019945991,3.8525629970956876,OUTER,False
2025-08-31,yellow,OUTER,13218.0,9.313131130782395,0.051471627546353135,3.4233167600795578,19.26809654297983,OUTER,False
2025-09-01,yellow,OUTER,10018.0,8.869995078442273,0.060790479723726455,5.628244373629309,40.79625726745844,OUTER,True
2025-09-02,yellow,OUTER,8312.0,8.805364057371056,0.11324386781802506,1.9435178226310486,24.619072117830697,OUTER,False
2025-09-03,yellow,OUTER,8018.0,8.87425727748408,0.039392283157296905,2.9241010290878333,12.208326515870427,OUTER,False
2025-09-04,yellow,OUTER,8440.0,8.89039359952741,0.11640985637465122,1.2915056572076578,16.22339685850134,OUTER,False
2025-09-05,yellow,OUTER,9255.0,9.037532213685184,0.04848252043202315,1.9674515778558779,10.008451791667605,OUTER,False
2025-09-06,yellow,OUTER,10532.0,9.289698947921565,0.04554705172307552,-0.6043295068299644,-2.715005471367893,OUTER,False
2025-09-07,yellow,OUTER,10536.0,9.313131130782395,0.07009105309535729,-0.7216026172479971,-4.932012015672937,OUTER,False
2025-09-08,yellow,OUTER,7275.0,8.879943781112836,0.08194596041060197,0.14955357000455283,1.2330714968294743,OUTER,False
2025-09-09,yellow,OUTER,7246.0,8.826805311674985,0.13160868267868883,0.4665312237030659,6.332369069970345,OUTER,False
2025-09-10,yellow,OUTER,7527.0,8.888266138621214,0.04519988532154142,0.8403936457603284,3.8716375402527703,OUTER,False
2025-09-11,yellow,OUTER,7478.0,8.942852460439992,0.1402667962758856,-0.16491290538521952,-2.2866315725147524,OUTER,False
2025-09-12,yellow,OUTER,8815.0,9.037532213685184,0.07396432582040242,0.6310864140116426,4.778444359108591,OUTER,False
2025-09-13,yellow,OUTER,11461.0,9.266145548314121,0.07880031616766199,1.0223270933478512,8.389355118597308,OUTER,False
2025-09-14,yellow,OUTER,11788.0,9.288159986241968,0.0722901727697084,1.1990199261487622,9.054476698645209,OUTER,False
2025-09-15,yellow,OUTER,7314.0,8.87727052777802,0.14262108465432832,0.14216040342455463,2.0482006359282545,OUTER,False
2025-09-16,yellow,OUTER,7037.0,8.84806708074305,0.09970261257587258,0.10902564077974604,1.0929435860876913,OUTER,False
2025-09-17,yellow,OUTER,7218.0,8.898143002989329,0.09659475732146403,-0.14296653534348228,-1.3714899689189264,OUTER,False
2025-09-18,yellow,OUTER,7661.0,8.93076388695011,0.1533287460022981,0.08565853376583041,1.322054427837016,OUTER,False
2025-09-19,yellow,OUTER,8426.0,9.041817483444136,0.13079451017579743,-0.02094920422493911,-0.27362904193695137,OUTER,False
2025-09-20,yellow,OUTER,10616.0,9.232039206885641,0.11575911765867616,0.32894488051195725,3.8812640527667197,OUTER,False
2025-09-21,yellow,OUTER,11290.0,9.272141805742987,0.0965527659860996,0.6165628792995075,6.133850425394138,OUTER,False
2025-09-22,yellow,OUTER,6959.0,8.894872345374509,0.1165246298857735,-0.4040457418814484,-4.599014798713008,OUTER,False
2025-09-23,yellow,OUTER,6044.0,8.867112175037466,0.08030009917850162,-1.9961476173089236,-14.810402241652543,OUTER,False
2025-09-24,yellow,OUTER,7362.0,8.888266138621214,0.09740770790391169,0.16241810487276134,1.5946586384137706,OUTER,False
2025-09-25,yellow,OUTER,8054.0,8.93076388695011,0.1533287460022981,0.41192702678428356,6.51975282101549,OUTER,False
2025-09-26,yellow,OUTER,8572.0,9.033228026416884,0.13079451017579743,0.17606495980321532,2.3295529279614424,OUTER,False
2025-09-27,yellow,OUTER,11060.0,9.232039206885641,0.09353417531227641,0.8451570554480461,8.225958969819104,OUTER,False
2025-09-28,yellow,OUTER,10879.0,9.248353896749277,0.15552637642177994,0.2972853141412874,4.732124351757161,OUTER,False
2025-09-29,yellow,OUTER,7587.0,8.8550665141806,0.15064024798380318,0.5252581711494708,8.233962896522073,OUTER,False
2025-09-30,yellow,OUTER,7153.0,8.807760217380569,0.13445962417865134,0.5022095751070625,6.98590498962095,OUTER,False
2025-10-01,yellow,OUTER,6984.0,8.888266138621214,0.10316216274226475,-0.35758305294487264,-3.621693027617179,OUTER,False
2025-10-02,yellow,OUTER,6542.0,8.942852460439992,0.055007044078648655,-2.8515302897824166,-14.517136098875605,OUTER,False
2025-10-03,yellow,OUTER,8328.0,9.047666899566215,0.13079451017579743,-0.1551157555782762,-2.0083866726021804,OUTER,False
2025-10-04,yellow,OUTER,9916.0,9.266145548314121,0.12137754966703167,-0.5292630748871402,-6.222070905155597,OUTER,False
2025-10-05,yellow,OUTER,10241.0,9.257593263794774,0.11252303350310033,-0.2083014738372725,-2.316616065277688,OUTER,False
2025-10-06,yellow,OUTER,7061.0,8.809890750688545,0.15064024798380318,0.34818857197739567,5.38511464069833,OUTER,False
2025-10-07,yellow,OUTER,6599.0,8.778668192189635,0.13112704897019614,0.12205879198444612,1.6133978631116763,OUTER,False
2025-10-08,yellow,OUTER,7275.0,8.801030066152016,0.11389542211320987,0.800462601535086,9.545414972098687,OUTER,False
2025-10-09,yellow,OUTER,7645.0,8.876810299222846,0.13114035849199643,0.49562788974901256,6.71556299064755,OUTER,False
2025-10-10,yellow,OUTER,7758.0,9.033228026416884,0.13292140357561877,-0.5773951850674689,-7.387695798515526,OUTER,False
2025-10-11,yellow,OUTER,9730.0,9.236011234583563,0.14216049597259822,-0.37311391635645946,-5.165987497650304,OUTER,False
2025-10-12,yellow,OUTER,9117.0,9.243393917120937,0.11252303350310033,-1.1153079652138644,-11.794232639298318,OUTER,False
2025-10-13,yellow,OUTER,5693.0,8.809890750688545,0.1426114266855238,-1.1422515398900954,-15.032225230208752,OUTER,False
2025-10-14,yellow,OUTER,6774.0,8.721655337197092,0.1449475953323287,0.6843279873198556,10.427796513875798,OUTER,False
2025-10-15,yellow,OUTER,6309.0,8.801030066152016,0.1293362010428324,-0.39662214729979467,-5.000409201515987,OUTER,False
2025-10-16,yellow,OUTER,6863.0,8.863902663230746,0.14140941604289578,-0.21216918336618948,-2.9557106372343434,OUTER,False
2025-10-17,yellow,OUTER,7368.0,8.99192922914736,0.15347084615036272,-0.5670630832839242,-8.334825124931633,OUTER,False
2025-10-18,yellow,OUTER,9461.0,9.192437034167565,0.26099030855538,-0.1436975559387968,-3.680911667908726,OUTER,False
2025-10-19,yellow,OUTER,9700.0,9.17602531583017,0.14468119406011548,0.02665065550746277,0.3863292009487207,OUTER,False
2025-10-20,yellow,OUTER,4631.0,8.809890750688545,0.16329459699371665,-2.261940388768687,-30.882528551044608,OUTER,False
2025-10-21,yellow,OUTER,5427.0,8.765581376192488,0.1235679529621757,-1.3469479597192195,-15.332604730471777,OUTER,False
2025-10-22,yellow,OUTER,5792.0,8.801030066152016,0.11972641885144698,-1.1425810059198205,-12.78528611430987,OUTER,False
2025-10-23,yellow,OUTER,6452.0,8.8878535306359,0.1489631833239426,-0.7767563018519547,-10.9264801375896,OUTER,False
2025-10-24,yellow,OUTER,6969.0,8.99192922914736,0.12802775958050447,-1.114619268324448,-13.298777998866418,OUTER,False
2025-10-25,yellow,OUTER,7489.0,9.173528081319386,0.12301058484582071,-2.0513480639596486,-22.301755724757932,OUTER,False
2025-10-26,yellow,OUTER,7201.0,9.175688376322045,0.09074978428790868,-3.2365166967378785,-25.450972669559,OUTER,False
2025-10-27,yellow,OUTER,5969.0,8.784920542731648,0.1613684351748035,-0.5613604325088075,-8.660408867227732,OUTER,False
2025-10-28,yellow,OUTER,5754.0,8.802193470945845,0.1028907921692936,-1.4048188743315742,-13.458223803917502,OUTER,False
2025-10-29,yellow,OUTER,6190.0,8.79381909605801,0.11559683750457816,-0.5461112236471711,-6.117738908091819,OUTER,False
2025-10-30,yellow,OUTER,7808.0,8.809949075503482,0.12614830937711702,1.2125018031925503,16.527260177959846,OUTER,False
2025-10-31,yellow,OUTER,10034.0,8.87706429968683,0.10912991302122468,3.0850414523091265,40.02773236942867,OUTER,False
2025-11-01,yellow,OUTER,12405.0,9.038061960476906,0.21310636186587537,1.81971543342786,47.37245968653052,OUTER,False
2025-11-02,yellow,OUTER,10432.0,9.114815424903481,0.09484972734261309,1.4530127088835085,14.776647620236982,OUTER,False
2025-11-03,yellow,OUTER,6451.0,8.751508034325031,0.15963846171323032,0.12830493345648084,2.0693606130565367,OUTER,False
2025-11-04,yellow,OUTER,6226.0,8.802193470945845,0.1831865737961195,-0.358673229062178,-6.359211227527039,OUTER,False
2025-11-05,yellow,OUTER,6315.0,8.79334381085112,0.1515362495155247,-0.28152192101176116,-4.1763608342270775,OUTER,False
2025-11-06,yellow,OUTER,6264.0,8.952355623228046,0.1873188165153363,-1.119916244720832,-18.923852923546068,OUTER,False
2025-11-07,yellow,OUTER,6696.0,8.930690712967527,0.1939575116431715,-0.6260396917321003,-11.434261410403368,OUTER,False
2025-11-08,yellow,OUTER,7060.0,9.159510176081582,0.22589475201009543,-1.3161432169128402,-25.718618088763424,OUTER,False
2025-11-09,yellow,OUTER,8535.0,9.14469583486876,0.09608112960373895,-0.9654882287792035,-8.859252602259415,OUTER,False
2025-11-10,yellow,OUTER,6034.0,8.784920542731648,0.21133559292454446,-0.3773861369443642,-7.665757598400413,OUTER,False
2025-11-11,yellow,OUTER,5204.0,8.815280286942993,0.1647697712183962,-1.566412609558693,-22.74800515524661,OUTER,False
2025-11-12,yellow,OUTER,5930.0,8.79381909605801,0.14285954971523512,-0.7422647227826954,-10.061097209205961,OUTER,False
2025-11-13,yellow,OUTER,6046.0,8.974925458749846,0.19474815632987288,-1.374972109912434,-23.49187819539046,OUTER,False
2025-11-14,yellow,OUTER,6741.0,8.991255118728684,0.27656918795760776,-0.6338072551383221,-16.078769386015633,OUTER,False
2025-11-15,yellow,OUTER,7299.0,9.159510176081582,0.37410767515047466,-0.7057260841380899,-23.2039934036662,OUTER,False
2025-11-16,yellow,OUTER,9061.0,9.175688376322045,0.14878087365766035,-0.429851005224901,-6.1951483625711345,OUTER,False
2025-11-17,yellow,OUTER,7571.0,8.784920542731648,0.2033506103323733,0.723675700462021,15.853919327562238,OUTER,False
2025-11-18,yellow,OUTER,7367.0,8.77310144575491,0.2586576053809062,0.5090296909461082,14.072542862659244,OUTER,False
2025-11-19,yellow,OUTER,8271.0,8.79381909605801,0.17466938037931282,1.2978325287558186,25.444294263517286,OUTER,False
2025-11-20,yellow,OUTER,7998.0,9.024746846316468,0.3001660088163153,-0.12593050445240736,-3.709455206374568,OUTER,False
2025-11-21,yellow,OUTER,8757.0,9.015789678437267,0.3012273912893283,0.20522363793132234,6.376976484957142,OUTER,False
2025-11-22,yellow,OUTER,9548.0,9.073554479094433,0.32467512663076253,0.2788402958482417,9.47570958256636,OUTER,False
2025-11-23,yellow,OUTER,9619.0,9.175428470811848,0.15599380855720654,-0.02521178690108876,-0.39251590049541596,OUTER,False
2025-11-24,yellow,OUTER,6620.0,8.95036567073909,0.21503772638778756,-0.7092477416404593,-14.145400305363065,OUTER,False
2025-11-25,yellow,OUTER,6699.0,8.926415975070874,0.26404585422549126,-0.44197790912083124,-11.015005764133468,OUTER,False
2025-11-26,yellow,OUTER,6884.0,9.014795656926943,0.15470349705025774,-1.1495570752207305,-16.292407320952094,OUTER,False
2025-11-27,yellow,OUTER,8836.0,9.036485163437783,0.17672258358001816,0.2835200803837146,5.138085596663378,OUTER,False
2025-11-28,yellow,OUTER,5205.0,9.12998049747912,0.30201596394783475,-1.8959445353324247,-43.59461291929413,OUTER,False
2025-11-29,yellow,OUTER,5487.0,9.19500269469911,0.3828414178224099,-1.5276971884777584,-44.28193459622114,OUTER,False
2025-11-30,yellow,OUTER,7510.0,9.205308880777125,0.11166100476911021,-2.519394631999298,-24.521182802427568,OUTER,False
2025-12-01,yellow,OUTER,7853.0,8.86496554351718,0.18930685187489402,0.5477105494639792,10.9251384989131,OUTER,False
2025-12-02,yellow,OUTER,7693.0,8.857239693595542,0.23591819784678525,0.38499111426062677,9.507889386342994,OUTER,False
2025-12-03,yellow,OUTER,8177.0,9.047744716868706,0.22488732317836238,-0.1719265548643839,-3.792618713183482,OUTER,False
2025-12-04,yellow,OUTER,8925.0,9.086023537468803,0.17090833081936477,0.06195174412082077,1.0644321141433766,OUTER,False
2025-12-05,yellow,OUTER,9724.0,8.815963560853438,0.38338342841795814,0.955671913349227,44.251594718884625,OUTER,False
2025-12-06,yellow,OUTER,10157.0,8.895492631451633,0.3982179922161074,0.8297610277451999,39.15604877380441,OUTER,False
2025-12-07,yellow,OUTER,10292.0,9.11173476822206,0.22332200953822043,0.5704202888151618,13.58569694294227,OUTER,False
2025-12-08,yellow,OUTER,8080.0,8.932080438103307,0.19900908542678397,0.326953481909109,6.7230220578523125,OUTER,False
2025-12-09,yellow,OUTER,8559.0,8.904765846682814,0.17268937310509855,0.8684540947839463,16.180263336500555,OUTER,False
2025-12-10,yellow,OUTER,8933.0,9.020510699691906,0.17830519871271874,0.4318262426772469,8.003868939668779,OUTER,False
2025-12-11,yellow,OUTER,10437.0,9.086306551004405,0.08129452902081039,2.0518713230129784,18.1524924207215,OUTER,False
2025-12-12,yellow,OUTER,11185.0,8.946786110187832,0.30408637214632583,1.234987155411514,45.578134554836566,OUTER,False
2025-12-13,yellow,OUTER,13103.0,9.029789809455178,0.34583117148049364,1.3035455399220268,56.95778237812321,OUTER,False
2025-12-14,yellow,OUTER,15603.0,9.141615178187337,0.1617925924142098,3.1744550018640822,67.13025696944203,OUTER,False
2025-12-15,yellow,OUTER,9890.0,8.95036567073909,0.1174872769695375,2.118644335779499,28.263140631413954,OUTER,False
2025-12-16,yellow,OUTER,9347.0,8.926415975070874,0.1816371061654581,1.191357562780097,24.159238859926102,OUTER,False
2025-12-17,yellow,OUTER,9328.0,9.047744716868706,0.06555089769389967,1.4192207123690421,9.749596752283708,OUTER,False
2025-12-18,yellow,OUTER,9910.0,9.086589564540008,0.014858679629073166,7.720071072774105,12.154821186057019,OUTER,True
2025-12-19,yellow,OUTER,11442.0,9.077608659522225,0.36282218987241205,0.7371032499426085,30.661185337444262,OUTER,False
2025-12-20,yellow,OUTER,10940.0,9.16408698745872,0.46925698936405863,0.29002037604530534,14.578969417679177,OUTER,False
2025-12-21,yellow,OUTER,10534.0,9.171495588152615,0.3669506808165885,0.24762949530031653,9.512423328828401,OUTER,False
2025-12-22,yellow,OUTER,8622.0,8.968650903374874,0.2532284572384083,0.3689216170687031,9.792436011715399,OUTER,False
2025-12-23,yellow,OUTER,8890.0,8.948066103458935,0.20512150983065855,0.7050271088995268,15.559599636032683,OUTER,False
2025-12-24,yellow,OUTER,8734.0,9.09750756370184,0.13110179538779934,-0.17184226645937295,-2.2276950632485915,OUTER,False
2025-12-25,yellow,OUTER,8831.0,9.148955616985937,0.0850345695417982,-0.7400764166413559,-6.099275065093779,OUTER,False
2025-12-26,yellow,OUTER,6452.0,9.252340604680121,0.12060486901163134,-3.9815570413555315,-38.13373615398826,OUTER,True
2025-12-27,yellow,OUTER,6142.0,9.263049738957736,0.18879286712742702,-2.8610404946729,-41.733567944888016,OUTER,False
2025-12-28,yellow,OUTER,6539.0,9.250742786722483,0.2508356493628845,-1.8546138092524336,-37.19925560503668,OUTER,False
2025-12-29,yellow,OUTER,6259.0,9.029609753411112,0.069253322317346,-4.156248925754671,-25.01139718653713,OUTER,True
2025-12-30,yellow,OUTER,6557.0,9.07371048419478,0.06528782942061255,-4.371749320877999,-24.830304673348657,OUTER,True
2025-12-31,yellow,OUTER,10489.0,9.086243148873674,0.04877544549003509,3.5230681618897233,18.7486892638848,OUTER,True
